{
"__comment": "Designed by MasterianoX",
"textures": {
    "particle": "entity/merchants/jeweler",
    "texture": "entity/merchants/jeweler"
},
"elements": [ 
{
    "from": [ 4.5, 10, 5.5 ],
    "to": [ 11.5, 15, 10.5 ],
    "faces": {
        "down":  { "uv": [ 6.25, 0, 8, 1.25 ], "texture": "#texture" },
        "up":    { "uv": [ 4.5, 0, 6.25, 1.25 ], "texture": "#texture" },
        "north": { "uv": [ 7.5, 1.25, 9.25, 2.5 ], "texture": "#texture" },
        "south": { "uv": [ 4.5, 1.25, 6.25, 2.5 ], "texture": "#texture" },
        "west":  { "uv": [ 3.25, 1.25, 4.5, 2.5 ], "texture": "#texture" },
        "east":  { "uv": [ 6.25, 1.25, 7.5, 2.5 ], "texture": "#texture" }
    }
},
{
    "from": [ 4.5, 11.5, 10.5 ],
    "to": [ 5, 13.5, 11 ],
    "faces": {
        "down":  { "uv": [ 0.25, 2.25, 0.5, 2.5 ], "texture": "#texture" },
        "up":    { "uv": [ 0.25, 2.25, 0.5, 2.5 ], "texture": "#texture" },
        "north": { "uv": [ 0.25, 2.25, 0.5, 2.5 ], "texture": "#texture" },
        "south": { "uv": [ 0.25, 2.25, 0.5, 2.5 ], "texture": "#texture" },
        "west":  { "uv": [ 0.25, 2.25, 0.5, 2.5 ], "texture": "#texture" },
        "east":  { "uv": [ 0.25, 2.25, 0.5, 2.5 ], "texture": "#texture" }
    }
},
{
    "from": [ 5, 13.5, 10.5 ],
    "to": [ 7, 14, 11 ],
    "faces": {
        "down":  { "uv": [ 0.25, 2.25, 0.5, 2.5 ], "texture": "#texture" },
        "up":    { "uv": [ 0.25, 2.25, 0.5, 2.5 ], "texture": "#texture" },
        "north": { "uv": [ 0.25, 2.25, 0.5, 2.5 ], "texture": "#texture" },
        "south": { "uv": [ 0.25, 2.25, 0.5, 2.5 ], "texture": "#texture" },
        "west":  { "uv": [ 0.25, 2.25, 0.5, 2.5 ], "texture": "#texture" },
        "east":  { "uv": [ 0.25, 2.25, 0.5, 2.5 ], "texture": "#texture" }
    }
},
{
    "from": [ 5, 11, 10.5 ],
    "to": [ 7, 11.5, 11 ],
    "faces": {
        "down":  { "uv": [ 0.25, 2.25, 0.5, 2.5 ], "texture": "#texture" },
        "up":    { "uv": [ 0.25, 2.25, 0.5, 2.5 ], "texture": "#texture" },
        "north": { "uv": [ 0.25, 2.25, 0.5, 2.5 ], "texture": "#texture" },
        "south": { "uv": [ 0.25, 2.25, 0.5, 2.5 ], "texture": "#texture" },
        "west":  { "uv": [ 0.25, 2.25, 0.5, 2.5 ], "texture": "#texture" },
        "east":  { "uv": [ 0.25, 2.25, 0.5, 2.5 ], "texture": "#texture" }
    }
},
{
    "from": [ 7, 11.5, 10.5 ],
    "to": [ 7.5, 13.5, 11 ],
    "faces": {
        "down":  { "uv": [ 0.25, 2.25, 0.5, 2.5 ], "texture": "#texture" },
        "up":    { "uv": [ 0.25, 2.25, 0.5, 2.5 ], "texture": "#texture" },
        "north": { "uv": [ 0.25, 2.25, 0.5, 2.5 ], "texture": "#texture" },
        "south": { "uv": [ 0.25, 2.25, 0.5, 2.5 ], "texture": "#texture" },
        "west":  { "uv": [ 0.25, 2.25, 0.5, 2.5 ], "texture": "#texture" },
        "east":  { "uv": [ 0.25, 2.25, 0.5, 2.5 ], "texture": "#texture" }
    }
},
{
    "from": [ 9, 13.5, 10.5 ],
    "to": [ 11, 14, 11 ],
    "faces": {
        "down":  { "uv": [ 0.25, 2.25, 0.5, 2.5 ], "texture": "#texture" },
        "up":    { "uv": [ 0.25, 2.25, 0.5, 2.5 ], "texture": "#texture" },
        "north": { "uv": [ 0.25, 2.25, 0.5, 2.5 ], "texture": "#texture" },
        "south": { "uv": [ 0.25, 2.25, 0.5, 2.5 ], "texture": "#texture" },
        "west":  { "uv": [ 0.25, 2.25, 0.5, 2.5 ], "texture": "#texture" },
        "east":  { "uv": [ 0.25, 2.25, 0.5, 2.5 ], "texture": "#texture" }
    }
},
{
    "from": [ 8.5, 11.5, 10.5 ],
    "to": [ 9, 13.5, 11 ],
    "faces": {
        "down":  { "uv": [ 0.25, 2.25, 0.5, 2.5 ], "texture": "#texture" },
        "up":    { "uv": [ 0.25, 2.25, 0.5, 2.5 ], "texture": "#texture" },
        "north": { "uv": [ 0.25, 2.25, 0.5, 2.5 ], "texture": "#texture" },
        "south": { "uv": [ 0.25, 2.25, 0.5, 2.5 ], "texture": "#texture" },
        "west":  { "uv": [ 0.25, 2.25, 0.5, 2.5 ], "texture": "#texture" },
        "east":  { "uv": [ 0.25, 2.25, 0.5, 2.5 ], "texture": "#texture" }
    }
},
{
    "from": [ 9, 11, 10.5 ],
    "to": [ 11, 11.5, 11 ],
    "faces": {
        "down":  { "uv": [ 0.25, 2.25, 0.5, 2.5 ], "texture": "#texture" },
        "up":    { "uv": [ 0.25, 2.25, 0.5, 2.5 ], "texture": "#texture" },
        "north": { "uv": [ 0.25, 2.25, 0.5, 2.5 ], "texture": "#texture" },
        "south": { "uv": [ 0.25, 2.25, 0.5, 2.5 ], "texture": "#texture" },
        "west":  { "uv": [ 0.25, 2.25, 0.5, 2.5 ], "texture": "#texture" },
        "east":  { "uv": [ 0.25, 2.25, 0.5, 2.5 ], "texture": "#texture" }
    }
},
{
    "from": [ 11, 11.5, 10.5 ],
    "to": [ 11.5, 13.5, 11 ],
    "faces": {
        "down":  { "uv": [ 0.25, 2.25, 0.5, 2.5 ], "texture": "#texture" },
        "up":    { "uv": [ 0.25, 2.25, 0.5, 2.5 ], "texture": "#texture" },
        "north": { "uv": [ 0.25, 2.25, 0.5, 2.5 ], "texture": "#texture" },
        "south": { "uv": [ 0.25, 2.25, 0.5, 2.5 ], "texture": "#texture" },
        "west":  { "uv": [ 0.25, 2.25, 0.5, 2.5 ], "texture": "#texture" },
        "east":  { "uv": [ 0.25, 2.25, 0.5, 2.5 ], "texture": "#texture" }
    }
},
{
    "from": [ 7.5, 12.5, 10.5 ],
    "to": [ 8.5, 13.5, 11 ],
    "faces": {
        "down":  { "uv": [ 0.25, 2.25, 0.5, 2.5 ], "texture": "#texture" },
        "up":    { "uv": [ 0.25, 2.25, 0.5, 2.5 ], "texture": "#texture" },
        "north": { "uv": [ 0.25, 2.25, 0.5, 2.5 ], "texture": "#texture" },
        "south": { "uv": [ 0.25, 2.25, 0.5, 2.5 ], "texture": "#texture" },
        "west":  { "uv": [ 0.25, 2.25, 0.5, 2.5 ], "texture": "#texture" },
        "east":  { "uv": [ 0.25, 2.25, 0.5, 2.5 ], "texture": "#texture" }
    }
},
{
    "from": [ 4, 12, 5.5 ],
    "to": [ 4.5, 13, 10.5 ],
    "faces": {
        "down":  { "uv": [ 0, 3, 1.25, 3.25 ], "rotation": 90, "texture": "#texture" },
        "up":    { "uv": [ 1.25, 3, 0, 3.25 ], "rotation": 90, "texture": "#texture" },
        "north": { "uv": [ 1, 3, 1.25, 3.25 ], "texture": "#texture" },
        "south": { "uv": [ 0, 3, 0.25, 3.25 ], "texture": "#texture" },
        "west":  { "uv": [ 1.25, 3, 0, 3.25 ], "texture": "#texture" },
        "east":  { "uv": [ 0, 3, 1.25, 3.25 ], "texture": "#texture" }
    }
},
{
    "from": [ 11.5, 12, 5.5 ],
    "to": [ 12, 13, 10.5 ],
    "faces": {
        "down":  { "uv": [ 0, 3, 1.25, 3.25 ], "rotation": 90, "texture": "#texture" },
        "up":    { "uv": [ 1.25, 3, 0, 3.25 ], "rotation": 90, "texture": "#texture" },
        "north": { "uv": [ 1, 3, 1.25, 3.25 ], "texture": "#texture" },
        "south": { "uv": [ 0, 3, 0.25, 3.25 ], "texture": "#texture" },
        "west":  { "uv": [ 1.25, 3, 0, 3.25 ], "texture": "#texture" },
        "east":  { "uv": [ 0, 3, 1.25, 3.25 ], "texture": "#texture" }
    }
},
{
    "from": [ 4.5, 12, 5 ],
    "to": [ 11.5, 13, 5.5 ],
    "faces": {
        "down":  { "uv": [ 1, 3, 1.25, 3.25 ], "texture": "#texture" },
        "up":    { "uv": [ 1, 3, 1.25, 3.25 ], "texture": "#texture" },
        "north": { "uv": [ 1, 3, 1.25, 3.25 ], "texture": "#texture" },
        "south": { "uv": [ 1, 3, 1.25, 3.25 ], "texture": "#texture" },
        "west":  { "uv": [ 1, 3, 1.25, 3.25 ], "texture": "#texture" },
        "east":  { "uv": [ 1, 3, 1.25, 3.25 ], "texture": "#texture" }
    }
},
{
    "from": [ 4, 3, 5 ],
    "to": [ 12, 10, 11 ],
    "faces": {
        "down":  { "uv": [ 5, 2.75, 7, 4.25 ], "texture": "#texture" },
        "up":    { "uv": [ 3, 2.75, 5, 4.25 ], "texture": "#texture" },
        "north": { "uv": [ 6.5, 4.25, 8.5, 6 ], "texture": "#texture" },
        "south": { "uv": [ 3, 4.25, 5, 6 ], "texture": "#texture" },
        "west":  { "uv": [ 1.5, 4.25, 3, 6 ], "texture": "#texture" },
        "east":  { "uv": [ 5, 4.25, 6.5, 6 ], "texture": "#texture" }
    }
},
{
    "from": [ 5.5, 12, 10.5 ],
    "to": [ 6.5, 13, 12.5 ],
    "faces": {
        "down":  { "uv": [ 0, 2.25, 0.5, 2.5 ], "rotation": 90, "texture": "#texture" },
        "up":    { "uv": [ 0, 2.25, 0.5, 2.5 ], "rotation": 90, "texture": "#texture" },
        "north": { "uv": [ 0.25, 2.25, 0.5, 2.5 ], "texture": "#texture" },
        "south": { "uv": [ 0.5, 2, 1.25, 2.75 ], "texture": "#texture" },
        "west":  { "uv": [ 0, 2.25, 0.5, 2.5 ], "texture": "#texture" },
        "east":  { "uv": [ 0, 2.25, 0.5, 2.5 ], "texture": "#texture" }
    }
},
{
    "from": [ 4.5, 2, 5.5 ],
    "to": [ 11.5, 3, 10.5 ],
    "faces": {
        "down":  { "uv": [ 0, 6.25, 1.75, 7.5 ], "texture": "#texture" },
        "up":    { "uv": [ 0, 6.25, 1.75, 7.5 ], "texture": "#texture" },
        "north": { "uv": [ 1.75, 7.25, 0, 7.5 ], "texture": "#texture" },
        "south": { "uv": [ 0, 6.25, 1.75, 6.5 ], "texture": "#texture" },
        "west":  { "uv": [ 0, 6.25, 0.25, 7.5 ], "rotation": 90, "texture": "#texture" },
        "east":  { "uv": [ 1.5, 7.5, 1.75, 6.25 ], "rotation": 90, "texture": "#texture" }
    }
},
{
    "from": [ 5, -3, 6.5 ],
    "to": [ 8, 2, 9.5 ],
    "faces": {
        "down":  { "uv": [ 1.5, 0, 2.25, 0.75 ], "texture": "#texture" },
        "up":    { "uv": [ 0.75, 0, 1.5, 0.75 ], "texture": "#texture" },
        "north": { "uv": [ 2.25, 0.75, 3, 2 ], "texture": "#texture" },
        "south": { "uv": [ 0.75, 0.75, 1.5, 2 ], "texture": "#texture" },
        "west":  { "uv": [ 0, 0.75, 0.75, 2 ], "texture": "#texture" },
        "east":  { "uv": [ 1.5, 0.75, 2.25, 2 ], "texture": "#texture" }
    }
},
{
    "from": [ 8, -3, 6.5 ],
    "to": [ 11, 2, 9.5 ],
    "faces": {
        "down":  { "uv": [ 1.5, 0, 2.25, 0.75 ], "texture": "#texture" },
        "up":    { "uv": [ 0.75, 0, 1.5, 0.75 ], "texture": "#texture" },
        "north": { "uv": [ 0.75, 0.75, 1.5, 2 ], "texture": "#texture" },
        "south": { "uv": [ 2.25, 0.75, 3, 2 ], "texture": "#texture" },
        "west":  { "uv": [ 0, 0.75, 0.75, 2 ], "texture": "#texture" },
        "east":  { "uv": [ 1.5, 0.75, 2.25, 2 ], "texture": "#texture" }
    }
},
{
    "from": [ 2, 1, 7 ],
    "to": [ 4, 8, 9 ],
    "rotation": { "origin": [ 2, 8, 7 ], "axis": "x", "angle": -45 },
    "faces": {
        "down":  { "uv": [ 0.75, 3.75, 1.25, 4.25 ], "texture": "#texture" },
        "up":    { "uv": [ 0.25, 3.75, 0.75, 4.25 ], "texture": "#texture" },
        "north": { "uv": [ 0, 4.25, 0.5, 6 ], "texture": "#texture" },
        "south": { "uv": [ 1, 4.25, 1.5, 6 ], "texture": "#texture" },
        "west":  { "uv": [ 0.25, 4.25, 0.75, 6 ], "texture": "#texture" },
        "east":  { "uv": [ 0.75, 4.25, 1.25, 6 ], "texture": "#texture" }
    }
},
{
    "from": [ 12, 1.75, 7 ],
    "to": [ 14, 8.75, 9 ],
    "rotation": { "origin": [ 12, 8.75, 7 ], "axis": "x", "angle": -22.5 },
    "faces": {
        "down":  { "uv": [ 0.75, 3.75, 1.25, 4.25 ], "texture": "#texture" },
        "up":    { "uv": [ 0.25, 3.75, 0.75, 4.25 ], "texture": "#texture" },
        "north": { "uv": [ 0, 4.25, 0.5, 6 ], "texture": "#texture" },
        "south": { "uv": [ 1, 4.25, 1.5, 6 ], "texture": "#texture" },
        "west":  { "uv": [ 0.25, 4.25, 0.75, 6 ], "texture": "#texture" },
        "east":  { "uv": [ 0.75, 4.25, 1.25, 6 ], "texture": "#texture" }
    }
},
{
    "from": [ 7, 14, 5.75 ],
    "to": [ 9, 16, 7.75 ],
    "rotation": { "origin": [ 7, 16, 5.75 ], "axis": "x", "angle": 45 },
    "faces": {
        "down":  { "uv": [ 9.5, 0, 10, 0.5 ], "texture": "#texture" },
        "up":    { "uv": [ 9.5, 0, 10, 0.5 ], "texture": "#texture" },
        "north": { "uv": [ 9.5, 0, 10, 0.5 ], "texture": "#texture" },
        "south": { "uv": [ 9.5, 0, 10, 0.5 ], "texture": "#texture" },
        "west":  { "uv": [ 9.5, 0, 10, 0.5 ], "texture": "#texture" },
        "east":  { "uv": [ 9.5, 0, 10, 0.5 ], "texture": "#texture" }
    }
},
{
    "from": [ 7.5, 14.75, 2.5 ],
    "to": [ 8.5, 15.75, 5.5 ],
    "faces": {
        "down":  { "uv": [ 8.75, 3.75, 9, 3 ], "texture": "#texture" },
        "up":    { "uv": [ 8.75, 3, 9, 3.75 ], "texture": "#texture" },
        "north": { "uv": [ 8.75, 3, 9, 3.25 ], "texture": "#texture" },
        "south": { "uv": [ 8.75, 3.5, 9, 3.75 ], "texture": "#texture" },
        "west":  { "uv": [ 8.75, 3.75, 9, 3 ], "rotation": 90, "texture": "#texture" },
        "east":  { "uv": [ 8.75, 3, 9, 3.75 ], "rotation": 90, "texture": "#texture" }
    }
},
{
    "from": [ 7, 9.5, 2 ],
    "to": [ 9, 15.5, 4 ],
    "rotation": { "origin": [ 7, 15.5, 2 ], "axis": "x", "angle": 22.5 },
    "faces": {
        "down":  { "uv": [ 10.5, 0.5, 11, 1 ], "rotation": 90, "texture": "#texture" },
        "up":    { "uv": [ 10, 0.5, 10.5, 1 ], "texture": "#texture" },
        "north": { "uv": [ 11, 1, 11.5, 2.75 ], "texture": "#texture" },
        "south": { "uv": [ 10, 1, 10.5, 2.75 ], "texture": "#texture" },
        "west":  { "uv": [ 9.5, 1, 10, 2.75 ], "texture": "#texture" },
        "east":  { "uv": [ 10.5, 1, 11, 2.75 ], "texture": "#texture" }
    }
},
{
    "from": [ 5.75, 10, 10.5 ],
    "to": [ 7.75, 10.5, 11 ],
    "rotation": { "origin": [ 5.75, 10.5, 10.5 ], "axis": "z", "angle": 22.5 },
    "faces": {
        "down":  { "uv": [ 8.75, 3.5, 9, 3.75 ], "texture": "#texture" },
        "up":    { "uv": [ 8.75, 3.5, 9, 3.75 ], "texture": "#texture" },
        "north": { "uv": [ 8.75, 3.5, 9, 3.75 ], "texture": "#texture" },
        "south": { "uv": [ 8.75, 3.5, 9, 3.75 ], "texture": "#texture" },
        "west":  { "uv": [ 8.75, 3.5, 9, 3.75 ], "texture": "#texture" },
        "east":  { "uv": [ 8.75, 3.5, 9, 3.75 ], "texture": "#texture" }
    }
},
{
    "from": [ 8.25, 10.8125, 10.5 ],
    "to": [ 10.25, 11.3125, 11 ],
    "rotation": { "origin": [ 8.25, 11.3125, 10.5 ], "axis": "z", "angle": -22.5 },
    "faces": {
        "down":  { "uv": [ 8.75, 3.5, 9, 3.75 ], "texture": "#texture" },
        "up":    { "uv": [ 8.75, 3.5, 9, 3.75 ], "texture": "#texture" },
        "north": { "uv": [ 8.75, 3.5, 9, 3.75 ], "texture": "#texture" },
        "south": { "uv": [ 8.75, 3.5, 9, 3.75 ], "texture": "#texture" },
        "west":  { "uv": [ 8.75, 3.5, 9, 3.75 ], "texture": "#texture" },
        "east":  { "uv": [ 8.75, 3.5, 9, 3.75 ], "texture": "#texture" }
    }
}
],
"display": {
    "thirdperson_righthand": {
        "rotation": [ 10, -45, -45 ],
        "translation": [ 0, 1.5, -2.75 ],
        "scale": [ 0.37, 0.37, 0.37 ]
    },
    "thirdperson_lefthand": {
        "rotation": [ 10, -45, -45 ],
        "translation": [ 0, 1.5, -2.75 ],
        "scale": [ 0.37, 0.37, 0.37 ]
    },
    "head": {
        "rotation": [ 0, -67, 0 ],
        "translation": [ 0, -22.87, -0.19 ],
        "scale": [ 2, 2, 2 ]
    },
    "ground": {
        "rotation": [ 0, 0, 0 ],
        "translation": [ 0, 5.1, 0 ],
        "scale": [ 0.5, 0.5, 0.5 ]
    },
    "fixed": {
        "rotation": [ 0, -180, 0 ],
        "translation": [ 0, 0.94, 0 ],
        "scale": [ 0.5, 0.5, 0.5 ]
    },
    "firstperson_righthand": {
        "rotation": [ 0, -37, 0 ],
        "translation": [ 0, 2.83, 0 ],
        "scale": [ 1, 1, 1 ]
    },
    "firstperson_lefthand": {
        "rotation": [ 0, -37, 0 ],
        "translation": [ -2.27, 2.83, 0 ],
        "scale": [ 1, 1, 1 ]
    },
    "gui": {
        "rotation": [ 45, 45, 0 ],
        "translation": [ 0, 0.57, 0 ],
        "scale": [ 0.5, 0.5, 0.5 ]
    }
}
}