{
"__comment": "Designed by MasterianoX",
"textures": {
    "particle": "vehicles/ships/gc_explorer/gc_explorer",
    "texture": "vehicles/ships/gc_explorer/gc_explorer"
},
"elements": [ 
{
    "from": [ 12, 0.5, 7 ],
    "to": [ 17, 2.5, 9 ],
    "faces": {
        "down":  { "uv": [ 7.75, 0, 9, 0.5 ], "texture": "#texture" },
        "up":    { "uv": [ 7.75, 0, 9, 0.5 ], "texture": "#texture" },
        "north": { "uv": [ 9, 0, 7.75, 0.5 ], "texture": "#texture" },
        "south": { "uv": [ 7.75, 0, 9, 0.5 ], "texture": "#texture" },
        "west":  { "uv": [ 7.75, 0, 8, 0.5 ], "texture": "#texture" },
        "east":  { "uv": [ 8.75, 0, 9, 0.5 ], "texture": "#texture" }
    }
},
{
    "from": [ 10.5, -0.5, 6 ],
    "to": [ 16.5, 2.5, 7 ],
    "faces": {
        "down":  { "uv": [ 8.25, 1, 10, 1.25 ], "texture": "#texture" },
        "up":    { "uv": [ 8.25, 0.5, 10, 0.75 ], "texture": "#texture" },
        "north": { "uv": [ 10, 0.5, 8.5, 1.25 ], "texture": "#texture" },
        "south": { "uv": [ 8.5, 0.5, 10, 1.25 ], "texture": "#texture" },
        "west":  { "uv": [ 8.5, 0.5, 8.75, 1.25 ], "texture": "#texture" },
        "east":  { "uv": [ 9.75, 0.5, 10, 1.25 ], "texture": "#texture" }
    }
},
{
    "from": [ 10.5, -0.5, 9 ],
    "to": [ 16.5, 2.5, 10 ],
    "faces": {
        "down":  { "uv": [ 8.25, 1, 10, 1.25 ], "texture": "#texture" },
        "up":    { "uv": [ 8.25, 0.5, 10, 0.75 ], "texture": "#texture" },
        "north": { "uv": [ 10, 0.5, 8.5, 1.25 ], "texture": "#texture" },
        "south": { "uv": [ 8.5, 0.5, 10, 1.25 ], "texture": "#texture" },
        "west":  { "uv": [ 8.5, 0.5, 8.75, 1.25 ], "texture": "#texture" },
        "east":  { "uv": [ 9.75, 0.5, 10, 1.25 ], "texture": "#texture" }
    }
},
{
    "from": [ 6.5, 1.5, 6 ],
    "to": [ 10.5, 2.5, 7 ],
    "faces": {
        "down":  { "uv": [ 8.5, 0.5, 8.75, 0.75 ], "texture": "#texture" },
        "up":    { "uv": [ 8.5, 0.5, 8.75, 0.75 ], "texture": "#texture" },
        "north": { "uv": [ 8.5, 0.5, 8.75, 0.75 ], "texture": "#texture" },
        "south": { "uv": [ 8.5, 0.5, 8.75, 0.75 ], "texture": "#texture" },
        "west":  { "uv": [ 8.5, 0.5, 8.75, 0.75 ], "texture": "#texture" },
        "east":  { "uv": [ 8.5, 0.5, 8.75, 0.75 ], "texture": "#texture" }
    }
},
{
    "from": [ 6.5, 1.5, 9 ],
    "to": [ 10.5, 2.5, 10 ],
    "faces": {
        "down":  { "uv": [ 8.5, 0.5, 8.75, 0.75 ], "texture": "#texture" },
        "up":    { "uv": [ 8.5, 0.5, 8.75, 0.75 ], "texture": "#texture" },
        "north": { "uv": [ 8.5, 0.5, 8.75, 0.75 ], "texture": "#texture" },
        "south": { "uv": [ 8.5, 0.5, 8.75, 0.75 ], "texture": "#texture" },
        "west":  { "uv": [ 8.5, 0.5, 8.75, 0.75 ], "texture": "#texture" },
        "east":  { "uv": [ 8.5, 0.5, 8.75, 0.75 ], "texture": "#texture" }
    }
},
{
    "from": [ 5, 2.5, 1.5 ],
    "to": [ 20, 3.5, 14.5 ],
    "faces": {
        "down":  { "uv": [ 0, 1.75, 3.75, 5 ], "texture": "#texture" },
        "up":    { "uv": [ 0, 1.75, 3.75, 5 ], "texture": "#texture" },
        "north": { "uv": [ 0, 1.75, 3.75, 2 ], "texture": "#texture" },
        "south": { "uv": [ 0, 4.75, 3.75, 5 ], "texture": "#texture" },
        "west":  { "uv": [ 0, 1.75, 0.25, 5 ], "rotation": 90, "texture": "#texture" },
        "east":  { "uv": [ 3.5, 1.75, 3.75, 5 ], "rotation": 90, "texture": "#texture" }
    }
},
{
    "from": [ -3, 2.5, 2.5 ],
    "to": [ 5, 3.5, 6.5 ],
    "faces": {
        "down":  { "uv": [ 0, 0, 2, 1 ], "texture": "#texture" },
        "up":    { "uv": [ 0, 1, 2, 0 ], "texture": "#texture" },
        "north": { "uv": [ 2, 0.75, 0, 1 ], "texture": "#texture" },
        "south": { "uv": [ 0, 0, 2, 0.25 ], "texture": "#texture" },
        "west":  { "uv": [ 0, 0, 0.25, 1 ], "rotation": 90, "texture": "#texture" },
        "east":  { "uv": [ 1.75, 1, 2, 0 ], "rotation": 90, "texture": "#texture" }
    }
},
{
    "from": [ -7, 2.5, 3.5 ],
    "to": [ -3, 3.5, 6.5 ],
    "faces": {
        "down":  { "uv": [ 0, 1, 1, 1.75 ], "texture": "#texture" },
        "up":    { "uv": [ 0, 1.75, 1, 1 ], "texture": "#texture" },
        "north": { "uv": [ 1, 1.5, 0, 1.75 ], "texture": "#texture" },
        "south": { "uv": [ 0, 1, 1, 1.25 ], "texture": "#texture" },
        "west":  { "uv": [ 0.75, 1, 1, 1.75 ], "rotation": 90, "texture": "#texture" },
        "east":  { "uv": [ 0, 1, 0.25, 1.75 ], "rotation": 90, "texture": "#texture" }
    }
},
{
    "from": [ -10, 2.5, 4.5 ],
    "to": [ -7, 3.5, 6.5 ],
    "faces": {
        "down":  { "uv": [ 1, 1, 1.75, 1.5 ], "texture": "#texture" },
        "up":    { "uv": [ 1, 1.5, 1.75, 1 ], "texture": "#texture" },
        "north": { "uv": [ 1.75, 1.25, 1, 1.5 ], "texture": "#texture" },
        "south": { "uv": [ 1, 1, 1.75, 1.25 ], "texture": "#texture" },
        "west":  { "uv": [ 1, 1, 1.25, 1.5 ], "rotation": 90, "texture": "#texture" },
        "east":  { "uv": [ 1.5, 1, 1.75, 1.5 ], "rotation": 90, "texture": "#texture" }
    }
},
{
    "from": [ -3, 2.5, 9.5 ],
    "to": [ 5, 3.5, 13.5 ],
    "faces": {
        "down":  { "uv": [ 0, 1, 2, 0 ], "texture": "#texture" },
        "up":    { "uv": [ 0, 0, 2, 1 ], "texture": "#texture" },
        "north": { "uv": [ 2, 0, 0, 0.25 ], "texture": "#texture" },
        "south": { "uv": [ 0, 0.75, 2, 1 ], "texture": "#texture" },
        "west":  { "uv": [ 0, 1, 0.25, 0 ], "rotation": 90, "texture": "#texture" },
        "east":  { "uv": [ 1.75, 0, 2, 1 ], "rotation": 90, "texture": "#texture" }
    }
},
{
    "from": [ -7, 2.5, 9.5 ],
    "to": [ -3, 3.5, 12.5 ],
    "faces": {
        "down":  { "uv": [ 0, 1.75, 1, 1 ], "texture": "#texture" },
        "up":    { "uv": [ 0, 1, 1, 1.75 ], "texture": "#texture" },
        "north": { "uv": [ 1, 1, 0, 1.25 ], "texture": "#texture" },
        "south": { "uv": [ 0, 1.5, 1, 1.75 ], "texture": "#texture" },
        "west":  { "uv": [ 0, 1.75, 0.25, 1 ], "rotation": 90, "texture": "#texture" },
        "east":  { "uv": [ 0.75, 1, 1, 1.75 ], "rotation": 90, "texture": "#texture" }
    }
},
{
    "from": [ -10, 2.5, 9.5 ],
    "to": [ -7, 3.5, 11.5 ],
    "faces": {
        "down":  { "uv": [ 1, 1.5, 1.75, 1 ], "texture": "#texture" },
        "up":    { "uv": [ 1, 1, 1.75, 1.5 ], "texture": "#texture" },
        "north": { "uv": [ 1.75, 1, 1, 1.25 ], "texture": "#texture" },
        "south": { "uv": [ 1, 1.25, 1.75, 1.5 ], "texture": "#texture" },
        "west":  { "uv": [ 1, 1.5, 1.25, 1 ], "rotation": 90, "texture": "#texture" },
        "east":  { "uv": [ 1.5, 1, 1.75, 1.5 ], "rotation": 90, "texture": "#texture" }
    }
},
{
    "from": [ -9, 2.5, 6.5 ],
    "to": [ -7, 3.5, 7.5 ],
    "faces": {
        "down":  { "uv": [ 1.25, 1, 1.75, 1.25 ], "texture": "#texture" },
        "up":    { "uv": [ 1.25, 1.25, 1.75, 1 ], "texture": "#texture" },
        "north": { "uv": [ 1.75, 1, 1.25, 1.25 ], "texture": "#texture" },
        "south": { "uv": [ 1.25, 1, 1.75, 1.25 ], "texture": "#texture" },
        "west":  { "uv": [ 1.25, 1, 1.5, 1.25 ], "rotation": 90, "texture": "#texture" },
        "east":  { "uv": [ 1.5, 1, 1.75, 1.25 ], "rotation": 90, "texture": "#texture" }
    }
},
{
    "from": [ -9, 2.5, 8.5 ],
    "to": [ -7, 3.5, 9.5 ],
    "faces": {
        "down":  { "uv": [ 1.25, 1, 1.75, 1.25 ], "texture": "#texture" },
        "up":    { "uv": [ 1.25, 1.25, 1.75, 1 ], "texture": "#texture" },
        "north": { "uv": [ 1.75, 1, 1.25, 1.25 ], "texture": "#texture" },
        "south": { "uv": [ 1.25, 1, 1.75, 1.25 ], "texture": "#texture" },
        "west":  { "uv": [ 1.25, 1, 1.5, 1.25 ], "rotation": 90, "texture": "#texture" },
        "east":  { "uv": [ 1.5, 1, 1.75, 1.25 ], "rotation": 90, "texture": "#texture" }
    }
},
{
    "from": [ -9, 3.5, 5.5 ],
    "to": [ -7, 4.5, 6.5 ],
    "faces": {
        "down":  { "uv": [ 1.25, 1, 1.75, 1.25 ], "texture": "#texture" },
        "up":    { "uv": [ 1.25, 1.25, 1.75, 1 ], "texture": "#texture" },
        "north": { "uv": [ 1.75, 1, 1.25, 1.25 ], "texture": "#texture" },
        "south": { "uv": [ 1.25, 1, 1.75, 1.25 ], "texture": "#texture" },
        "west":  { "uv": [ 1.25, 1, 1.5, 1.25 ], "rotation": 90, "texture": "#texture" },
        "east":  { "uv": [ 1.5, 1, 1.75, 1.25 ], "rotation": 90, "texture": "#texture" }
    }
},
{
    "from": [ -7, 3.5, 4.5 ],
    "to": [ -3, 4.5, 6.5 ],
    "faces": {
        "down":  { "uv": [ 0, 1, 1, 1.5 ], "texture": "#texture" },
        "up":    { "uv": [ 0, 1.5, 1, 1 ], "texture": "#texture" },
        "north": { "uv": [ 1, 1.25, 0, 1.5 ], "texture": "#texture" },
        "south": { "uv": [ 0, 1, 1, 1.25 ], "texture": "#texture" },
        "west":  { "uv": [ 0.75, 1, 1, 1.5 ], "rotation": 90, "texture": "#texture" },
        "east":  { "uv": [ 0, 1, 0.25, 1.5 ], "rotation": 90, "texture": "#texture" }
    }
},
{
    "from": [ -3, 3.5, 3.5 ],
    "to": [ 5, 4.5, 6.5 ],
    "faces": {
        "down":  { "uv": [ 0, 0, 2, 0.75 ], "texture": "#texture" },
        "up":    { "uv": [ 0, 0.75, 2, 0 ], "texture": "#texture" },
        "north": { "uv": [ 2, 0.5, 0, 0.75 ], "texture": "#texture" },
        "south": { "uv": [ 0, 0, 2, 0.25 ], "texture": "#texture" },
        "west":  { "uv": [ 0, 0, 0.25, 0.75 ], "rotation": 90, "texture": "#texture" },
        "east":  { "uv": [ 1.75, 0.75, 2, 0 ], "rotation": 90, "texture": "#texture" }
    }
},
{
    "from": [ -3, 3.5, 9.5 ],
    "to": [ 5, 4.5, 12.5 ],
    "faces": {
        "down":  { "uv": [ 0, 0.75, 2, 0 ], "texture": "#texture" },
        "up":    { "uv": [ 0, 0, 2, 0.75 ], "texture": "#texture" },
        "north": { "uv": [ 2, 0, 0, 0.25 ], "texture": "#texture" },
        "south": { "uv": [ 0, 0.5, 2, 0.75 ], "texture": "#texture" },
        "west":  { "uv": [ 0, 0.75, 0.25, 0 ], "rotation": 90, "texture": "#texture" },
        "east":  { "uv": [ 1.75, 0, 2, 0.75 ], "rotation": 90, "texture": "#texture" }
    }
},
{
    "from": [ -7, 3.5, 9.5 ],
    "to": [ -3, 4.5, 11.5 ],
    "faces": {
        "down":  { "uv": [ 0, 1.5, 1, 1 ], "texture": "#texture" },
        "up":    { "uv": [ 0, 1, 1, 1.5 ], "texture": "#texture" },
        "north": { "uv": [ 1, 1, 0, 1.25 ], "texture": "#texture" },
        "south": { "uv": [ 0, 1.25, 1, 1.5 ], "texture": "#texture" },
        "west":  { "uv": [ 0, 1.5, 0.25, 1 ], "rotation": 90, "texture": "#texture" },
        "east":  { "uv": [ 0.75, 1, 1, 1.5 ], "rotation": 90, "texture": "#texture" }
    }
},
{
    "from": [ -9, 3.5, 9.5 ],
    "to": [ -7, 4.5, 10.5 ],
    "faces": {
        "down":  { "uv": [ 1.25, 1, 1.75, 1.25 ], "texture": "#texture" },
        "up":    { "uv": [ 1.25, 1.25, 1.75, 1 ], "texture": "#texture" },
        "north": { "uv": [ 1.75, 1, 1.25, 1.25 ], "texture": "#texture" },
        "south": { "uv": [ 1.25, 1, 1.75, 1.25 ], "texture": "#texture" },
        "west":  { "uv": [ 1.25, 1, 1.5, 1.25 ], "rotation": 90, "texture": "#texture" },
        "east":  { "uv": [ 1.5, 1, 1.75, 1.25 ], "rotation": 90, "texture": "#texture" }
    }
},
{
    "from": [ 5, 3.5, 2.5 ],
    "to": [ 19, 4.5, 13.5 ],
    "faces": {
        "down":  { "uv": [ 3.75, 2.25, 7.25, 5 ], "texture": "#texture" },
        "up":    { "uv": [ 3.75, 2.25, 7.25, 5 ], "texture": "#texture" },
        "north": { "uv": [ 3.75, 2.25, 7.25, 2.5 ], "texture": "#texture" },
        "south": { "uv": [ 3.75, 4.75, 7.25, 5 ], "texture": "#texture" },
        "west":  { "uv": [ 3.75, 2.25, 4, 5 ], "rotation": 90, "texture": "#texture" },
        "east":  { "uv": [ 7, 2.25, 7.25, 5 ], "rotation": 90, "texture": "#texture" }
    }
},
{
    "from": [ 0, 2, 7 ],
    "to": [ 6, 6, 9 ],
    "faces": {
        "down":  { "uv": [ 2, 1.25, 2.25, 1.5 ], "texture": "#texture" },
        "up":    { "uv": [ 2, 0, 3.5, 0.5 ], "texture": "#texture" },
        "north": { "uv": [ 2, 0.5, 3.5, 1.5 ], "texture": "#texture" },
        "south": { "uv": [ 2, 0.5, 3.5, 1.5 ], "texture": "#texture" },
        "west":  { "uv": [ 3.5, 0, 4.5, 0.5 ], "rotation": 90, "texture": "#texture" },
        "east":  { "uv": [ 3.5, 0, 4.5, 0.5 ], "rotation": 90, "texture": "#texture" }
    }
},
{
    "from": [ 7, 4.5, 3.5 ],
    "to": [ 18, 5.5, 12.5 ],
    "faces": {
        "down":  { "uv": [ 4.25, 2.5, 7, 4.75 ], "texture": "#texture" },
        "up":    { "uv": [ 4.25, 2.5, 7, 4.75 ], "texture": "#texture" },
        "north": { "uv": [ 7, 2.5, 4.25, 2.75 ], "texture": "#texture" },
        "south": { "uv": [ 4.25, 4.5, 7, 4.75 ], "texture": "#texture" },
        "west":  { "uv": [ 4.25, 4.75, 4.5, 2.5 ], "rotation": 90, "texture": "#texture" },
        "east":  { "uv": [ 6.75, 2.5, 7, 4.75 ], "rotation": 90, "texture": "#texture" }
    }
},
{
    "from": [ 5, 4.5, 3.5 ],
    "to": [ 7, 5.5, 6.5 ],
    "faces": {
        "down":  { "uv": [ 3.75, 2.5, 4.25, 3.25 ], "texture": "#texture" },
        "up":    { "uv": [ 3.75, 2.5, 4.25, 3.25 ], "texture": "#texture" },
        "north": { "uv": [ 4.25, 2.5, 3.75, 2.75 ], "texture": "#texture" },
        "south": { "uv": [ 3.75, 3, 4.25, 3.25 ], "texture": "#texture" },
        "west":  { "uv": [ 3.75, 3.25, 4, 2.5 ], "rotation": 90, "texture": "#texture" },
        "east":  { "uv": [ 4, 2.5, 4.25, 3.25 ], "rotation": 90, "texture": "#texture" }
    }
},
{
    "from": [ 5, 4.5, 9.5 ],
    "to": [ 7, 5.5, 12.5 ],
    "faces": {
        "down":  { "uv": [ 3.75, 4, 4.25, 4.75 ], "texture": "#texture" },
        "up":    { "uv": [ 3.75, 4, 4.25, 4.75 ], "texture": "#texture" },
        "north": { "uv": [ 4.25, 4, 3.75, 4.25 ], "texture": "#texture" },
        "south": { "uv": [ 3.75, 4.5, 4.25, 4.75 ], "texture": "#texture" },
        "west":  { "uv": [ 3.75, 4.75, 4, 4 ], "rotation": 90, "texture": "#texture" },
        "east":  { "uv": [ 4, 4, 4.25, 4.75 ], "rotation": 90, "texture": "#texture" }
    }
},
{
    "from": [ 8, 5.5, 4.5 ],
    "to": [ 16, 6.5, 11.5 ],
    "faces": {
        "down":  { "uv": [ 9.25, 1.25, 7.25, 3 ], "texture": "#texture" },
        "up":    { "uv": [ 7.25, 1.25, 9.25, 3 ], "texture": "#texture" },
        "north": { "uv": [ 9.25, 1.25, 7.25, 1.5 ], "texture": "#texture" },
        "south": { "uv": [ 7.25, 2.75, 9.25, 3 ], "texture": "#texture" },
        "west":  { "uv": [ 7.25, 3, 7.5, 1.25 ], "rotation": 90, "texture": "#texture" },
        "east":  { "uv": [ 9, 1.25, 9.25, 3 ], "rotation": 90, "texture": "#texture" }
    }
},
{
    "from": [ 6, 5.5, 4.5 ],
    "to": [ 8, 6.5, 5.5 ],
    "faces": {
        "down":  { "uv": [ 7.25, 1.25, 7.5, 1.5 ], "texture": "#texture" },
        "up":    { "uv": [ 7.25, 1.25, 7.5, 1.5 ], "texture": "#texture" },
        "north": { "uv": [ 7.25, 1.25, 7.5, 1.5 ], "texture": "#texture" },
        "south": { "uv": [ 7.25, 1.25, 7.5, 1.5 ], "texture": "#texture" },
        "west":  { "uv": [ 7.25, 1.25, 7.5, 1.5 ], "texture": "#texture" },
        "east":  { "uv": [ 7.25, 1.25, 7.5, 1.5 ], "texture": "#texture" }
    }
},
{
    "from": [ 6, 5.5, 10.5 ],
    "to": [ 8, 6.5, 11.5 ],
    "faces": {
        "down":  { "uv": [ 7.25, 2.75, 7.5, 3 ], "texture": "#texture" },
        "up":    { "uv": [ 7.25, 2.75, 7.5, 3 ], "texture": "#texture" },
        "north": { "uv": [ 7.25, 2.75, 7.5, 3 ], "texture": "#texture" },
        "south": { "uv": [ 7.25, 2.75, 7.5, 3 ], "texture": "#texture" },
        "west":  { "uv": [ 7.25, 2.75, 7.5, 3 ], "texture": "#texture" },
        "east":  { "uv": [ 7.25, 2.75, 7.5, 3 ], "texture": "#texture" }
    }
},
{
    "from": [ 7, 5, 2 ],
    "to": [ 16, 7, 4 ],
    "rotation": { "origin": [ 7, 7, 2 ], "axis": "x", "angle": -22.5 },
    "faces": {
        "down":  { "uv": [ 4.75, 0, 7, 0.5 ], "texture": "#texture" },
        "up":    { "uv": [ 4.75, 0, 7, 0.5 ], "texture": "#texture" },
        "north": { "uv": [ 7, 0, 4.75, 0.5 ], "texture": "#texture" },
        "south": { "uv": [ 4.75, 0, 7, 0.5 ], "texture": "#texture" },
        "west":  { "uv": [ 6.25, 1.25, 7.25, 2.25 ], "texture": "#texture" },
        "east":  { "uv": [ 6.75, 0, 7, 0.5 ], "texture": "#texture" }
    }
},
{
    "from": [ 7, 5.75, 12.25 ],
    "to": [ 16, 7.75, 14.25 ],
    "rotation": { "origin": [ 7, 7.75, 12.25 ], "axis": "x", "angle": 22.5 },
    "faces": {
        "down":  { "uv": [ 4.75, 0, 7, 0.5 ], "texture": "#texture" },
        "up":    { "uv": [ 4.75, 0, 7, 0.5 ], "texture": "#texture" },
        "north": { "uv": [ 7, 0, 4.75, 0.5 ], "texture": "#texture" },
        "south": { "uv": [ 4.75, 0, 7, 0.5 ], "texture": "#texture" },
        "west":  { "uv": [ 6.25, 1.25, 7.25, 2.25 ], "rotation": 90, "texture": "#texture" },
        "east":  { "uv": [ 6.75, 0, 7, 0.5 ], "texture": "#texture" }
    }
},
{
    "from": [ 9, 6.5, 5.5 ],
    "to": [ 14, 7.5, 10.5 ],
    "faces": {
        "down":  { "uv": [ 7.5, 1.5, 8.75, 2.75 ], "texture": "#texture" },
        "up":    { "uv": [ 7.5, 1.5, 8.75, 2.75 ], "texture": "#texture" },
        "north": { "uv": [ 8.75, 1.5, 7.5, 1.75 ], "texture": "#texture" },
        "south": { "uv": [ 7.5, 2.5, 8.75, 2.75 ], "texture": "#texture" },
        "west":  { "uv": [ 7.5, 2.75, 7.75, 1.5 ], "rotation": 90, "texture": "#texture" },
        "east":  { "uv": [ 8.5, 1.5, 8.75, 2.75 ], "rotation": 90, "texture": "#texture" }
    }
},
{
    "from": [ 13, 7.25, 7.5 ],
    "to": [ 15, 11.25, 8.5 ],
    "rotation": { "origin": [ 13, 11.25, 7.5 ], "axis": "z", "angle": -22.5 },
    "faces": {
        "down":  { "uv": [ 7.25, 3.75, 7.75, 4 ], "texture": "#texture" },
        "up":    { "uv": [ 7.25, 3, 7.75, 3.25 ], "texture": "#texture" },
        "north": { "uv": [ 7.75, 3, 7.25, 4 ], "texture": "#texture" },
        "south": { "uv": [ 7.25, 3, 7.75, 4 ], "texture": "#texture" },
        "west":  { "uv": [ 7.25, 3, 7.5, 4 ], "texture": "#texture" },
        "east":  { "uv": [ 7.5, 3, 7.75, 4 ], "texture": "#texture" }
    }
},
{
    "from": [ 12, 10.25, 7 ],
    "to": [ 15, 13.25, 9 ],
    "faces": {
        "down":  { "uv": [ 7.75, 3.5, 8.5, 3.75 ], "texture": "#texture" },
        "up":    { "uv": [ 7.75, 3, 8.5, 3.25 ], "texture": "#texture" },
        "north": { "uv": [ 7.75, 3, 8.5, 3.75 ], "texture": "#texture" },
        "south": { "uv": [ 7.75, 3, 8.5, 3.75 ], "texture": "#texture" },
        "west":  { "uv": [ 7.75, 3, 8, 3.75 ], "texture": "#texture" },
        "east":  { "uv": [ 8.25, 3, 8.5, 3.75 ], "texture": "#texture" }
    }
},
{
    "from": [ 9, 11.25, 7.5 ],
    "to": [ 12, 12.25, 8.5 ],
    "faces": {
        "down":  { "uv": [ 7.25, 3, 7.5, 3.25 ], "texture": "#texture" },
        "up":    { "uv": [ 7.25, 3, 7.5, 3.25 ], "texture": "#texture" },
        "north": { "uv": [ 7.25, 3, 7.5, 3.25 ], "texture": "#texture" },
        "south": { "uv": [ 7.25, 3, 7.5, 3.25 ], "texture": "#texture" },
        "west":  { "uv": [ 7.25, 3, 7.5, 3.25 ], "texture": "#texture" },
        "east":  { "uv": [ 7.25, 3, 7.5, 3.25 ], "texture": "#texture" }
    }
},
{
    "from": [ 14, 12, 7.75 ],
    "to": [ 21.5, 12.5, 8.25 ],
    "faces": {
        "down":  { "uv": [ 8, 3.25, 8.25, 3.5 ], "texture": "#texture" },
        "up":    { "uv": [ 8, 3.25, 8.25, 3.5 ], "texture": "#texture" },
        "north": { "uv": [ 8, 3.25, 8.25, 3.5 ], "texture": "#texture" },
        "south": { "uv": [ 8, 3.25, 8.25, 3.5 ], "texture": "#texture" },
        "west":  { "uv": [ 8, 3.25, 8.25, 3.5 ], "texture": "#texture" },
        "east":  { "uv": [ 8, 3.25, 8.25, 3.5 ], "texture": "#texture" }
    }
},
{
    "from": [ 15, 9, 7.75 ],
    "to": [ 19, 11.75, 8.25 ],
    "rotation": { "origin": [ 15, 11.75, 7.75 ], "axis": "z", "angle": -22.5 },
    "faces": {
        "down":  { "uv": [ 8, 3.25, 8.25, 3.5 ], "texture": "#texture" },
        "up":    { "uv": [ 8, 3.25, 8.25, 3.5 ], "texture": "#texture" },
        "north": { "uv": [ 8, 3.25, 8.25, 3.5 ], "texture": "#texture" },
        "south": { "uv": [ 8, 3.25, 8.25, 3.5 ], "texture": "#texture" },
        "west":  { "uv": [ 8, 3.25, 8.25, 3.5 ], "texture": "#texture" },
        "east":  { "uv": [ 8, 3.25, 8.25, 3.5 ], "texture": "#texture" }
    }
},
{
    "from": [ 16.5, 7.5, 7.75 ],
    "to": [ 21.5, 10.5, 8.25 ],
    "rotation": { "origin": [ 16.5, 10.5, 7.75 ], "axis": "z", "angle": 22.5 },
    "faces": {
        "down":  { "uv": [ 8, 3.25, 8.25, 3.5 ], "texture": "#texture" },
        "up":    { "uv": [ 8, 3.25, 8.25, 3.5 ], "texture": "#texture" },
        "north": { "uv": [ 8, 3.25, 8.25, 3.5 ], "texture": "#texture" },
        "south": { "uv": [ 8, 3.25, 8.25, 3.5 ], "texture": "#texture" },
        "west":  { "uv": [ 8, 3.25, 8.25, 3.5 ], "texture": "#texture" },
        "east":  { "uv": [ 8, 3.25, 8.25, 3.5 ], "texture": "#texture" }
    }
},
{
    "from": [ 18, 3, 9 ],
    "to": [ 21, 5, 12 ],
    "faces": {
        "down":  { "uv": [ 8, 4, 7.25, 4.75 ], "texture": "#texture" },
        "up":    { "uv": [ 8, 4, 7.25, 4.75 ], "texture": "#texture" },
        "north": { "uv": [ 7.25, 4, 8, 4.25 ], "texture": "#texture" },
        "south": { "uv": [ 8, 4.5, 7.25, 4.75 ], "texture": "#texture" },
        "west":  { "uv": [ 7.75, 4, 8, 4.75 ], "texture": "#texture" },
        "east":  { "uv": [ 8.25, 4, 9.75, 5 ], "texture": "#texture" }
    }
},
{
    "from": [ 18, 3, 4 ],
    "to": [ 21, 5, 7 ],
    "faces": {
        "down":  { "uv": [ 8, 4, 7.25, 4.75 ], "texture": "#texture" },
        "up":    { "uv": [ 8, 4, 7.25, 4.75 ], "texture": "#texture" },
        "north": { "uv": [ 7.25, 4, 8, 4.25 ], "texture": "#texture" },
        "south": { "uv": [ 8, 4.5, 7.25, 4.75 ], "texture": "#texture" },
        "west":  { "uv": [ 7.75, 4, 8, 4.75 ], "texture": "#texture" },
        "east":  { "uv": [ 8.25, 4, 9.75, 5 ], "texture": "#texture" }
    }
},
{
    "from": [ 5, 1, -2.1875 ],
    "to": [ 15, 2, 1.8125 ],
    "rotation": { "origin": [ 5, 2, -2.1875 ], "axis": "x", "angle": -22.5 },
    "faces": {
        "down":  { "uv": [ 3.5, 0.5, 6, 1.5 ], "texture": "#texture" },
        "up":    { "uv": [ 3.5, 1.5, 6, 0.5 ], "texture": "#texture" },
        "north": { "uv": [ 6, 1.25, 3.5, 1.5 ], "texture": "#texture" },
        "south": { "uv": [ 3.5, 0.5, 6, 0.75 ], "texture": "#texture" },
        "west":  { "uv": [ 3.5, 0.5, 3.75, 1.5 ], "rotation": 90, "texture": "#texture" },
        "east":  { "uv": [ 5.75, 1.5, 6, 0.5 ], "rotation": 90, "texture": "#texture" }
    }
},
{
    "from": [ 5, 2.5, 14.5702 ],
    "to": [ 15, 3.5, 18.5702 ],
    "rotation": { "origin": [ 5, 3.5, 14.5702 ], "axis": "x", "angle": 22.5 },
    "faces": {
        "down":  { "uv": [ 3.5, 1.5, 6, 0.5 ], "texture": "#texture" },
        "up":    { "uv": [ 3.5, 0.5, 6, 1.5 ], "texture": "#texture" },
        "north": { "uv": [ 6, 0.5, 3.5, 0.75 ], "texture": "#texture" },
        "south": { "uv": [ 3.5, 1.25, 6, 1.5 ], "texture": "#texture" },
        "west":  { "uv": [ 3.5, 1.5, 3.75, 0.5 ], "rotation": 90, "texture": "#texture" },
        "east":  { "uv": [ 5.75, 0.5, 6, 1.5 ], "rotation": 90, "texture": "#texture" }
    }
},
{
    "from": [ -1, -1, -4.1875 ],
    "to": [ 9, 0, -1.1875 ],
    "rotation": { "origin": [ -1, 0, -4.1875 ], "axis": "x", "angle": -45 },
    "faces": {
        "down":  { "uv": [ 3.75, 1.5, 6.25, 2.25 ], "texture": "#texture" },
        "up":    { "uv": [ 3.75, 2.25, 6.25, 1.5 ], "texture": "#texture" },
        "north": { "uv": [ 3.75, 2, 6.25, 2.25 ], "texture": "#texture" },
        "south": { "uv": [ 3.75, 1.5, 6.25, 1.75 ], "texture": "#texture" },
        "west":  { "uv": [ 6, 1.5, 6.25, 2.25 ], "texture": "#texture" },
        "east":  { "uv": [ 3.75, 2.25, 4, 1.5 ], "texture": "#texture" }
    }
},
{
    "from": [ 15, 2.5, 14.5702 ],
    "to": [ 23, 3.5, 17.5702 ],
    "rotation": { "origin": [ 15, 3.5, 14.5702 ], "axis": "x", "angle": 22.5 },
    "faces": {
        "down":  { "uv": [ 6, 1.25, 8.5, 0.5 ], "texture": "#texture" },
        "up":    { "uv": [ 6, 0.5, 8.5, 1.25 ], "texture": "#texture" },
        "north": { "uv": [ 6, 0.5, 8.5, 0.75 ], "texture": "#texture" },
        "south": { "uv": [ 6, 1, 8.5, 1.25 ], "texture": "#texture" },
        "west":  { "uv": [ 6, 1.25, 6.25, 0.5 ], "texture": "#texture" },
        "east":  { "uv": [ 8.25, 0.5, 8.5, 1.25 ], "texture": "#texture" }
    }
},
{
    "from": [ -1, 1, 18.2696 ],
    "to": [ 9, 2, 21.2696 ],
    "rotation": { "origin": [ -1, 2, 18.2696 ], "axis": "x", "angle": 45 },
    "faces": {
        "down":  { "uv": [ 3.75, 2.25, 6.25, 1.5 ], "texture": "#texture" },
        "up":    { "uv": [ 3.75, 1.5, 6.25, 2.25 ], "texture": "#texture" },
        "north": { "uv": [ 3.75, 1.5, 6.25, 1.75 ], "texture": "#texture" },
        "south": { "uv": [ 3.75, 2, 6.25, 2.25 ], "texture": "#texture" },
        "west":  { "uv": [ 3.75, 2.25, 4, 1.5 ], "texture": "#texture" },
        "east":  { "uv": [ 6, 1.5, 6.25, 2.25 ], "texture": "#texture" }
    }
},
{
    "from": [ 5.5, 0, 3 ],
    "to": [ 17.5, 2, 5 ],
    "faces": {
        "down":  { "uv": [ 7.25, 0, 10.25, 0.5 ], "texture": "#texture" },
        "up":    { "uv": [ 7.25, 0, 10.25, 0.5 ], "texture": "#texture" },
        "north": { "uv": [ 10.25, 0, 7.25, 0.5 ], "texture": "#texture" },
        "south": { "uv": [ 7.25, 0, 10.25, 0.5 ], "texture": "#texture" },
        "west":  { "uv": [ 7.25, 0, 7.5, 0.5 ], "texture": "#texture" },
        "east":  { "uv": [ 9.75, 0, 10, 0.5 ], "texture": "#texture" }
    }
},
{
    "from": [ 6, 2, 3.5 ],
    "to": [ 17, 2.5, 4.5 ],
    "faces": {
        "down":  { "uv": [ 8, 3.25, 8.25, 3.5 ], "texture": "#texture" },
        "up":    { "uv": [ 8, 3.25, 8.25, 3.5 ], "texture": "#texture" },
        "north": { "uv": [ 8, 3.25, 8.25, 3.5 ], "texture": "#texture" },
        "south": { "uv": [ 8, 3.25, 8.25, 3.5 ], "texture": "#texture" },
        "west":  { "uv": [ 8, 3.25, 8.25, 3.5 ], "texture": "#texture" },
        "east":  { "uv": [ 8, 3.25, 8.25, 3.5 ], "texture": "#texture" }
    }
},
{
    "from": [ 5.5, 0, 11 ],
    "to": [ 17.5, 2, 13 ],
    "faces": {
        "down":  { "uv": [ 7.25, 0, 10.25, 0.5 ], "texture": "#texture" },
        "up":    { "uv": [ 7.25, 0, 10.25, 0.5 ], "texture": "#texture" },
        "north": { "uv": [ 10.25, 0, 7.25, 0.5 ], "texture": "#texture" },
        "south": { "uv": [ 7.25, 0, 10.25, 0.5 ], "texture": "#texture" },
        "west":  { "uv": [ 7.25, 0, 7.5, 0.5 ], "texture": "#texture" },
        "east":  { "uv": [ 9.75, 0, 10, 0.5 ], "texture": "#texture" }
    }
},
{
    "from": [ 6, 2, 11.5 ],
    "to": [ 17, 2.5, 12.5 ],
    "faces": {
        "down":  { "uv": [ 8, 3.25, 8.25, 3.5 ], "texture": "#texture" },
        "up":    { "uv": [ 8, 3.25, 8.25, 3.5 ], "texture": "#texture" },
        "north": { "uv": [ 8, 3.25, 8.25, 3.5 ], "texture": "#texture" },
        "south": { "uv": [ 8, 3.25, 8.25, 3.5 ], "texture": "#texture" },
        "west":  { "uv": [ 8, 3.25, 8.25, 3.5 ], "texture": "#texture" },
        "east":  { "uv": [ 8, 3.25, 8.25, 3.5 ], "texture": "#texture" }
    }
},
{
    "from": [ 16, 5, 10.4375 ],
    "to": [ 27, 6, 12.4375 ],
    "rotation": { "origin": [ 16, 6, 10.4375 ], "axis": "x", "angle": 22.5 },
    "faces": {
        "down":  { "uv": [ 10.25, 0, 13, 0.5 ], "texture": "#texture" },
        "up":    { "uv": [ 10.25, 0.5, 13, 0 ], "texture": "#texture" },
        "north": { "uv": [ 13, 0.25, 10.25, 0.5 ], "texture": "#texture" },
        "south": { "uv": [ 10.25, 0, 13, 0.25 ], "texture": "#texture" },
        "west":  { "uv": [ 10.25, 0.5, 10.5, 0 ], "rotation": 90, "texture": "#texture" },
        "east":  { "uv": [ 12.75, 0.5, 13, 0 ], "rotation": 90, "texture": "#texture" }
    }
},
{
    "from": [ 16, 4.25, 3.75 ],
    "to": [ 27, 5.25, 5.75 ],
    "rotation": { "origin": [ 16, 5.25, 3.75 ], "axis": "x", "angle": -22.5 },
    "faces": {
        "down":  { "uv": [ 10.25, 0.5, 13, 0 ], "texture": "#texture" },
        "up":    { "uv": [ 10.25, 0, 13, 0.5 ], "texture": "#texture" },
        "north": { "uv": [ 13, 0, 10.25, 0.25 ], "texture": "#texture" },
        "south": { "uv": [ 10.25, 0.25, 13, 0.5 ], "texture": "#texture" },
        "west":  { "uv": [ 10.25, 0, 10.5, 0.5 ], "rotation": 90, "texture": "#texture" },
        "east":  { "uv": [ 12.75, 0, 13, 0.5 ], "rotation": 90, "texture": "#texture" }
    }
},
{
    "from": [ 16, 5.5, 4.5 ],
    "to": [ 19.5, 6.5, 7.5 ],
    "faces": {
        "down":  { "uv": [ 8.5, 3, 9.5, 3.75 ], "texture": "#texture" },
        "up":    { "uv": [ 8.5, 3, 9.5, 3.75 ], "texture": "#texture" },
        "north": { "uv": [ 9.5, 3, 8.5, 3.25 ], "texture": "#texture" },
        "south": { "uv": [ 8.5, 3.5, 9.5, 3.75 ], "texture": "#texture" },
        "west":  { "uv": [ 8.5, 3.75, 8.75, 3 ], "rotation": 90, "texture": "#texture" },
        "east":  { "uv": [ 9.25, 3, 9.5, 3.75 ], "rotation": 90, "texture": "#texture" }
    }
},
{
    "from": [ 16, 5.5, 8.5 ],
    "to": [ 20, 6.5, 11.5 ],
    "faces": {
        "down":  { "uv": [ 8.5, 3, 9.5, 3.75 ], "texture": "#texture" },
        "up":    { "uv": [ 8.5, 3, 9.5, 3.75 ], "texture": "#texture" },
        "north": { "uv": [ 9.5, 3, 8.5, 3.25 ], "texture": "#texture" },
        "south": { "uv": [ 8.5, 3.5, 9.5, 3.75 ], "texture": "#texture" },
        "west":  { "uv": [ 8.5, 3.75, 8.75, 3 ], "rotation": 90, "texture": "#texture" },
        "east":  { "uv": [ 9.25, 3, 9.5, 3.75 ], "rotation": 90, "texture": "#texture" }
    }
},
{
    "from": [ -7.5, -0.25, -4.4375 ],
    "to": [ 2.5, 0.25, -3.9375 ],
    "faces": {
        "down":  { "uv": [ 0, 0, 0.25, 0.25 ], "texture": "#texture" },
        "up":    { "uv": [ 0, 0, 0.25, 0.25 ], "texture": "#texture" },
        "north": { "uv": [ 0, 0, 0.25, 0.25 ], "texture": "#texture" },
        "south": { "uv": [ 0, 0, 0.25, 0.25 ], "texture": "#texture" },
        "west":  { "uv": [ 0, 0, 0.25, 0.25 ], "texture": "#texture" },
        "east":  { "uv": [ 0, 0, 0.25, 0.25 ], "texture": "#texture" }
    }
},
{
    "from": [ -7.5, -0.25, 20 ],
    "to": [ 2.5, 0.25, 20.5 ],
    "faces": {
        "down":  { "uv": [ 0, 0, 0.25, 0.25 ], "texture": "#texture" },
        "up":    { "uv": [ 0, 0, 0.25, 0.25 ], "texture": "#texture" },
        "north": { "uv": [ 0, 0, 0.25, 0.25 ], "texture": "#texture" },
        "south": { "uv": [ 0, 0, 0.25, 0.25 ], "texture": "#texture" },
        "west":  { "uv": [ 0, 0, 0.25, 0.25 ], "texture": "#texture" },
        "east":  { "uv": [ 0, 0, 0.25, 0.25 ], "texture": "#texture" }
    }
},
{
    "from": [ 22, 4, 1.75 ],
    "to": [ 26, 7, 2.25 ],
    "rotation": { "origin": [ 22, 7, 1.75 ], "axis": "x", "angle": -45 },
    "faces": {
        "down":  { "uv": [ 11.75, 0, 12.75, 0.25 ], "texture": "#texture" },
        "up":    { "uv": [ 11.75, 0, 12.75, 0.25 ], "texture": "#texture" },
        "north": { "uv": [ 12.75, 0, 11.75, 0.25 ], "texture": "#texture" },
        "south": { "uv": [ 11.75, 0, 12.75, 0.25 ], "texture": "#texture" },
        "west":  { "uv": [ 11.75, 0, 12, 0.25 ], "texture": "#texture" },
        "east":  { "uv": [ 12.5, 0, 12.75, 0.25 ], "texture": "#texture" }
    }
},
{
    "from": [ 22, 4, 13.6838 ],
    "to": [ 26, 7, 14.1838 ],
    "rotation": { "origin": [ 22, 7, 13.6838 ], "axis": "x", "angle": 45 },
    "faces": {
        "down":  { "uv": [ 11.75, 0, 12.75, 0.25 ], "texture": "#texture" },
        "up":    { "uv": [ 11.75, 0, 12.75, 0.25 ], "texture": "#texture" },
        "north": { "uv": [ 12.75, 0, 11.75, 0.25 ], "texture": "#texture" },
        "south": { "uv": [ 11.75, 0, 12.75, 0.25 ], "texture": "#texture" },
        "west":  { "uv": [ 11.75, 0, 12, 0.25 ], "texture": "#texture" },
        "east":  { "uv": [ 12.5, 0, 12.75, 0.25 ], "texture": "#texture" }
    }
},
{
    "from": [ 15, 1.375, -1.3125 ],
    "to": [ 23, 2.375, 1.6875 ],
    "rotation": { "origin": [ 15, 2.375, -1.3125 ], "axis": "x", "angle": -22.5 },
    "faces": {
        "down":  { "uv": [ 6, 1.25, 8.5, 0.5 ], "texture": "#texture" },
        "up":    { "uv": [ 6, 0.5, 8.5, 1.25 ], "texture": "#texture" },
        "north": { "uv": [ 6, 0.5, 8.5, 0.75 ], "texture": "#texture" },
        "south": { "uv": [ 6, 1, 8.5, 1.25 ], "texture": "#texture" },
        "west":  { "uv": [ 6, 1.25, 6.25, 0.5 ], "texture": "#texture" },
        "east":  { "uv": [ 8.25, 0.5, 8.5, 1.25 ], "texture": "#texture" }
    }
}
],
"display": {
    "thirdperson_righthand": {
        "rotation": [ 10, -45, -35 ],
        "translation": [ 0, 6.24, 1.13 ],
        "scale": [ 0.37, 0.37, 0.37 ]
    },
    "thirdperson_lefthand": {
        "rotation": [ 10, -45, -35 ],
        "translation": [ 0, 6.24, 1.13 ],
        "scale": [ 0.37, 0.37, 0.37 ]
    },
    "head": {
        "rotation": [ 0, -90, 0 ],
        "translation": [ 0, 0, 0 ],
        "scale": [ 4, 4, 4 ]
    },
    "ground": {
        "rotation": [ 0, 0, 0 ],
        "translation": [ 0, 5.29, 0 ],
        "scale": [ 0.37, 0.37, 0.37 ]
    },
    "fixed": {
        "rotation": [ 0, 0, 0 ],
        "translation": [ 0, 1.89, 0 ],
        "scale": [ 0.5, 0.5, 0.5 ]
    },
    "firstperson_righthand": {
        "rotation": [ 0, 21, 6 ],
        "translation": [ 4.72, 3.4, -9.26 ],
        "scale": [ 1, 1, 1 ]
    },
    "firstperson_lefthand": {
        "rotation": [ 0, -166, -14 ],
        "translation": [ 4.72, 3.4, -9.07 ],
        "scale": [ 1, 1, 1 ]
    },
    "gui": {
        "rotation": [ 45, 135, 0 ],
        "translation": [ -0.57, 1.51, 0 ],
        "scale": [ 0.37, 0.37, 0.37 ]
    }
}
}