{
"__comment": "Designed by MasterianoX",
"textures": {
    "particle": "entity/merchants/witch",
    "texture": "entity/merchants/witch",
    "witch2": "entity/merchants/witch2"
},
"elements": [ 
{
    "from": [ 1.5, 10, 6 ],
    "to": [ 5.5, 16, 10 ],
    "faces": {
        "down":  { "uv": [ 4, 8.75, 6, 10.75 ], "texture": "#texture" },
        "up":    { "uv": [ 2, 8.75, 4, 10.75 ], "texture": "#texture" },
        "north": { "uv": [ 0, 10.75, 2, 13.75 ], "texture": "#texture" },
        "south": { "uv": [ 4, 10.75, 6, 13.75 ], "texture": "#texture" },
        "west":  { "uv": [ 2, 10.75, 4, 13.75 ], "texture": "#texture" },
        "east":  { "uv": [ 6, 10.75, 8, 13.75 ], "texture": "#texture" }
    }
},
{
    "from": [ 1.5, 9, 7 ],
    "to": [ 2.5, 11, 9 ],
    "rotation": { "origin": [ 1.5, 11, 7 ], "axis": "z", "angle": -22.5 },
    "faces": {
        "down":  { "uv": [ 3.5, 12.5, 2.5, 13 ], "rotation": 90, "texture": "#texture" },
        "up":    { "uv": [ 2.5, 11.75, 3.5, 12.25 ], "rotation": 90, "texture": "#texture" },
        "north": { "uv": [ 2.5, 11.75, 3, 13 ], "texture": "#texture" },
        "south": { "uv": [ 3.5, 11.75, 3, 13 ], "texture": "#texture" },
        "west":  { "uv": [ 2.5, 11.75, 3.5, 13 ], "texture": "#texture" },
        "east":  { "uv": [ 2.5, 11.75, 3.5, 13 ], "texture": "#texture" }
    }
},
{
    "from": [ 0.5, 16, 5 ],
    "to": [ 6.5, 16.5, 11 ],
    "faces": {
        "down":  { "uv": [ 14.75, 0, 11.75, 3 ], "rotation": 90, "texture": "#texture" },
        "up":    { "uv": [ 11.75, 0, 14.75, 3 ], "rotation": 90, "texture": "#texture" },
        "north": { "uv": [ 11.75, 3, 12, 0 ], "rotation": 90, "texture": "#texture" },
        "south": { "uv": [ 14.5, 0, 14.75, 3 ], "rotation": 90, "texture": "#texture" },
        "west":  { "uv": [ 11.75, 2.75, 14.75, 3 ], "texture": "#texture" },
        "east":  { "uv": [ 14.75, 0, 11.75, 0.25 ], "texture": "#texture" }
    }
},
{
    "from": [ 1.5, 16.5, 6 ],
    "to": [ 5.5, 18, 10 ],
    "faces": {
        "down":  { "uv": [ 12, 8.75, 14, 10.75 ], "texture": "#texture" },
        "up":    { "uv": [ 10, 8.75, 12, 10.75 ], "texture": "#texture" },
        "north": { "uv": [ 8, 10.75, 10, 11.5 ], "texture": "#texture" },
        "south": { "uv": [ 12, 10.75, 14, 11.5 ], "texture": "#texture" },
        "west":  { "uv": [ 10, 10.75, 12, 11.5 ], "texture": "#texture" },
        "east":  { "uv": [ 14, 10.75, 16, 11.5 ], "texture": "#texture" }
    }
},
{
    "from": [ 3, 17.75, 6.5 ],
    "to": [ 6, 20.25, 9.5 ],
    "rotation": { "origin": [ 3, 20.25, 6.5 ], "axis": "z", "angle": -22.5 },
    "faces": {
        "down":  { "uv": [ 6.25, 8.75, 7.75, 10.25 ], "texture": "#texture" },
        "up":    { "uv": [ 6.25, 8.75, 7.75, 10.25 ], "texture": "#texture" },
        "north": { "uv": [ 8, 8.75, 9.5, 10 ], "texture": "#texture" },
        "south": { "uv": [ 8, 8.75, 9.5, 10 ], "texture": "#texture" },
        "west":  { "uv": [ 9.5, 8.75, 8, 10 ], "texture": "#texture" },
        "east":  { "uv": [ 9.5, 8.75, 8, 10 ], "texture": "#texture" }
    }
},
{
    "from": [ 4.75, 19.25, 7 ],
    "to": [ 6.75, 21.25, 9 ],
    "rotation": { "origin": [ 4.75, 21.25, 7 ], "axis": "z", "angle": -45 },
    "faces": {
        "down":  { "uv": [ 14.25, 8.75, 15.25, 9.75 ], "texture": "#texture" },
        "up":    { "uv": [ 14.25, 8.75, 15.25, 9.75 ], "texture": "#texture" },
        "north": { "uv": [ 14.25, 8.75, 15.25, 9.75 ], "texture": "#texture" },
        "south": { "uv": [ 14.25, 8.75, 15.25, 9.75 ], "texture": "#texture" },
        "west":  { "uv": [ 15.25, 8.75, 14.25, 9.75 ], "texture": "#texture" },
        "east":  { "uv": [ 15.25, 8.75, 14.25, 9.75 ], "texture": "#texture" }
    }
},
{
    "from": [ 5, 20, 7.5 ],
    "to": [ 7, 21, 8.5 ],
    "faces": {
        "down":  { "uv": [ 6.5, 9.5, 7.5, 10 ], "texture": "#texture" },
        "up":    { "uv": [ 6.5, 9, 7.5, 9.5 ], "texture": "#texture" },
        "north": { "uv": [ 6.5, 9.25, 7.5, 9.75 ], "texture": "#texture" },
        "south": { "uv": [ 6.5, 9.25, 7.5, 9.75 ], "texture": "#texture" },
        "west":  { "uv": [ 6.5, 9.25, 7, 9.75 ], "texture": "#texture" },
        "east":  { "uv": [ 7, 9.25, 7.5, 9.75 ], "texture": "#texture" }
    }
},
{
    "from": [ 3.75, 5.25, 2 ],
    "to": [ 12.75, 14.25, 14 ],
    "rotation": { "origin": [ 3.75, 14.25, 2 ], "axis": "z", "angle": 22.5 },
    "faces": {
        "down":  { "uv": [ 0, 0, 0.25, 0.25 ], "texture": "#witch2" },
        "up":    { "uv": [ 4.5, 0, 10.5, 4.5 ], "rotation": 90, "texture": "#witch2" },
        "north": { "uv": [ 0, 4.5, 4.5, 9 ], "texture": "#witch2" },
        "south": { "uv": [ 10.5, 4.5, 15, 9 ], "texture": "#witch2" },
        "west":  { "uv": [ 4.5, 4.5, 10.5, 9 ], "texture": "#witch2" },
        "east":  { "uv": [ 4.5, 9, 10.5, 13.5 ], "texture": "#witch2" }
    }
},
{
    "from": [ 4.25, 9, 0.75 ],
    "to": [ 6.25, 11, 2.75 ],
    "rotation": { "origin": [ 4.25, 11, 0.75 ], "axis": "z", "angle": -22.5 },
    "faces": {
        "down":  { "uv": [ 2, 0, 3, 1 ], "texture": "#texture" },
        "up":    { "uv": [ 2, 0, 3, 1 ], "texture": "#texture" },
        "north": { "uv": [ 1, 0, 2, 1 ], "texture": "#texture" },
        "south": { "uv": [ 1, 0, 2, 1 ], "texture": "#texture" },
        "west":  { "uv": [ 0, 0, 1, 1 ], "texture": "#texture" },
        "east":  { "uv": [ 1, 0, 2, 1 ], "texture": "#texture" }
    }
},
{
    "from": [ 8, 0, 4 ],
    "to": [ 15, 10, 12 ],
    "faces": {
        "down":  { "uv": [ 11.5, 0, 7.5, 3.5 ], "rotation": 90, "texture": "#texture" },
        "up":    { "uv": [ 3.5, 0, 7.5, 3.5 ], "rotation": 90, "texture": "#texture" },
        "north": { "uv": [ 0, 3.5, 3.5, 8.5 ], "texture": "#texture" },
        "south": { "uv": [ 7.5, 3.5, 11, 8.5 ], "texture": "#texture" },
        "west":  { "uv": [ 3.5, 3.5, 7.5, 8.5 ], "texture": "#texture" },
        "east":  { "uv": [ 11, 3.5, 15, 8.5 ], "texture": "#texture" }
    }
},
{
    "from": [ 2.25, 7.75, 13.25 ],
    "to": [ 4.25, 9.75, 15.25 ],
    "faces": {
        "down":  { "uv": [ 2, 0, 3, 1 ], "texture": "#texture" },
        "up":    { "uv": [ 2, 0, 3, 1 ], "texture": "#texture" },
        "north": { "uv": [ 1, 0, 2, 1 ], "texture": "#texture" },
        "south": { "uv": [ 1, 0, 2, 1 ], "texture": "#texture" },
        "west":  { "uv": [ 0, 0, 1, 1 ], "texture": "#texture" },
        "east":  { "uv": [ 1, 0, 2, 1 ], "texture": "#texture" }
    }
},
{
    "from": [ 3.5, 7.625, 13.5 ],
    "to": [ 8.5, 9.125, 15 ],
    "rotation": { "origin": [ 3.5, 9.125, 13.5 ], "axis": "z", "angle": 22.5 },
    "faces": {
        "down":  { "uv": [ 8, 11.75, 10.5, 12.5 ], "texture": "#texture" },
        "up":    { "uv": [ 8, 11.75, 10.5, 12.5 ], "texture": "#texture" },
        "north": { "uv": [ 8, 11.75, 10.5, 12.5 ], "texture": "#texture" },
        "south": { "uv": [ 8, 11.75, 10.5, 12.5 ], "texture": "#texture" },
        "west":  { "uv": [ 8.75, 11.75, 9.5, 12.5 ], "texture": "#texture" },
        "east":  { "uv": [ 9.5, 11.75, 10.25, 12.5 ], "texture": "#texture" }
    }
},
{
    "from": [ 1, 12.5, 7.5 ],
    "to": [ 3, 14.5, 8.5 ],
    "rotation": { "origin": [ 1, 14.5, 7.5 ], "axis": "z", "angle": -22.5 },
    "faces": {
        "down":  { "uv": [ 0, 1.25, 0.5, 1.75 ], "texture": "#texture" },
        "up":    { "uv": [ 0, 1.25, 0.5, 1.75 ], "texture": "#texture" },
        "north": { "uv": [ 0, 1.25, 0.5, 1.75 ], "texture": "#texture" },
        "south": { "uv": [ 0, 1.25, 0.5, 1.75 ], "texture": "#texture" },
        "west":  { "uv": [ 0, 1.25, 0.5, 1.75 ], "texture": "#texture" },
        "east":  { "uv": [ 0, 1.25, 0.5, 1.75 ], "texture": "#texture" }
    }
},
{
    "from": [ 6.25, 5.5, 1.75 ],
    "to": [ 15.5, 9.5, 14.25 ],
    "faces": {
        "down":  { "uv": [ 0, 0, 0.25, 0.25 ], "texture": "#witch2" },
        "up":    { "uv": [ 0, 0, 0.25, 0.25 ], "texture": "#witch2" },
        "north": { "uv": [ 0, 14, 4.5, 16 ], "texture": "#witch2" },
        "south": { "uv": [ 10.5, 14, 15, 16 ], "texture": "#witch2" },
        "west":  { "uv": [ 4.5, 14, 10.5, 16 ], "texture": "#witch2" },
        "east":  { "uv": [ 9, 14, 15, 16 ], "texture": "#witch2" }
    }
},
{
    "from": [ 2.75, 0, 13.75 ],
    "to": [ 3.75, 20, 14.75 ],
    "faces": {
        "down":  { "uv": [ 15.5, 9.5, 16, 10 ], "texture": "#texture" },
        "up":    { "uv": [ 15.5, 0, 16, 0.5 ], "texture": "#texture" },
        "north": { "uv": [ 15.5, 0, 16, 10 ], "texture": "#texture" },
        "south": { "uv": [ 15.5, 0, 16, 10 ], "texture": "#texture" },
        "west":  { "uv": [ 16, 0, 15.5, 10 ], "texture": "#texture" },
        "east":  { "uv": [ 16, 0, 15.5, 10 ], "texture": "#texture" }
    }
}
],
"display": {
    "thirdperson_righthand": {
        "rotation": [ 10, -45, -45 ],
        "translation": [ 0, 1.5, -2.75 ],
        "scale": [ 0.37, 0.37, 0.37 ]
    },
    "thirdperson_lefthand": {
        "rotation": [ 10, -45, -45 ],
        "translation": [ 0, 1.5, -2.75 ],
        "scale": [ 0.37, 0.37, 0.37 ]
    },
    "head": {
        "rotation": [ 0, -90, 0 ],
        "translation": [ 0, -20.03, -9.26 ],
        "scale": [ 3, 3, 3 ]
    },
    "ground": {
        "rotation": [ 0, 0, 0 ],
        "translation": [ 0, 4.35, 0 ],
        "scale": [ 0.5, 0.5, 0.5 ]
    },
    "fixed": {
        "rotation": [ 0, -90, 0 ],
        "translation": [ 0, 0, -2.46 ],
        "scale": [ 0.5, 0.5, 0.5 ]
    },
    "firstperson_righthand": {
        "rotation": [ 0, 37, 0 ],
        "translation": [ 1.89, 0, -5.1 ],
        "scale": [ 1, 1, 1 ]
    },
    "firstperson_lefthand": {
        "rotation": [ 0, -150, 0 ],
        "translation": [ 1.89, 0, -5.09 ],
        "scale": [ 1, 1, 1 ]
    },
    "gui": {
        "rotation": [ 45, 135, 0 ],
        "translation": [ 0, 0, 0 ],
        "scale": [ 0.5, 0.5, 0.5 ]
    }
}
}