{
"__comment": "Designed by MasterianoX",
"textures": {
    "particle": "entity/merchants/elder_merchant",
    "texture": "entity/merchants/elder_merchant"
},
"elements": [ 
{
    "from": [ 5.5, 16, -3.5 ],
    "to": [ 10.5, 21, 1.5 ],
    "rotation": { "origin": [ 5.5, 21, -3.5 ], "axis": "x", "angle": -22.5 },
    "faces": {
        "down":  { "uv": [ 2.5, 1.5, 3.75, 2.75 ], "texture": "#texture" },
        "up":    { "uv": [ 1.25, 1.5, 2.5, 2.75 ], "texture": "#texture" },
        "north": { "uv": [ 1.25, 2.75, 2.5, 4 ], "texture": "#texture" },
        "south": { "uv": [ 3.75, 2.75, 5, 4 ], "texture": "#texture" },
        "west":  { "uv": [ 2.5, 2.75, 3.75, 4 ], "texture": "#texture" },
        "east":  { "uv": [ 0, 2.75, 1.25, 4 ], "texture": "#texture" }
    }
},
{
    "from": [ 0.5, 10, 5.5 ],
    "to": [ 15.5, 20, 11.5 ],
    "faces": {
        "down":  { "uv": [ 9, 5.5, 5.25, 7 ], "texture": "#texture" },
        "up":    { "uv": [ 1.5, 5.5, 5.25, 7 ], "texture": "#texture" },
        "north": { "uv": [ 1.5, 7, 5.25, 9.5 ], "texture": "#texture" },
        "south": { "uv": [ 6.75, 7, 10.5, 9.5 ], "texture": "#texture" },
        "west":  { "uv": [ 5.25, 7, 6.75, 9.5 ], "texture": "#texture" },
        "east":  { "uv": [ 0, 7, 1.5, 9.5 ], "texture": "#texture" }
    }
},
{
    "from": [ 1.5, 17.5, 9.5 ],
    "to": [ 14.5, 22.5, 14.5 ],
    "rotation": { "origin": [ 1.5, 22.5, 9.5 ], "axis": "x", "angle": -22.5 },
    "faces": {
        "down":  { "uv": [ 0, 9.75, 3.25, 11 ], "texture": "#texture" },
        "up":    { "uv": [ 5, 9.75, 8.25, 11 ], "texture": "#texture" },
        "north": { "uv": [ 0, 9.75, 3.25, 11 ], "texture": "#texture" },
        "south": { "uv": [ 0, 9.75, 3.25, 11 ], "texture": "#texture" },
        "west":  { "uv": [ 3.5, 9.75, 4.75, 11 ], "texture": "#texture" },
        "east":  { "uv": [ 3.5, 9.75, 4.75, 11 ], "texture": "#texture" }
    }
},
{
    "from": [ 3, 11.5, 11.5 ],
    "to": [ 13, 19.5, 15.5 ],
    "faces": {
        "down":  { "uv": [ 11.75, 8.5, 14.25, 9.5 ], "texture": "#texture" },
        "up":    { "uv": [ 11.75, 5.5, 14.25, 6.5 ], "texture": "#texture" },
        "north": { "uv": [ 11.75, 6.5, 14.25, 8.5 ], "texture": "#texture" },
        "south": { "uv": [ 11.75, 6.5, 14.25, 8.5 ], "texture": "#texture" },
        "west":  { "uv": [ 10.75, 6.5, 11.75, 8.5 ], "texture": "#texture" },
        "east":  { "uv": [ 14.25, 6.5, 15.25, 8.5 ], "texture": "#texture" }
    }
},
{
    "from": [ 4, 19.5, -0.5 ],
    "to": [ 12, 22, 2 ],
    "rotation": { "origin": [ 4, 22, -0.5 ], "axis": "x", "angle": -45 },
    "faces": {
        "down":  { "uv": [ 6, 0, 8, 0.75 ], "texture": "#texture" },
        "up":    { "uv": [ 4, 0, 6, 0.75 ], "texture": "#texture" },
        "north": { "uv": [ 4, 0.75, 6, 1.5 ], "texture": "#texture" },
        "south": { "uv": [ 6.75, 0.75, 8.75, 1.5 ], "texture": "#texture" },
        "west":  { "uv": [ 6, 0.75, 6.75, 1.5 ], "texture": "#texture" },
        "east":  { "uv": [ 3.25, 0.75, 4, 1.5 ], "texture": "#texture" }
    }
},
{
    "from": [ 1.8125, 21.5, -0.75 ],
    "to": [ 2.8125, 22.5, 3.25 ],
    "rotation": { "origin": [ 1.8125, 21.5, -0.75 ], "axis": "y", "angle": 45 },
    "faces": {
        "down":  { "uv": [ 4, 1, 4.25, 0 ], "texture": "#texture" },
        "up":    { "uv": [ 4, 0, 4.25, 1 ], "texture": "#texture" },
        "north": { "uv": [ 4, 0, 4.25, 0.25 ], "texture": "#texture" },
        "south": { "uv": [ 4, 0.75, 4.25, 1 ], "texture": "#texture" },
        "west":  { "uv": [ 4, 1, 4.25, 0 ], "rotation": 90, "texture": "#texture" },
        "east":  { "uv": [ 4, 0, 4.25, 1 ], "rotation": 90, "texture": "#texture" }
    }
},
{
    "from": [ 4.5, 16.75, 3 ],
    "to": [ 11.5, 23.75, 14 ],
    "rotation": { "origin": [ 4.5, 23.75, 3 ], "axis": "x", "angle": 22.5 },
    "faces": {
        "down":  { "uv": [ 9.75, 1.75, 12.5, 3.5 ], "rotation": 90, "texture": "#texture" },
        "up":    { "uv": [ 7, 1.75, 9.75, 3.5 ], "rotation": 90, "texture": "#texture" },
        "north": { "uv": [ 5.25, 3.5, 7, 5.25 ], "texture": "#texture" },
        "south": { "uv": [ 9.75, 3.5, 11.5, 5.25 ], "texture": "#texture" },
        "west":  { "uv": [ 14.25, 3.5, 11.5, 5.25 ], "texture": "#texture" },
        "east":  { "uv": [ 9.75, 3.5, 7, 5.25 ], "texture": "#texture" }
    }
},
{
    "from": [ 5.25, 12.5, -2.25 ],
    "to": [ 10.75, 17.75, 1.75 ],
    "faces": {
        "down":  { "uv": [ 0.5, 1, 0.75, 1.25 ], "texture": "#texture" },
        "up":    { "uv": [ 0.5, 1, 0.75, 1.25 ], "texture": "#texture" },
        "north": { "uv": [ 1, 0, 2.25, 1.25 ], "texture": "#texture" },
        "south": { "uv": [ 1.5, 0, 1.75, 0.25 ], "texture": "#texture" },
        "west":  { "uv": [ 2.25, 0, 3.25, 1.25 ], "texture": "#texture" },
        "east":  { "uv": [ 0, 0, 1, 1.25 ], "texture": "#texture" }
    }
},
{
    "from": [ -2, 15, 2.5 ],
    "to": [ 4, 21, 8.5 ],
    "rotation": { "origin": [ -2, 15, 2.5 ], "axis": "y", "angle": -22.5 },
    "faces": {
        "down":  { "uv": [ 9, 0, 10.5, 1.5 ], "texture": "#texture" },
        "up":    { "uv": [ 9, 0, 10.5, 1.5 ], "texture": "#texture" },
        "north": { "uv": [ 9, 0, 10.5, 1.5 ], "texture": "#texture" },
        "south": { "uv": [ 9, 0, 10.5, 1.5 ], "texture": "#texture" },
        "west":  { "uv": [ 9, 0, 10.5, 1.5 ], "texture": "#texture" },
        "east":  { "uv": [ 9, 0, 10.5, 1.5 ], "texture": "#texture" }
    }
},
{
    "from": [ 12.5, 15, 4.5 ],
    "to": [ 18.5, 21, 10.5 ],
    "rotation": { "origin": [ 12.5, 15, 4.5 ], "axis": "y", "angle": 22.5 },
    "faces": {
        "down":  { "uv": [ 9, 0, 10.5, 1.5 ], "texture": "#texture" },
        "up":    { "uv": [ 9, 0, 10.5, 1.5 ], "texture": "#texture" },
        "north": { "uv": [ 9, 0, 10.5, 1.5 ], "texture": "#texture" },
        "south": { "uv": [ 9, 0, 10.5, 1.5 ], "texture": "#texture" },
        "west":  { "uv": [ 9, 0, 10.5, 1.5 ], "texture": "#texture" },
        "east":  { "uv": [ 9, 0, 10.5, 1.5 ], "texture": "#texture" }
    }
},
{
    "from": [ -3, 9, 0 ],
    "to": [ 1, 13, 7 ],
    "rotation": { "origin": [ -3, 13, 0 ], "axis": "x", "angle": -45 },
    "faces": {
        "down":  { "uv": [ 10.75, 0, 12.5, 1 ], "rotation": 90, "texture": "#texture" },
        "up":    { "uv": [ 10.75, 0, 12.5, 1 ], "rotation": 90, "texture": "#texture" },
        "north": { "uv": [ 9.5, 9.75, 10.5, 10.75 ], "texture": "#texture" },
        "south": { "uv": [ 9.5, 9.75, 10.5, 10.75 ], "texture": "#texture" },
        "west":  { "uv": [ 12.75, 1.25, 14.5, 2.25 ], "texture": "#texture" },
        "east":  { "uv": [ 12.75, 2.5, 14.5, 3.5 ], "texture": "#texture" }
    }
},
{
    "from": [ 3, 7, 6.5 ],
    "to": [ 13, 10, 10.5 ],
    "faces": {
        "down":  { "uv": [ 6, 11, 3.5, 12 ], "texture": "#texture" },
        "up":    { "uv": [ 1, 11, 3.5, 12 ], "texture": "#texture" },
        "north": { "uv": [ 1, 12, 3.5, 12.75 ], "texture": "#texture" },
        "south": { "uv": [ 4.5, 12, 7, 12.75 ], "texture": "#texture" },
        "west":  { "uv": [ 3.5, 12, 4.5, 12.75 ], "texture": "#texture" },
        "east":  { "uv": [ 0, 12, 1, 12.75 ], "texture": "#texture" }
    }
},
{
    "from": [ 1, 0.75, 6 ],
    "to": [ 5, 8.75, 10 ],
    "rotation": { "origin": [ 1, 8.75, 6 ], "axis": "x", "angle": 22.5 },
    "faces": {
        "down":  { "uv": [ 10.5, 9.75, 11.5, 10.75 ], "texture": "#texture" },
        "up":    { "uv": [ 9.5, 9.75, 10.5, 10.75 ], "texture": "#texture" },
        "north": { "uv": [ 9.5, 10.75, 10.5, 12.75 ], "texture": "#texture" },
        "south": { "uv": [ 11.5, 10.75, 12.5, 12.75 ], "texture": "#texture" },
        "west":  { "uv": [ 11.5, 12.75, 10.5, 10.75 ], "texture": "#texture" },
        "east":  { "uv": [ 9.5, 10.75, 8.5, 12.75 ], "texture": "#texture" }
    }
},
{
    "from": [ 11, 0.75, 6 ],
    "to": [ 15, 8.75, 10 ],
    "rotation": { "origin": [ 11, 8.75, 6 ], "axis": "x", "angle": 22.5 },
    "faces": {
        "down":  { "uv": [ 10.5, 9.75, 11.5, 10.75 ], "texture": "#texture" },
        "up":    { "uv": [ 9.5, 9.75, 10.5, 10.75 ], "texture": "#texture" },
        "north": { "uv": [ 11.5, 10.75, 12.5, 12.75 ], "texture": "#texture" },
        "south": { "uv": [ 9.5, 10.75, 10.5, 12.75 ], "texture": "#texture" },
        "west":  { "uv": [ 8.5, 10.75, 9.5, 12.75 ], "texture": "#texture" },
        "east":  { "uv": [ 10.5, 10.75, 11.5, 12.75 ], "texture": "#texture" }
    }
},
{
    "from": [ 0, -7, 2.5 ],
    "to": [ 6, 1, 8.5 ],
    "rotation": { "origin": [ 0, 1, 2.5 ], "axis": "x", "angle": -22.5 },
    "faces": {
        "down":  { "uv": [ 1.75, 13, 3.25, 14.5 ], "texture": "#texture" },
        "up":    { "uv": [ 1.75, 13, 3.25, 14.5 ], "texture": "#texture" },
        "north": { "uv": [ 0, 13, 1.5, 15 ], "texture": "#texture" },
        "south": { "uv": [ 0, 13, 1.5, 15 ], "texture": "#texture" },
        "west":  { "uv": [ 0, 13, 1.5, 15 ], "texture": "#texture" },
        "east":  { "uv": [ 0, 13, 1.5, 15 ], "texture": "#texture" }
    }
},
{
    "from": [ 10, -6.9375, 2.5 ],
    "to": [ 16, 1.0625, 8.5 ],
    "rotation": { "origin": [ 10, 1.0625, 2.5 ], "axis": "x", "angle": -22.5 },
    "faces": {
        "down":  { "uv": [ 1.75, 13, 3.25, 14.5 ], "texture": "#texture" },
        "up":    { "uv": [ 1.75, 13, 3.25, 14.5 ], "texture": "#texture" },
        "north": { "uv": [ 0, 13, 1.5, 15 ], "texture": "#texture" },
        "south": { "uv": [ 0, 13, 1.5, 15 ], "texture": "#texture" },
        "west":  { "uv": [ 0, 13, 1.5, 15 ], "texture": "#texture" },
        "east":  { "uv": [ 0, 13, 1.5, 15 ], "texture": "#texture" }
    }
},
{
    "from": [ 1, -7, 2 ],
    "to": [ 5, -5, 8 ],
    "faces": {
        "down":  { "uv": [ 5.25, 1.75, 6.25, 3.25 ], "texture": "#texture" },
        "up":    { "uv": [ 6.25, 1.75, 5.25, 3.25 ], "rotation": 180, "texture": "#texture" },
        "north": { "uv": [ 1.5, 4.5, 2.5, 5 ], "texture": "#texture" },
        "south": { "uv": [ 4, 4.5, 5, 5 ], "texture": "#texture" },
        "west":  { "uv": [ 0, 4.5, 1.5, 5 ], "texture": "#texture" },
        "east":  { "uv": [ 2.5, 4.5, 4, 5 ], "texture": "#texture" }
    }
},
{
    "from": [ 11, -7, 2 ],
    "to": [ 15, -5, 8 ],
    "faces": {
        "down":  { "uv": [ 5.25, 1.75, 6.25, 3.25 ], "texture": "#texture" },
        "up":    { "uv": [ 6.25, 1.75, 5.25, 3.25 ], "rotation": 180, "texture": "#texture" },
        "north": { "uv": [ 1.5, 4.5, 2.5, 5 ], "texture": "#texture" },
        "south": { "uv": [ 4, 4.5, 5, 5 ], "texture": "#texture" },
        "west":  { "uv": [ 0, 4.5, 1.5, 5 ], "texture": "#texture" },
        "east":  { "uv": [ 2.5, 4.5, 4, 5 ], "texture": "#texture" }
    }
},
{
    "from": [ 15, 10, 4 ],
    "to": [ 19, 17, 8 ],
    "rotation": { "origin": [ 15, 17, 4 ], "axis": "z", "angle": 22.5 },
    "faces": {
        "down":  { "uv": [ 9.5, 9.75, 10.5, 10.75 ], "texture": "#texture" },
        "up":    { "uv": [ 9.5, 9.75, 10.5, 10.75 ], "texture": "#texture" },
        "north": { "uv": [ 12.75, 0, 14.5, 1 ], "rotation": 90, "texture": "#texture" },
        "south": { "uv": [ 12.75, 1, 14.5, 0 ], "rotation": 90, "texture": "#texture" },
        "west":  { "uv": [ 12.75, 2.5, 14.5, 3.5 ], "rotation": 90, "texture": "#texture" },
        "east":  { "uv": [ 12.75, 1.25, 14.5, 2.25 ], "rotation": 90, "texture": "#texture" }
    }
},
{
    "from": [ -2, 11, -3 ],
    "to": [ 0, 13, 2 ],
    "faces": {
        "down":  { "uv": [ 1.75, 4.5, 3, 5 ], "rotation": 90, "texture": "#texture" },
        "up":    { "uv": [ 0, 4.5, 1.25, 5 ], "rotation": 90, "texture": "#texture" },
        "north": { "uv": [ 0, 4.5, 0.5, 5 ], "texture": "#texture" },
        "south": { "uv": [ 2, 4.5, 2.5, 5 ], "texture": "#texture" },
        "west":  { "uv": [ 3.75, 4.5, 5, 5 ], "texture": "#texture" },
        "east":  { "uv": [ 3, 4.5, 4.25, 5 ], "texture": "#texture" }
    }
},
{
    "from": [ -2.5, 10.5, -6 ],
    "to": [ 0.5, 13.5, -3 ],
    "faces": {
        "down":  { "uv": [ 0, 1.5, 0.75, 2.25 ], "texture": "#texture" },
        "up":    { "uv": [ 0, 1.5, 0.75, 2.25 ], "texture": "#texture" },
        "north": { "uv": [ 0, 1.5, 0.75, 2.25 ], "texture": "#texture" },
        "south": { "uv": [ 0, 1.5, 0.75, 2.25 ], "texture": "#texture" },
        "west":  { "uv": [ 0, 1.5, 0.75, 2.25 ], "texture": "#texture" },
        "east":  { "uv": [ 0, 1.5, 0.75, 2.25 ], "texture": "#texture" }
    }
},
{
    "from": [ 18, 8, 2 ],
    "to": [ 20, 10, 7 ],
    "rotation": { "origin": [ 18, 10, 2 ], "axis": "x", "angle": -45 },
    "faces": {
        "down":  { "uv": [ 1.75, 4.5, 3, 5 ], "rotation": 90, "texture": "#texture" },
        "up":    { "uv": [ 0, 4.5, 1.25, 5 ], "rotation": 90, "texture": "#texture" },
        "north": { "uv": [ 0, 4.5, 0.5, 5 ], "texture": "#texture" },
        "south": { "uv": [ 2, 4.5, 2.5, 5 ], "texture": "#texture" },
        "west":  { "uv": [ 3.75, 4.5, 5, 5 ], "texture": "#texture" },
        "east":  { "uv": [ 3, 4.5, 4.25, 5 ], "texture": "#texture" }
    }
},
{
    "from": [ 17.5, 7, 0 ],
    "to": [ 20.5, 10, 3 ],
    "rotation": { "origin": [ 17.5, 10, 0 ], "axis": "x", "angle": -22.5 },
    "faces": {
        "down":  { "uv": [ 0, 1.5, 0.75, 2.25 ], "texture": "#texture" },
        "up":    { "uv": [ 0, 1.5, 0.75, 2.25 ], "texture": "#texture" },
        "north": { "uv": [ 0, 1.5, 0.75, 2.25 ], "texture": "#texture" },
        "south": { "uv": [ 0, 1.5, 0.75, 2.25 ], "texture": "#texture" },
        "west":  { "uv": [ 0, 1.5, 0.75, 2.25 ], "texture": "#texture" },
        "east":  { "uv": [ 0, 1.5, 0.75, 2.25 ], "texture": "#texture" }
    }
},
{
    "from": [ 13.5, 21.5, -1.5 ],
    "to": [ 14.5, 22.5, 2.5 ],
    "rotation": { "origin": [ 13.5, 21.5, -1.5 ], "axis": "y", "angle": -45 },
    "faces": {
        "down":  { "uv": [ 4, 1, 4.25, 0 ], "texture": "#texture" },
        "up":    { "uv": [ 4, 0, 4.25, 1 ], "texture": "#texture" },
        "north": { "uv": [ 4, 0, 4.25, 0.25 ], "texture": "#texture" },
        "south": { "uv": [ 4, 0.75, 4.25, 1 ], "texture": "#texture" },
        "west":  { "uv": [ 4, 1, 4.25, 0 ], "rotation": 90, "texture": "#texture" },
        "east":  { "uv": [ 4, 0, 4.25, 1 ], "rotation": 90, "texture": "#texture" }
    }
}
],
"display": {
    "thirdperson_righthand": {
        "rotation": [ 10, -45, -45 ],
        "translation": [ 0, 1.5, -2.75 ],
        "scale": [ 0.37, 0.37, 0.37 ]
    },
    "thirdperson_lefthand": {
        "rotation": [ 10, -45, -45 ],
        "translation": [ 0, 1.5, -2.75 ],
        "scale": [ 0.37, 0.37, 0.37 ]
    },
    "head": {
        "rotation": [ 0, 0, 0 ],
        "translation": [ 0, -13.42, 3.97 ],
        "scale": [ 2, 2, 2 ]
    },
    "ground": {
        "rotation": [ 0, 0, 0 ],
        "translation": [ 0, 3.4, 0 ],
        "scale": [ 0.25, 0.25, 0.25 ]
    },
    "fixed": {
        "rotation": [ 0, 0, 0 ],
        "translation": [ 0, 0, 0 ],
        "scale": [ 0.35, 0.35, 0.35 ]
    },
    "firstperson_righthand": {
        "rotation": [ 0, 113, 0 ],
        "translation": [ 0, 0, -6.61 ],
        "scale": [ 1, 1, 1 ]
    },
    "firstperson_lefthand": {
        "rotation": [ 0, 113, 0 ],
        "translation": [ 0, 0, -6.61 ],
        "scale": [ 1, 1, 1 ]
    },
    "gui": {
        "rotation": [ 45, -135, 0 ],
        "translation": [ -0.76, 0, 0 ],
        "scale": [ 0.35, 0.35, 0.35 ]
    }
}
}