{
"__comment": "Designed by MasterianoX",
"textures": {
    "particle": "blocks/plants/tubics/top",
    "texture": "blocks/plants/tubics/center",
    "bottom": "blocks/plants/tubics/bottom",
    "top": "blocks/plants/tubics/top"
},
"elements": [ 
{
    "from": [ 2.5, 0, 2.5 ],
    "to": [ 2.5625, 16, 18.5 ],
    "rotation": { "origin": [ 2.5, 0, 2.5 ], "axis": "y", "angle": 45 },
    "faces": {
        "west":  { "uv": [ 0, 0, 16, 16 ], "texture": "#texture" },
        "east":  { "uv": [ 16, 0, 0, 16 ], "texture": "#texture" }
    }
},
{
    "from": [ 13.75, 0, 2.25 ],
    "to": [ 13.8125, 16, 18.25 ],
    "rotation": { "origin": [ 13.75, 0, 2.25 ], "axis": "y", "angle": -45 },
    "faces": {
        "west":  { "uv": [ 0, 0, 16, 16 ], "texture": "#texture" },
        "east":  { "uv": [ 16, 0, 0, 16 ], "texture": "#texture" }
    }
},
{
    "from": [ 2.5, -16, 2.5 ],
    "to": [ 2.5625, 0, 18.5 ],
    "rotation": { "origin": [ 2.5, -16, 2.5 ], "axis": "y", "angle": 45 },
    "faces": {
        "west":  { "uv": [ 0, 0, 16, 16 ], "texture": "#bottom" },
        "east":  { "uv": [ 16, 0, 0, 16 ], "texture": "#bottom" }
    }
},
{
    "from": [ 13.75, -16, 2.25 ],
    "to": [ 13.8125, 0, 18.25 ],
    "rotation": { "origin": [ 13.75, -16, 2.25 ], "axis": "y", "angle": -45 },
    "faces": {
        "west":  { "uv": [ 0, 0, 16, 16 ], "texture": "#bottom" },
        "east":  { "uv": [ 16, 0, 0, 16 ], "texture": "#bottom" }
    }
},
{
    "from": [ 2.5, 16, 2.5 ],
    "to": [ 2.5625, 32, 18.5 ],
    "rotation": { "origin": [ 2.5, 16, 2.5 ], "axis": "y", "angle": 45 },
    "faces": {
        "west":  { "uv": [ 0, 0, 16, 16 ], "texture": "#top" },
        "east":  { "uv": [ 16, 0, 0, 16 ], "texture": "#top" }
    }
},
{
    "from": [ 13.75, 16, 2.25 ],
    "to": [ 13.8125, 32, 18.25 ],
    "rotation": { "origin": [ 13.75, 16, 2.25 ], "axis": "y", "angle": -45 },
    "faces": {
        "west":  { "uv": [ 0, 0, 16, 16 ], "texture": "#top" },
        "east":  { "uv": [ 16, 0, 0, 16 ], "texture": "#top" }
    }
}
]
}