{
"__comment": "Designed by MasterianoX",
"textures": {
    "particle": "blocks/plants/water_stretch/center",
    "texture": "blocks/plants/water_stretch/center",
    "bottom": "blocks/plants/water_stretch/bottom"
},
"elements": [ 
{
    "from": [ 2.5, 0, 2.5 ],
    "to": [ 2.5625, 16, 18.5 ],
    "rotation": { "origin": [ 2.5, 0, 2.5 ], "axis": "y", "angle": 45 },
    "faces": {
        "west":  { "uv": [ 0, 0, 16, 16 ], "texture": "#texture" },
        "east":  { "uv": [ 16, 0, 0, 16 ], "texture": "#texture" }
    }
},
{
    "from": [ 13.75, 0, 2.25 ],
    "to": [ 13.8125, 16, 18.25 ],
    "rotation": { "origin": [ 13.75, 0, 2.25 ], "axis": "y", "angle": -45 },
    "faces": {
        "west":  { "uv": [ 0, 0, 16, 16 ], "texture": "#texture" },
        "east":  { "uv": [ 16, 0, 0, 16 ], "texture": "#texture" }
    }
},
{
    "from": [ 2.5, -16, 2.5 ],
    "to": [ 2.5625, 0, 18.5 ],
    "rotation": { "origin": [ 2.5, -16, 2.5 ], "axis": "y", "angle": 45 },
    "faces": {
        "west":  { "uv": [ 0, 0, 16, 16 ], "texture": "#bottom" },
        "east":  { "uv": [ 16, 0, 0, 16 ], "texture": "#bottom" }
    }
},
{
    "from": [ 13.75, -16, 2.25 ],
    "to": [ 13.8125, 0, 18.25 ],
    "rotation": { "origin": [ 13.75, -16, 2.25 ], "axis": "y", "angle": -45 },
    "faces": {
        "west":  { "uv": [ 0, 0, 16, 16 ], "texture": "#bottom" },
        "east":  { "uv": [ 16, 0, 0, 16 ], "texture": "#bottom" }
    }
}
]
}