{
"__comment": "Designed by MasterianoX",
"textures": {
    "particle": "entity/inhabitor/inhabitor",
    "texture": "entity/inhabitor/inhabitor"
},
"elements": [ 
{
    "from": [ 4, 0, 4 ],
    "to": [ 12, 8, 12 ],
    "faces": {
        "down":  { "uv": [ 4, 0, 6, 2 ], "texture": "#texture" },
        "up":    { "uv": [ 2, 0, 4, 2 ], "texture": "#texture" },
        "north": { "uv": [ 0, 2, 2, 4 ], "texture": "#texture" },
        "south": { "uv": [ 4, 2, 6, 4 ], "texture": "#texture" },
        "west":  { "uv": [ 2, 2, 4, 4 ], "texture": "#texture" },
        "east":  { "uv": [ 6, 2, 8, 4 ], "texture": "#texture" }
    }
},
{
    "from": [ 3.5, -0.5, 7 ],
    "to": [ 5.5, 2.5, 9 ],
    "rotation": { "origin": [ 3.5, 2.5, 7 ], "axis": "z", "angle": -22.5 },
    "faces": {
        "down":  { "uv": [ 0, 4.75, 0.5, 5 ], "texture": "#texture" },
        "up":    { "uv": [ 0, 4.25, 0.5, 4.5 ], "texture": "#texture" },
        "north": { "uv": [ 0, 4.25, 0.5, 5 ], "texture": "#texture" },
        "south": { "uv": [ 0, 4.25, 0.5, 5 ], "texture": "#texture" },
        "west":  { "uv": [ 0.5, 4.25, 0, 5 ], "texture": "#texture" },
        "east":  { "uv": [ 0.5, 4.25, 0, 5 ], "texture": "#texture" }
    }
},
{
    "from": [ 3, 4, 6 ],
    "to": [ 4, 5, 10 ],
    "faces": {
        "down":  { "uv": [ 0, 4.25, 0.25, 4.5 ], "texture": "#texture" },
        "up":    { "uv": [ 0, 4.25, 0.25, 4.5 ], "texture": "#texture" },
        "north": { "uv": [ 0, 4.25, 0.25, 4.5 ], "texture": "#texture" },
        "south": { "uv": [ 0, 4.25, 0.25, 4.5 ], "texture": "#texture" },
        "west":  { "uv": [ 0, 4.25, 0.25, 4.5 ], "texture": "#texture" },
        "east":  { "uv": [ 0, 4.25, 0.25, 4.5 ], "texture": "#texture" }
    }
},
{
    "from": [ 3.5, 3, 6.5 ],
    "to": [ 4, 4, 7 ],
    "faces": {
        "down":  { "uv": [ 0.75, 4.25, 1, 4.5 ], "texture": "#texture" },
        "up":    { "uv": [ 0.75, 4.25, 1, 4.5 ], "texture": "#texture" },
        "north": { "uv": [ 0.75, 4.25, 1, 4.5 ], "texture": "#texture" },
        "south": { "uv": [ 0.75, 4.25, 1, 4.5 ], "texture": "#texture" },
        "west":  { "uv": [ 0.75, 4.25, 1, 4.5 ], "texture": "#texture" },
        "east":  { "uv": [ 0.75, 4.25, 1, 4.5 ], "texture": "#texture" }
    }
},
{
    "from": [ 3.5, 3, 9 ],
    "to": [ 4, 4, 9.5 ],
    "faces": {
        "down":  { "uv": [ 0.75, 4.25, 1, 4.5 ], "texture": "#texture" },
        "up":    { "uv": [ 0.75, 4.25, 1, 4.5 ], "texture": "#texture" },
        "north": { "uv": [ 0.75, 4.25, 1, 4.5 ], "texture": "#texture" },
        "south": { "uv": [ 0.75, 4.25, 1, 4.5 ], "texture": "#texture" },
        "west":  { "uv": [ 0.75, 4.25, 1, 4.5 ], "texture": "#texture" },
        "east":  { "uv": [ 0.75, 4.25, 1, 4.5 ], "texture": "#texture" }
    }
},
{
    "from": [ 1.5, 4, 2 ],
    "to": [ 2.5, 5, 6 ],
    "rotation": { "origin": [ 1.5, 4, 2 ], "axis": "y", "angle": 45 },
    "faces": {
        "down":  { "uv": [ 2, 2.75, 2.25, 3 ], "texture": "#texture" },
        "up":    { "uv": [ 2, 2.75, 2.25, 3 ], "texture": "#texture" },
        "north": { "uv": [ 2, 2.75, 2.25, 3 ], "texture": "#texture" },
        "south": { "uv": [ 2, 2.75, 2.25, 3 ], "texture": "#texture" },
        "west":  { "uv": [ 2, 2.75, 2.25, 3 ], "texture": "#texture" },
        "east":  { "uv": [ 2, 2.75, 2.25, 3 ], "texture": "#texture" }
    }
},
{
    "from": [ 1, 1, 2.5 ],
    "to": [ 5, 2, 3.5 ],
    "rotation": { "origin": [ 1, 1, 2.5 ], "axis": "y", "angle": -22.5 },
    "faces": {
        "down":  { "uv": [ 2, 3.5, 2.25, 3.75 ], "texture": "#texture" },
        "up":    { "uv": [ 2, 3.5, 2.25, 3.75 ], "texture": "#texture" },
        "north": { "uv": [ 2, 3.5, 2.25, 3.75 ], "texture": "#texture" },
        "south": { "uv": [ 2, 3.5, 2.25, 3.75 ], "texture": "#texture" },
        "west":  { "uv": [ 2, 3.5, 2.25, 3.75 ], "texture": "#texture" },
        "east":  { "uv": [ 2, 3.5, 2.25, 3.75 ], "texture": "#texture" }
    }
},
{
    "from": [ 4.5, 1, 11 ],
    "to": [ 5.5, 2, 15 ],
    "rotation": { "origin": [ 4.5, 1, 11 ], "axis": "y", "angle": -45 },
    "faces": {
        "down":  { "uv": [ 4, 3.5, 4.25, 3.75 ], "texture": "#texture" },
        "up":    { "uv": [ 4, 3.5, 4.25, 3.75 ], "texture": "#texture" },
        "north": { "uv": [ 4, 3.5, 4.25, 3.75 ], "texture": "#texture" },
        "south": { "uv": [ 4, 3.5, 4.25, 3.75 ], "texture": "#texture" },
        "west":  { "uv": [ 4, 3.5, 4.25, 3.75 ], "texture": "#texture" },
        "east":  { "uv": [ 4, 3.5, 4.25, 3.75 ], "texture": "#texture" }
    }
},
{
    "from": [ 0.5, 4, 12.5 ],
    "to": [ 4.5, 5, 13.5 ],
    "rotation": { "origin": [ 0.5, 4, 12.5 ], "axis": "y", "angle": 22.5 },
    "faces": {
        "down":  { "uv": [ 3.75, 2.75, 4, 3 ], "texture": "#texture" },
        "up":    { "uv": [ 3.75, 2.75, 4, 3 ], "texture": "#texture" },
        "north": { "uv": [ 3.75, 2.75, 4, 3 ], "texture": "#texture" },
        "south": { "uv": [ 3.75, 2.75, 4, 3 ], "texture": "#texture" },
        "west":  { "uv": [ 3.75, 2.75, 4, 3 ], "texture": "#texture" },
        "east":  { "uv": [ 3.75, 2.75, 4, 3 ], "texture": "#texture" }
    }
},
{
    "from": [ 13, 4, 3 ],
    "to": [ 21, 17, 13 ],
    "rotation": { "origin": [ 13, 17, 3 ], "axis": "z", "angle": -45 },
    "faces": {
        "down":  { "uv": [ 7, 5, 4.5, 7 ], "rotation": 90, "texture": "#texture" },
        "up":    { "uv": [ 2, 5, 4.5, 7 ], "rotation": 90, "texture": "#texture" },
        "north": { "uv": [ 0, 7, 2, 10.5 ], "texture": "#texture" },
        "south": { "uv": [ 4.5, 7, 6.5, 10.5 ], "texture": "#texture" },
        "west":  { "uv": [ 2, 7, 4.5, 10.5 ], "texture": "#texture" },
        "east":  { "uv": [ 6.5, 7, 9, 10.5 ], "texture": "#texture" }
    }
},
{
    "from": [ 3.5, 8, 4 ],
    "to": [ 4.5, 14, 5 ],
    "rotation": { "origin": [ 3.5, 14, 4 ], "axis": "z", "angle": 22.5 },
    "faces": {
        "down":  { "uv": [ 1.25, 5.5, 1.5, 5.75 ], "texture": "#texture" },
        "up":    { "uv": [ 1.25, 4.25, 1.5, 4.5 ], "texture": "#texture" },
        "north": { "uv": [ 1.25, 4.25, 1.5, 5.75 ], "texture": "#texture" },
        "south": { "uv": [ 1.25, 4.25, 1.5, 5.75 ], "texture": "#texture" },
        "west":  { "uv": [ 1.25, 4.25, 1.5, 5.75 ], "texture": "#texture" },
        "east":  { "uv": [ 1.25, 4.25, 1.5, 5.75 ], "texture": "#texture" }
    }
},
{
    "from": [ -0.5, 15.5, 4.25 ],
    "to": [ 4.5, 16, 4.75 ],
    "rotation": { "origin": [ -0.5, 16, 4.25 ], "axis": "z", "angle": -22.5 },
    "faces": {
        "down":  { "uv": [ 1.75, 5.5, 2, 4.25 ], "rotation": 90, "texture": "#texture" },
        "up":    { "uv": [ 1.75, 5.5, 2, 4.25 ], "rotation": 90, "texture": "#texture" },
        "north": { "uv": [ 1.75, 4.25, 2, 5.5 ], "rotation": 90, "texture": "#texture" },
        "south": { "uv": [ 1.75, 5.5, 2, 4.25 ], "rotation": 90, "texture": "#texture" },
        "west":  { "uv": [ 1.75, 4.25, 2, 4.5 ], "texture": "#texture" },
        "east":  { "uv": [ 1.75, 5.25, 2, 5.5 ], "texture": "#texture" }
    }
},
{
    "from": [ 3.5, 8, 11 ],
    "to": [ 4.5, 14, 12 ],
    "rotation": { "origin": [ 3.5, 14, 11 ], "axis": "z", "angle": 22.5 },
    "faces": {
        "down":  { "uv": [ 1.25, 5.5, 1.5, 5.75 ], "texture": "#texture" },
        "up":    { "uv": [ 1.25, 4.25, 1.5, 4.5 ], "texture": "#texture" },
        "north": { "uv": [ 1.25, 4.25, 1.5, 5.75 ], "texture": "#texture" },
        "south": { "uv": [ 1.25, 4.25, 1.5, 5.75 ], "texture": "#texture" },
        "west":  { "uv": [ 1.25, 4.25, 1.5, 5.75 ], "texture": "#texture" },
        "east":  { "uv": [ 1.25, 4.25, 1.5, 5.75 ], "texture": "#texture" }
    }
},
{
    "from": [ -0.5, 15.5, 11.25 ],
    "to": [ 4.5, 16, 11.75 ],
    "rotation": { "origin": [ -0.5, 16, 11.25 ], "axis": "z", "angle": -22.5 },
    "faces": {
        "down":  { "uv": [ 1.75, 5.5, 2, 4.25 ], "rotation": 90, "texture": "#texture" },
        "up":    { "uv": [ 1.75, 5.5, 2, 4.25 ], "rotation": 90, "texture": "#texture" },
        "north": { "uv": [ 1.75, 4.25, 2, 5.5 ], "rotation": 90, "texture": "#texture" },
        "south": { "uv": [ 1.75, 5.5, 2, 4.25 ], "rotation": 90, "texture": "#texture" },
        "west":  { "uv": [ 1.75, 4.25, 2, 4.5 ], "texture": "#texture" },
        "east":  { "uv": [ 1.75, 5.25, 2, 5.5 ], "texture": "#texture" }
    }
},
{
    "from": [ 14.25, 6, 0.25 ],
    "to": [ 14.3125, 11, 4.5 ],
    "rotation": { "origin": [ 14.25, 6, 0.25 ], "axis": "y", "angle": -45 },
    "faces": {
        "west":  { "uv": [ 8.5, 0, 9.5, 1.25 ], "texture": "#texture" },
        "east":  { "uv": [ 15.75, 0, 16, 0.25 ], "texture": "#texture" }
    }
},
{
    "from": [ 11, 6, 12.75 ],
    "to": [ 11.0625, 11, 17 ],
    "rotation": { "origin": [ 11, 6, 12.75 ], "axis": "y", "angle": 45 },
    "faces": {
        "west":  { "uv": [ 9.75, 0, 10.75, 1.25 ], "texture": "#texture" },
        "east":  { "uv": [ 15.75, 0, 16, 0.25 ], "texture": "#texture" }
    }
}
],
"display": {
    "thirdperson_righthand": {
        "rotation": [ 0, 0, 0 ],
        "translation": [ 0, 3.78, -0.38 ],
        "scale": [ 0.5, 0.5, 0.5 ]
    },
    "thirdperson_lefthand": {
        "rotation": [ 0, 180, 0 ],
        "translation": [ 0, 3.78, -0.38 ],
        "scale": [ 0.5, 0.5, 0.5 ]
    },
    "head": {
        "rotation": [ 0, -90, 0 ],
        "translation": [ 0, 7.56, 0 ],
        "scale": [ 1.75, 1.75, 1.75 ]
    },
    "ground": {
        "rotation": [ 0, 0, 0 ],
        "translation": [ 0, 3.59, 0 ],
        "scale": [ 0.5, 0.5, 0.5 ]
    },
    "fixed": {
        "rotation": [ 0, -90, 0 ],
        "translation": [ 0, 0, -2.27 ],
        "scale": [ 1, 1, 1 ]
    },
    "firstperson_righthand": {
        "rotation": [ 0, 21, 0 ],
        "translation": [ 3.59, 3.78, -4.16 ],
        "scale": [ 1, 1, 1 ]
    },
    "firstperson_lefthand": {
        "rotation": [ 0, -162, 0 ],
        "translation": [ 3.59, 3.78, -4.16 ],
        "scale": [ 1, 1, 1 ]
    },
    "gui": {
        "rotation": [ 45, 135, 0 ],
        "translation": [ 0, 0, 0 ],
        "scale": [ 0.5, 0.5, 0.5 ]
    }
}
}