{
"__comment": "Designed by MasterianoX",
"textures": {
    "particle": "items/plao5v/morph_hand",
    "texture": "entity/morph/morph"
},
"elements": [ 
{
    "from": [ 6.5, 0, 6.5 ],
    "to": [ 9.5, 3, 9.5 ],
    "faces": {
        "down":  { "uv": [ 10.5, 3.25, 11.25, 4 ], "texture": "#texture" },
        "up":    { "uv": [ 10.5, 3.25, 11.25, 4 ], "texture": "#texture" },
        "north": { "uv": [ 9.75, 4, 9, 4.75 ], "texture": "#texture" },
        "south": { "uv": [ 9.75, 4, 10.5, 4.75 ], "texture": "#texture" },
        "west":  { "uv": [ 11.25, 4, 10.5, 4.75 ], "texture": "#texture" },
        "east":  { "uv": [ 10.5, 4, 9.75, 4.75 ], "texture": "#texture" }
    }
},
{
    "from": [ 7, 3, 7 ],
    "to": [ 9, 3.5, 9 ],
    "faces": {
        "down":  { "uv": [ 8.25, 5, 8.75, 5.5 ], "texture": "#texture" },
        "up":    { "uv": [ 8.25, 5, 8.75, 5.5 ], "texture": "#texture" },
        "north": { "uv": [ 8.25, 5.25, 8.75, 5.5 ], "texture": "#texture" },
        "south": { "uv": [ 8.75, 5, 8.25, 5.25 ], "texture": "#texture" },
        "west":  { "uv": [ 8.25, 5.5, 8.5, 5 ], "rotation": 90, "texture": "#texture" },
        "east":  { "uv": [ 8.5, 5, 8.75, 5.5 ], "rotation": 90, "texture": "#texture" }
    }
},
{
    "from": [ 7.5, 3.5, 7.5 ],
    "to": [ 8.5, 4.5, 8.5 ],
    "faces": {
        "down":  { "uv": [ 8.25, 5, 8.5, 5.25 ], "texture": "#texture" },
        "up":    { "uv": [ 8.25, 5, 8.5, 5.25 ], "texture": "#texture" },
        "north": { "uv": [ 8.25, 5, 8.5, 5.25 ], "texture": "#texture" },
        "south": { "uv": [ 8.25, 5, 8.5, 5.25 ], "texture": "#texture" },
        "west":  { "uv": [ 8.25, 5, 8.5, 5.25 ], "texture": "#texture" },
        "east":  { "uv": [ 8.25, 5, 8.5, 5.25 ], "texture": "#texture" }
    }
},
{
    "from": [ 8, 3, 6 ],
    "to": [ 9, 5, 8 ],
    "rotation": { "origin": [ 8, 5, 6 ], "axis": "x", "angle": -45 },
    "faces": {
        "down":  { "uv": [ 9.25, 6.25, 9.5, 5.75 ], "texture": "#texture" },
        "up":    { "uv": [ 9, 5.75, 9.25, 6.25 ], "texture": "#texture" },
        "north": { "uv": [ 9, 5.75, 9.5, 6 ], "rotation": 90, "texture": "#texture" },
        "south": { "uv": [ 9, 6, 9.5, 6.25 ], "rotation": 90, "texture": "#texture" },
        "west":  { "uv": [ 9, 5.75, 9.5, 6.25 ], "rotation": 180, "texture": "#texture" },
        "east":  { "uv": [ 9, 5.75, 9.5, 6.25 ], "rotation": 90, "texture": "#texture" }
    }
},
{
    "from": [ 7, 3, 7 ],
    "to": [ 8, 5, 9 ],
    "rotation": { "origin": [ 7, 5, 7 ], "axis": "x", "angle": -45 },
    "faces": {
        "down":  { "uv": [ 8.5, 5.75, 8.75, 6.25 ], "texture": "#texture" },
        "up":    { "uv": [ 8.25, 5.75, 8.5, 6.25 ], "texture": "#texture" },
        "north": { "uv": [ 8.25, 5.75, 8.75, 6 ], "rotation": 90, "texture": "#texture" },
        "south": { "uv": [ 8.25, 6, 8.75, 6.25 ], "rotation": 90, "texture": "#texture" },
        "west":  { "uv": [ 8.25, 5.75, 8.75, 6.25 ], "texture": "#texture" },
        "east":  { "uv": [ 8.25, 5.75, 8.75, 6.25 ], "rotation": 90, "texture": "#texture" }
    }
},
{
    "from": [ 8.25, 4, 3.75 ],
    "to": [ 8.75, 8, 4.75 ],
    "rotation": { "origin": [ 8.25, 8, 3.75 ], "axis": "x", "angle": -45 },
    "faces": {
        "down":  { "uv": [ 9.75, 5.75, 10, 6 ], "texture": "#texture" },
        "up":    { "uv": [ 9.75, 5, 10, 5.25 ], "texture": "#texture" },
        "north": { "uv": [ 9.75, 5, 10, 6 ], "texture": "#texture" },
        "south": { "uv": [ 9.75, 5, 10, 6 ], "texture": "#texture" },
        "west":  { "uv": [ 9.75, 5, 10, 6 ], "texture": "#texture" },
        "east":  { "uv": [ 9.75, 5, 10, 6 ], "texture": "#texture" }
    }
},
{
    "from": [ 8.25, 8, 5.5 ],
    "to": [ 8.75, 13, 6.5 ],
    "rotation": { "origin": [ 8.25, 13, 5.5 ], "axis": "x", "angle": 22.5 },
    "faces": {
        "down":  { "uv": [ 10.75, 6, 11, 6.25 ], "texture": "#texture" },
        "up":    { "uv": [ 10.75, 5, 11, 5.25 ], "texture": "#texture" },
        "north": { "uv": [ 10.75, 5, 11, 6.25 ], "texture": "#texture" },
        "south": { "uv": [ 10.75, 5, 11, 6.25 ], "texture": "#texture" },
        "west":  { "uv": [ 10.75, 5, 11, 6.25 ], "texture": "#texture" },
        "east":  { "uv": [ 10.75, 5, 11, 6.25 ], "texture": "#texture" }
    }
},
{
    "from": [ 7.25, 4.75, 11.5 ],
    "to": [ 7.75, 8.75, 12.5 ],
    "rotation": { "origin": [ 7.25, 8.75, 11.5 ], "axis": "x", "angle": 45 },
    "faces": {
        "down":  { "uv": [ 10.25, 5.75, 10.5, 6 ], "texture": "#texture" },
        "up":    { "uv": [ 10.25, 5, 10.5, 5.25 ], "texture": "#texture" },
        "north": { "uv": [ 10.25, 5, 10.5, 6 ], "texture": "#texture" },
        "south": { "uv": [ 10.25, 5, 10.5, 6 ], "texture": "#texture" },
        "west":  { "uv": [ 10.25, 5, 10.5, 6 ], "texture": "#texture" },
        "east":  { "uv": [ 10.25, 5, 10.5, 6 ], "texture": "#texture" }
    }
},
{
    "from": [ 7.25, 6.5, 8.5 ],
    "to": [ 7.75, 11.5, 9.5 ],
    "rotation": { "origin": [ 7.25, 11.5, 8.5 ], "axis": "x", "angle": -45 },
    "faces": {
        "down":  { "uv": [ 11.25, 6, 11.5, 6.25 ], "texture": "#texture" },
        "up":    { "uv": [ 11.25, 5, 11.5, 5.25 ], "texture": "#texture" },
        "north": { "uv": [ 11.25, 5, 11.5, 6.25 ], "texture": "#texture" },
        "south": { "uv": [ 11.25, 5, 11.5, 6.25 ], "texture": "#texture" },
        "west":  { "uv": [ 11.25, 5, 11.5, 6.25 ], "texture": "#texture" },
        "east":  { "uv": [ 11.25, 5, 11.5, 6.25 ], "texture": "#texture" }
    }
}
],
"display": {
    "thirdperson_righthand": {
        "rotation": [ -90, 0, 0 ],
        "translation": [ 0, -2.27, -6.43 ],
        "scale": [ 1.2, 1.2, 1.2 ]
    },
    "thirdperson_lefthand": {
        "rotation": [ -90, 0, 0 ],
        "translation": [ 0, -2.27, -6.43 ],
        "scale": [ 1.2, 1.2, 1.2 ]
    },
    "ground": {
        "rotation": [ 0, 0, 0 ],
        "translation": [ 0, 3.21, 0 ],
        "scale": [ 0.5, 0.5, 0.5 ]
    },
    "fixed": {
        "rotation": [ 0, 90, 0 ],
        "translation": [ 0, 1.89, -0.76 ],
        "scale": [ 1, 1, 1 ]
    },
    "firstperson_righthand": {
        "rotation": [ -37, 0, 0 ],
        "translation": [ 0, 4.72, 0.19 ],
        "scale": [ 1, 1, 1 ]
    },
    "firstperson_lefthand": {
        "rotation": [ -37, 7, 0 ],
        "translation": [ 0, 4.72, -1.7 ],
        "scale": [ 1, 1, 1 ]
    },
    "gui": {
        "rotation": [ 45, 135, 0 ],
        "translation": [ 0, 2.46, 0 ],
        "scale": [ 1, 1, 1 ]
    }
}
}