{
"__comment": "Designed by MasterianoX",
"textures": {
    "particle": "entity/plutatron/plutatron2",
    "texture": "entity/plutatron/plutatron2"
},
"elements": [ 
{
    "from": [ 6, 12, 6 ],
    "to": [ 10, 16, 10 ],
    "faces": {
        "down":  { "uv": [ 4, 0, 6, 2 ], "texture": "#texture" },
        "up":    { "uv": [ 2, 0, 4, 2 ], "texture": "#texture" },
        "north": { "uv": [ 0, 2, 2, 4 ], "texture": "#texture" },
        "south": { "uv": [ 4, 2, 6, 4 ], "texture": "#texture" },
        "west":  { "uv": [ 2, 2, 0, 4 ], "texture": "#texture" },
        "east":  { "uv": [ 8, 2, 6, 4 ], "texture": "#texture" }
    }
},
{
    "from": [ 7, 5.5, 7 ],
    "to": [ 9, 15.5, 9 ],
    "faces": {
        "down":  { "uv": [ 10.5, 0, 11.5, 1 ], "texture": "#texture" },
        "up":    { "uv": [ 9.5, 0, 10.5, 1 ], "texture": "#texture" },
        "north": { "uv": [ 8.5, 1, 9.5, 6 ], "texture": "#texture" },
        "south": { "uv": [ 10.5, 1, 11.5, 6 ], "texture": "#texture" },
        "west":  { "uv": [ 9.5, 1, 10.5, 6 ], "texture": "#texture" },
        "east":  { "uv": [ 11.5, 1, 12.5, 6 ], "texture": "#texture" }
    }
},
{
    "from": [ 6, -1.5, 6 ],
    "to": [ 10, 5.5, 10 ],
    "faces": {
        "down":  { "uv": [ 4, 4, 6, 6 ], "texture": "#texture" },
        "up":    { "uv": [ 2, 4, 4, 6 ], "texture": "#texture" },
        "north": { "uv": [ 0, 6, 2, 9.5 ], "texture": "#texture" },
        "south": { "uv": [ 4, 6, 6, 9.5 ], "texture": "#texture" },
        "west":  { "uv": [ 2, 6, 4, 9.5 ], "texture": "#texture" },
        "east":  { "uv": [ 6, 6, 8, 9.5 ], "texture": "#texture" }
    }
},
{
    "from": [ 5.5, 4, 5.5 ],
    "to": [ 10.5, 5, 10.5 ],
    "faces": {
        "down":  { "uv": [ 11, 6.5, 8.5, 9 ], "rotation": 180, "texture": "#texture" },
        "up":    { "uv": [ 8.5, 6.5, 11, 9 ], "texture": "#texture" },
        "north": { "uv": [ 11, 6.5, 8.5, 7 ], "texture": "#texture" },
        "south": { "uv": [ 8.5, 8.5, 11, 9 ], "texture": "#texture" },
        "west":  { "uv": [ 8.5, 9, 9, 6.5 ], "rotation": 90, "texture": "#texture" },
        "east":  { "uv": [ 10.5, 6.5, 11, 9 ], "rotation": 90, "texture": "#texture" }
    }
},
{
    "from": [ 5.5, 2, 5.5 ],
    "to": [ 10.5, 3, 10.5 ],
    "faces": {
        "down":  { "uv": [ 11, 6.5, 8.5, 9 ], "rotation": 180, "texture": "#texture" },
        "up":    { "uv": [ 8.5, 6.5, 11, 9 ], "texture": "#texture" },
        "north": { "uv": [ 11, 6.5, 8.5, 7 ], "texture": "#texture" },
        "south": { "uv": [ 8.5, 8.5, 11, 9 ], "texture": "#texture" },
        "west":  { "uv": [ 8.5, 9, 9, 6.5 ], "rotation": 90, "texture": "#texture" },
        "east":  { "uv": [ 10.5, 6.5, 11, 9 ], "rotation": 90, "texture": "#texture" }
    }
}
],
"display": {
    "thirdperson_righthand": {
        "rotation": [ 90, 0, 0 ],
        "translation": [ 0, -2.08, 4.72 ],
        "scale": [ 1, 1, 1 ]
    },
    "thirdperson_lefthand": {
        "rotation": [ 90, 0, 0 ],
        "translation": [ 0, -2.08, 4.72 ],
        "scale": [ 1, 1, 1 ]
    },
    "ground": {
        "rotation": [ 0, 0, 0 ],
        "translation": [ 0, 6.8, 0 ],
        "scale": [ 0.5, 0.5, 0.5 ]
    },
    "fixed": {
        "rotation": [ 0, 0, 0 ],
        "translation": [ 0, 0, 0 ],
        "scale": [ 1, 1, 1 ]
    },
    "firstperson_righthand": {
        "rotation": [ 113, 0, 0 ],
        "translation": [ 0, 0, 2.65 ],
        "scale": [ 1, 1, 1 ]
    },
    "firstperson_lefthand": {
        "rotation": [ 113, 0, 0 ],
        "translation": [ 0, 0, 2.65 ],
        "scale": [ 1, 1, 1 ]
    },
    "gui": {
        "rotation": [ 45, 45, 0 ],
        "translation": [ 0, 0.57, 0 ],
        "scale": [ 0.75, 0.75, 0.75 ]
    }
}
}