{
   
"parent": "item/handheld",

"textures": {
        "layer0": "items/gold_shovel"

}
,
"overrides": [
 {"predicate": {"damage": 0.81818181818}, "model": "item/craftable/quiver_backpack/quiver"},
 {"predicate": {"damage": 0.84848484848}, "model": "item/craftable/quiver_backpack/backpack_cashmere"},
 {"predicate": {"damage": 0.87878787878}, "model": "item/craftable/quiver_backpack/backpack_wampa"},
 {"predicate": {"damage": 0.90909090909}, "model": "item/craftable/quiver_backpack/backpack_large"},
 {"predicate": {"damage": 0.93939393939}, "model": "item/craftable/quiver_backpack/backpack_medium"},
 {"predicate": {"damage": 0.96969696969}, "model": "item/craftable/quiver_backpack/backpack_small"}
]
}