{
   
"parent": "item/handheld",

"textures": {
        "layer0": "items/gold_sword"

}
,
"overrides": [
 {"predicate": {"damage": 0.81818181818}, "model": "item/inventory_editors/accessory_slot"},
 {"predicate": {"damage": 0.84848484848}, "model": "mob_addon/aquis/hag_arm"},
 {"predicate": {"damage": 0.87878787878}, "model": "item/inventory_editors/arrow_right"},
 {"predicate": {"damage": 0.90909090909}, "model": "mob_addon/plao5v/plutatron_hand"},
 {"predicate": {"damage": 0.93939393939}, "model": "item/inventory_editors/empty"},
 {"predicate": {"damage": 0.96969696969}, "model": "mob_addon/uthuma/demon_wings"}
]
}