{
"__comment": "Designed by MasterianoX",
"textures": {
    "particle": "entity/flying_saucer/flying_saucer",
    "texture": "entity/flying_saucer/flying_saucer"
},
"elements": [ 
{
    "from": [ 7, 0, 7 ],
    "to": [ 9, 0.5, 9 ],
    "faces": {
        "down":  { "uv": [ 2.25, 2.5, 2.75, 3 ], "texture": "#texture" },
        "up":    { "uv": [ 2.25, 2.5, 2.75, 3 ], "texture": "#texture" },
        "north": { "uv": [ 2.25, 3, 2.75, 3.25 ], "texture": "#texture" },
        "south": { "uv": [ 2.25, 2.5, 2.75, 2.75 ], "texture": "#texture" },
        "west":  { "uv": [ 2, 2.5, 2.25, 3 ], "rotation": 90, "texture": "#texture" },
        "east":  { "uv": [ 2.25, 2.5, 2.5, 3 ], "rotation": 90, "texture": "#texture" }
    }
},
{
    "from": [ 5, 0.5, 5 ],
    "to": [ 11, 1, 11 ],
    "faces": {
        "down":  { "uv": [ 2, 2, 3.5, 3.5 ], "texture": "#texture" },
        "up":    { "uv": [ 3.5, 2, 2, 3.5 ], "rotation": 180, "texture": "#texture" },
        "north": { "uv": [ 3.5, 3, 2, 3.25 ], "texture": "#texture" },
        "south": { "uv": [ 2, 2, 3.5, 2.25 ], "texture": "#texture" },
        "west":  { "uv": [ 2, 2, 2.25, 3.5 ], "rotation": 270, "texture": "#texture" },
        "east":  { "uv": [ 3, 3.5, 3.25, 2 ], "rotation": 90, "texture": "#texture" }
    }
},
{
    "from": [ 3, 1, 3 ],
    "to": [ 13, 1.5, 13 ],
    "faces": {
        "down":  { "uv": [ 1.5, 1.5, 4, 4 ], "texture": "#texture" },
        "up":    { "uv": [ 4, 1.5, 1.5, 4 ], "rotation": 180, "texture": "#texture" },
        "north": { "uv": [ 4, 3.75, 1.5, 4 ], "texture": "#texture" },
        "south": { "uv": [ 1.5, 1.5, 4, 1.75 ], "texture": "#texture" },
        "west":  { "uv": [ 1.5, 1.5, 1.75, 4 ], "rotation": 90, "texture": "#texture" },
        "east":  { "uv": [ 3.75, 4, 4, 1.5 ], "rotation": 90, "texture": "#texture" }
    }
},
{
    "from": [ 0, 1.5, 0 ],
    "to": [ 16, 2, 16 ],
    "faces": {
        "down":  { "uv": [ 0.75, 0.75, 4.75, 4.75 ], "texture": "#texture" },
        "up":    { "uv": [ 4.75, 0.75, 0.75, 4.75 ], "rotation": 180, "texture": "#texture" },
        "north": { "uv": [ 4.75, 4.5, 0.75, 4.75 ], "texture": "#texture" },
        "south": { "uv": [ 0.75, 0.75, 4.75, 1 ], "texture": "#texture" },
        "west":  { "uv": [ 0.75, 0.75, 1, 4.75 ], "rotation": 90, "texture": "#texture" },
        "east":  { "uv": [ 4.5, 4.75, 4.75, 0.75 ], "rotation": 90, "texture": "#texture" }
    }
},
{
    "from": [ -3, 2, -3 ],
    "to": [ 19, 2.5, 19 ],
    "faces": {
        "down":  { "uv": [ 0, 0, 5.5, 5.5 ], "texture": "#texture" },
        "up":    { "uv": [ 5.5, 0, 0, 5.5 ], "rotation": 180, "texture": "#texture" },
        "north": { "uv": [ 5.5, 5.25, 0, 5.5 ], "texture": "#texture" },
        "south": { "uv": [ 0, 0, 5.5, 0.25 ], "texture": "#texture" },
        "west":  { "uv": [ 0, 0, 0.25, 5.5 ], "rotation": 90, "texture": "#texture" },
        "east":  { "uv": [ 5.25, 5.5, 5.5, 0 ], "rotation": 90, "texture": "#texture" }
    }
},
{
    "from": [ -7, 2.5, -7 ],
    "to": [ 23, 4.5, 23 ],
    "faces": {
        "down":  { "uv": [ 7.75, 6.5, 15.25, 14 ], "texture": "#texture" },
        "up":    { "uv": [ 0, 6.5, 7.5, 14 ], "texture": "#texture" },
        "north": { "uv": [ 0, 5.75, 7.5, 6.25 ], "texture": "#texture" },
        "south": { "uv": [ 0, 5.75, 7.5, 6.25 ], "texture": "#texture" },
        "west":  { "uv": [ 7.5, 5.75, 15, 6.25 ], "texture": "#texture" },
        "east":  { "uv": [ 7.5, 5.75, 15, 6.25 ], "texture": "#texture" }
    }
},
{
    "from": [ -4, 4.5, -4 ],
    "to": [ 20, 5.5, 20 ],
    "faces": {
        "down":  { "uv": [ 0.75, 7.25, 6.75, 13.25 ], "texture": "#texture" },
        "up":    { "uv": [ 6.75, 7.25, 0.75, 13.25 ], "rotation": 180, "texture": "#texture" },
        "north": { "uv": [ 6.75, 13, 0.75, 13.25 ], "texture": "#texture" },
        "south": { "uv": [ 0.75, 7.25, 6.75, 7.5 ], "texture": "#texture" },
        "west":  { "uv": [ 0.75, 7.25, 1, 13.25 ], "rotation": 90, "texture": "#texture" },
        "east":  { "uv": [ 6.5, 13.25, 6.75, 7.25 ], "rotation": 90, "texture": "#texture" }
    }
},
{
    "from": [ -1, 5.5, -1 ],
    "to": [ 17, 6.5, 17 ],
    "faces": {
        "down":  { "uv": [ 1.5, 8, 6, 12.5 ], "texture": "#texture" },
        "up":    { "uv": [ 1.5, 8, 6, 12.5 ], "texture": "#texture" },
        "north": { "uv": [ 1.5, 12.25, 6, 12.5 ], "texture": "#texture" },
        "south": { "uv": [ 1.5, 8, 6, 8.25 ], "texture": "#texture" },
        "west":  { "uv": [ 1.5, 8, 1.75, 12.5 ], "rotation": 90, "texture": "#texture" },
        "east":  { "uv": [ 5.75, 12.5, 6, 8 ], "rotation": 90, "texture": "#texture" }
    }
},
{
    "from": [ 0, 6.5, 0 ],
    "to": [ 16, 7, 16 ],
    "faces": {
        "down":  { "uv": [ 1.75, 8.25, 5.75, 12.25 ], "texture": "#texture" },
        "up":    { "uv": [ 5.75, 8.25, 1.75, 12.25 ], "rotation": 180, "texture": "#texture" },
        "north": { "uv": [ 5.75, 12, 1.75, 12.25 ], "texture": "#texture" },
        "south": { "uv": [ 1.75, 8.25, 5.75, 8.5 ], "texture": "#texture" },
        "west":  { "uv": [ 1.75, 8.25, 2, 12.25 ], "rotation": 90, "texture": "#texture" },
        "east":  { "uv": [ 5.5, 12.25, 5.75, 8.25 ], "rotation": 90, "texture": "#texture" }
    }
},
{
    "from": [ 2, 7, 2 ],
    "to": [ 14, 8, 14 ],
    "faces": {
        "down":  { "uv": [ 5.75, 0, 8.75, 3 ], "texture": "#texture" },
        "up":    { "uv": [ 8.75, 0, 5.75, 3 ], "rotation": 180, "texture": "#texture" },
        "north": { "uv": [ 8.75, 2.75, 5.75, 3 ], "texture": "#texture" },
        "south": { "uv": [ 5.75, 0, 8.75, 0.25 ], "texture": "#texture" },
        "west":  { "uv": [ 5.75, 0, 6, 3 ], "rotation": 90, "texture": "#texture" },
        "east":  { "uv": [ 8.5, 3, 8.75, 0 ], "rotation": 90, "texture": "#texture" }
    }
},
{
    "from": [ 2.5, 8, 2.5 ],
    "to": [ 13.5, 9, 13.5 ],
    "faces": {
        "down":  { "uv": [ 5.75, 0, 8.5, 2.75 ], "texture": "#texture" },
        "up":    { "uv": [ 8.5, 0, 5.75, 2.75 ], "rotation": 180, "texture": "#texture" },
        "north": { "uv": [ 8.5, 2.5, 5.75, 2.75 ], "texture": "#texture" },
        "south": { "uv": [ 5.75, 0, 8.5, 0.25 ], "texture": "#texture" },
        "west":  { "uv": [ 5.75, 0, 6, 2.75 ], "rotation": 90, "texture": "#texture" },
        "east":  { "uv": [ 8.25, 2.75, 8.5, 0 ], "rotation": 90, "texture": "#texture" }
    }
},
{
    "from": [ 3, 9, 3 ],
    "to": [ 13, 10, 13 ],
    "faces": {
        "down":  { "uv": [ 6, 0.25, 8.5, 2.75 ], "texture": "#texture" },
        "up":    { "uv": [ 8.5, 0.25, 6, 2.75 ], "rotation": 180, "texture": "#texture" },
        "north": { "uv": [ 8.5, 2.5, 6, 2.75 ], "texture": "#texture" },
        "south": { "uv": [ 6, 0.25, 8.5, 0.5 ], "texture": "#texture" },
        "west":  { "uv": [ 6, 0.25, 6.25, 2.75 ], "rotation": 90, "texture": "#texture" },
        "east":  { "uv": [ 8.25, 2.75, 8.5, 0.25 ], "rotation": 90, "texture": "#texture" }
    }
},
{
    "from": [ 4, 10, 4 ],
    "to": [ 12, 10.5, 12 ],
    "faces": {
        "down":  { "uv": [ 6.25, 0.5, 8.25, 2.5 ], "texture": "#texture" },
        "up":    { "uv": [ 8.25, 0.5, 6.25, 2.5 ], "rotation": 180, "texture": "#texture" },
        "north": { "uv": [ 8.25, 2.25, 6.25, 2.5 ], "texture": "#texture" },
        "south": { "uv": [ 6.25, 0.5, 8.25, 0.75 ], "texture": "#texture" },
        "west":  { "uv": [ 6.25, 0.5, 6.5, 2.5 ], "rotation": 90, "texture": "#texture" },
        "east":  { "uv": [ 8, 2.5, 8.25, 0.5 ], "rotation": 90, "texture": "#texture" }
    }
},
{
    "from": [ 5, 10.5, 5 ],
    "to": [ 11, 11, 11 ],
    "faces": {
        "down":  { "uv": [ 6.5, 0.75, 8, 2.25 ], "texture": "#texture" },
        "up":    { "uv": [ 8, 0.75, 6.5, 2.25 ], "rotation": 180, "texture": "#texture" },
        "north": { "uv": [ 8, 2, 6.5, 2.25 ], "texture": "#texture" },
        "south": { "uv": [ 6.5, 0.75, 8, 1 ], "texture": "#texture" },
        "west":  { "uv": [ 6.5, 0.75, 6.75, 2.25 ], "rotation": 90, "texture": "#texture" },
        "east":  { "uv": [ 7.75, 2.25, 8, 0.75 ], "rotation": 90, "texture": "#texture" }
    }
},
{
    "from": [ -2, 4.5, -7 ],
    "to": [ 1, 5, -4 ],
    "faces": {
        "down":  { "uv": [ 5.75, 3.25, 6.5, 4 ], "texture": "#texture" },
        "up":    { "uv": [ 6.5, 3.25, 5.75, 4 ], "rotation": 180, "texture": "#texture" },
        "north": { "uv": [ 6.5, 3.75, 5.75, 4 ], "texture": "#texture" },
        "south": { "uv": [ 5.75, 3.25, 6.5, 3.5 ], "texture": "#texture" },
        "west":  { "uv": [ 5.75, 3.25, 6, 4 ], "rotation": 90, "texture": "#texture" },
        "east":  { "uv": [ 6.25, 4, 6.5, 3.25 ], "rotation": 90, "texture": "#texture" }
    }
},
{
    "from": [ 15, 4.5, -7 ],
    "to": [ 18, 5, -4 ],
    "faces": {
        "down":  { "uv": [ 5.75, 3.25, 6.5, 4 ], "texture": "#texture" },
        "up":    { "uv": [ 6.5, 3.25, 5.75, 4 ], "rotation": 180, "texture": "#texture" },
        "north": { "uv": [ 6.5, 3.75, 5.75, 4 ], "texture": "#texture" },
        "south": { "uv": [ 5.75, 3.25, 6.5, 3.5 ], "texture": "#texture" },
        "west":  { "uv": [ 5.75, 3.25, 6, 4 ], "rotation": 90, "texture": "#texture" },
        "east":  { "uv": [ 6.25, 4, 6.5, 3.25 ], "rotation": 90, "texture": "#texture" }
    }
},
{
    "from": [ 6.5, 4.5, -7 ],
    "to": [ 9.5, 5, -4 ],
    "faces": {
        "down":  { "uv": [ 5.75, 3.25, 6.5, 4 ], "texture": "#texture" },
        "up":    { "uv": [ 6.5, 3.25, 5.75, 4 ], "rotation": 180, "texture": "#texture" },
        "north": { "uv": [ 6.5, 3.75, 5.75, 4 ], "texture": "#texture" },
        "south": { "uv": [ 5.75, 3.25, 6.5, 3.5 ], "texture": "#texture" },
        "west":  { "uv": [ 5.75, 3.25, 6, 4 ], "rotation": 90, "texture": "#texture" },
        "east":  { "uv": [ 6.25, 4, 6.5, 3.25 ], "rotation": 90, "texture": "#texture" }
    }
},
{
    "from": [ -2, 4.5, 20 ],
    "to": [ 1, 5, 23 ],
    "faces": {
        "down":  { "uv": [ 5.75, 3.25, 6.5, 4 ], "texture": "#texture" },
        "up":    { "uv": [ 6.5, 3.25, 5.75, 4 ], "rotation": 180, "texture": "#texture" },
        "north": { "uv": [ 6.5, 3.75, 5.75, 4 ], "texture": "#texture" },
        "south": { "uv": [ 5.75, 3.25, 6.5, 3.5 ], "texture": "#texture" },
        "west":  { "uv": [ 5.75, 3.25, 6, 4 ], "rotation": 90, "texture": "#texture" },
        "east":  { "uv": [ 6.25, 4, 6.5, 3.25 ], "rotation": 90, "texture": "#texture" }
    }
},
{
    "from": [ 15, 4.5, 20 ],
    "to": [ 18, 5, 23 ],
    "faces": {
        "down":  { "uv": [ 5.75, 3.25, 6.5, 4 ], "texture": "#texture" },
        "up":    { "uv": [ 6.5, 3.25, 5.75, 4 ], "rotation": 180, "texture": "#texture" },
        "north": { "uv": [ 6.5, 3.75, 5.75, 4 ], "texture": "#texture" },
        "south": { "uv": [ 5.75, 3.25, 6.5, 3.5 ], "texture": "#texture" },
        "west":  { "uv": [ 5.75, 3.25, 6, 4 ], "rotation": 90, "texture": "#texture" },
        "east":  { "uv": [ 6.25, 4, 6.5, 3.25 ], "rotation": 90, "texture": "#texture" }
    }
},
{
    "from": [ 6.5, 4.5, 20 ],
    "to": [ 9.5, 5, 23 ],
    "faces": {
        "down":  { "uv": [ 5.75, 3.25, 6.5, 4 ], "texture": "#texture" },
        "up":    { "uv": [ 6.5, 3.25, 5.75, 4 ], "rotation": 180, "texture": "#texture" },
        "north": { "uv": [ 6.5, 3.75, 5.75, 4 ], "texture": "#texture" },
        "south": { "uv": [ 5.75, 3.25, 6.5, 3.5 ], "texture": "#texture" },
        "west":  { "uv": [ 5.75, 3.25, 6, 4 ], "rotation": 90, "texture": "#texture" },
        "east":  { "uv": [ 6.25, 4, 6.5, 3.25 ], "rotation": 90, "texture": "#texture" }
    }
},
{
    "from": [ 20, 4.5, -2 ],
    "to": [ 23, 5, 1 ],
    "faces": {
        "down":  { "uv": [ 5.75, 3.25, 6.5, 4 ], "texture": "#texture" },
        "up":    { "uv": [ 6.5, 3.25, 5.75, 4 ], "rotation": 180, "texture": "#texture" },
        "north": { "uv": [ 6.5, 3.75, 5.75, 4 ], "texture": "#texture" },
        "south": { "uv": [ 5.75, 3.25, 6.5, 3.5 ], "texture": "#texture" },
        "west":  { "uv": [ 5.75, 3.25, 6, 4 ], "rotation": 90, "texture": "#texture" },
        "east":  { "uv": [ 6.25, 4, 6.5, 3.25 ], "rotation": 90, "texture": "#texture" }
    }
},
{
    "from": [ 20, 4.5, 15 ],
    "to": [ 23, 5, 18 ],
    "faces": {
        "down":  { "uv": [ 5.75, 3.25, 6.5, 4 ], "texture": "#texture" },
        "up":    { "uv": [ 6.5, 3.25, 5.75, 4 ], "rotation": 180, "texture": "#texture" },
        "north": { "uv": [ 6.5, 3.75, 5.75, 4 ], "texture": "#texture" },
        "south": { "uv": [ 5.75, 3.25, 6.5, 3.5 ], "texture": "#texture" },
        "west":  { "uv": [ 5.75, 3.25, 6, 4 ], "rotation": 90, "texture": "#texture" },
        "east":  { "uv": [ 6.25, 4, 6.5, 3.25 ], "rotation": 90, "texture": "#texture" }
    }
},
{
    "from": [ 20, 4.5, 6.5 ],
    "to": [ 23, 5, 9.5 ],
    "faces": {
        "down":  { "uv": [ 5.75, 3.25, 6.5, 4 ], "texture": "#texture" },
        "up":    { "uv": [ 6.5, 3.25, 5.75, 4 ], "rotation": 180, "texture": "#texture" },
        "north": { "uv": [ 6.5, 3.75, 5.75, 4 ], "texture": "#texture" },
        "south": { "uv": [ 5.75, 3.25, 6.5, 3.5 ], "texture": "#texture" },
        "west":  { "uv": [ 5.75, 3.25, 6, 4 ], "rotation": 90, "texture": "#texture" },
        "east":  { "uv": [ 6.25, 4, 6.5, 3.25 ], "rotation": 90, "texture": "#texture" }
    }
},
{
    "from": [ -7, 4.5, -2 ],
    "to": [ -4, 5, 1 ],
    "faces": {
        "down":  { "uv": [ 5.75, 3.25, 6.5, 4 ], "texture": "#texture" },
        "up":    { "uv": [ 6.5, 3.25, 5.75, 4 ], "rotation": 180, "texture": "#texture" },
        "north": { "uv": [ 6.5, 3.75, 5.75, 4 ], "texture": "#texture" },
        "south": { "uv": [ 5.75, 3.25, 6.5, 3.5 ], "texture": "#texture" },
        "west":  { "uv": [ 5.75, 3.25, 6, 4 ], "rotation": 90, "texture": "#texture" },
        "east":  { "uv": [ 6.25, 4, 6.5, 3.25 ], "rotation": 90, "texture": "#texture" }
    }
},
{
    "from": [ -7, 4.5, 15 ],
    "to": [ -4, 5, 18 ],
    "faces": {
        "down":  { "uv": [ 5.75, 3.25, 6.5, 4 ], "texture": "#texture" },
        "up":    { "uv": [ 6.5, 3.25, 5.75, 4 ], "rotation": 180, "texture": "#texture" },
        "north": { "uv": [ 6.5, 3.75, 5.75, 4 ], "texture": "#texture" },
        "south": { "uv": [ 5.75, 3.25, 6.5, 3.5 ], "texture": "#texture" },
        "west":  { "uv": [ 5.75, 3.25, 6, 4 ], "rotation": 90, "texture": "#texture" },
        "east":  { "uv": [ 6.25, 4, 6.5, 3.25 ], "rotation": 90, "texture": "#texture" }
    }
},
{
    "from": [ -7, 4.5, 6.5 ],
    "to": [ -4, 5, 9.5 ],
    "faces": {
        "down":  { "uv": [ 5.75, 3.25, 6.5, 4 ], "texture": "#texture" },
        "up":    { "uv": [ 6.5, 3.25, 5.75, 4 ], "rotation": 180, "texture": "#texture" },
        "north": { "uv": [ 6.5, 3.75, 5.75, 4 ], "texture": "#texture" },
        "south": { "uv": [ 5.75, 3.25, 6.5, 3.5 ], "texture": "#texture" },
        "west":  { "uv": [ 5.75, 3.25, 6, 4 ], "rotation": 90, "texture": "#texture" },
        "east":  { "uv": [ 6.25, 4, 6.5, 3.25 ], "rotation": 90, "texture": "#texture" }
    }
},
{
    "from": [ -2, 2, -7 ],
    "to": [ 1, 2.5, -4 ],
    "faces": {
        "down":  { "uv": [ 5.75, 3.25, 6.5, 4 ], "texture": "#texture" },
        "up":    { "uv": [ 6.5, 3.25, 5.75, 4 ], "rotation": 180, "texture": "#texture" },
        "north": { "uv": [ 6.5, 3.75, 5.75, 4 ], "texture": "#texture" },
        "south": { "uv": [ 5.75, 3.25, 6.5, 3.5 ], "texture": "#texture" },
        "west":  { "uv": [ 5.75, 3.25, 6, 4 ], "rotation": 90, "texture": "#texture" },
        "east":  { "uv": [ 6.25, 4, 6.5, 3.25 ], "rotation": 90, "texture": "#texture" }
    }
},
{
    "from": [ 15, 2, -7 ],
    "to": [ 18, 2.5, -4 ],
    "faces": {
        "down":  { "uv": [ 5.75, 3.25, 6.5, 4 ], "texture": "#texture" },
        "up":    { "uv": [ 6.5, 3.25, 5.75, 4 ], "rotation": 180, "texture": "#texture" },
        "north": { "uv": [ 6.5, 3.75, 5.75, 4 ], "texture": "#texture" },
        "south": { "uv": [ 5.75, 3.25, 6.5, 3.5 ], "texture": "#texture" },
        "west":  { "uv": [ 5.75, 3.25, 6, 4 ], "rotation": 90, "texture": "#texture" },
        "east":  { "uv": [ 6.25, 4, 6.5, 3.25 ], "rotation": 90, "texture": "#texture" }
    }
},
{
    "from": [ 6.5, 2, -7 ],
    "to": [ 9.5, 2.5, -4 ],
    "faces": {
        "down":  { "uv": [ 5.75, 3.25, 6.5, 4 ], "texture": "#texture" },
        "up":    { "uv": [ 6.5, 3.25, 5.75, 4 ], "rotation": 180, "texture": "#texture" },
        "north": { "uv": [ 6.5, 3.75, 5.75, 4 ], "texture": "#texture" },
        "south": { "uv": [ 5.75, 3.25, 6.5, 3.5 ], "texture": "#texture" },
        "west":  { "uv": [ 5.75, 3.25, 6, 4 ], "rotation": 90, "texture": "#texture" },
        "east":  { "uv": [ 6.25, 4, 6.5, 3.25 ], "rotation": 90, "texture": "#texture" }
    }
},
{
    "from": [ -2, 2, 20 ],
    "to": [ 1, 2.5, 23 ],
    "faces": {
        "down":  { "uv": [ 5.75, 3.25, 6.5, 4 ], "texture": "#texture" },
        "up":    { "uv": [ 6.5, 3.25, 5.75, 4 ], "rotation": 180, "texture": "#texture" },
        "north": { "uv": [ 6.5, 3.75, 5.75, 4 ], "texture": "#texture" },
        "south": { "uv": [ 5.75, 3.25, 6.5, 3.5 ], "texture": "#texture" },
        "west":  { "uv": [ 5.75, 3.25, 6, 4 ], "rotation": 90, "texture": "#texture" },
        "east":  { "uv": [ 6.25, 4, 6.5, 3.25 ], "rotation": 90, "texture": "#texture" }
    }
},
{
    "from": [ 15, 2, 20 ],
    "to": [ 18, 2.5, 23 ],
    "faces": {
        "down":  { "uv": [ 5.75, 3.25, 6.5, 4 ], "texture": "#texture" },
        "up":    { "uv": [ 6.5, 3.25, 5.75, 4 ], "rotation": 180, "texture": "#texture" },
        "north": { "uv": [ 6.5, 3.75, 5.75, 4 ], "texture": "#texture" },
        "south": { "uv": [ 5.75, 3.25, 6.5, 3.5 ], "texture": "#texture" },
        "west":  { "uv": [ 5.75, 3.25, 6, 4 ], "rotation": 90, "texture": "#texture" },
        "east":  { "uv": [ 6.25, 4, 6.5, 3.25 ], "rotation": 90, "texture": "#texture" }
    }
},
{
    "from": [ 6.5, 2, 20 ],
    "to": [ 9.5, 2.5, 23 ],
    "faces": {
        "down":  { "uv": [ 5.75, 3.25, 6.5, 4 ], "texture": "#texture" },
        "up":    { "uv": [ 6.5, 3.25, 5.75, 4 ], "rotation": 180, "texture": "#texture" },
        "north": { "uv": [ 6.5, 3.75, 5.75, 4 ], "texture": "#texture" },
        "south": { "uv": [ 5.75, 3.25, 6.5, 3.5 ], "texture": "#texture" },
        "west":  { "uv": [ 5.75, 3.25, 6, 4 ], "rotation": 90, "texture": "#texture" },
        "east":  { "uv": [ 6.25, 4, 6.5, 3.25 ], "rotation": 90, "texture": "#texture" }
    }
},
{
    "from": [ 20, 2, -2 ],
    "to": [ 23, 2.5, 1 ],
    "faces": {
        "down":  { "uv": [ 5.75, 3.25, 6.5, 4 ], "texture": "#texture" },
        "up":    { "uv": [ 6.5, 3.25, 5.75, 4 ], "rotation": 180, "texture": "#texture" },
        "north": { "uv": [ 6.5, 3.75, 5.75, 4 ], "texture": "#texture" },
        "south": { "uv": [ 5.75, 3.25, 6.5, 3.5 ], "texture": "#texture" },
        "west":  { "uv": [ 5.75, 3.25, 6, 4 ], "rotation": 90, "texture": "#texture" },
        "east":  { "uv": [ 6.25, 4, 6.5, 3.25 ], "rotation": 90, "texture": "#texture" }
    }
},
{
    "from": [ 20, 2, 15 ],
    "to": [ 23, 2.5, 18 ],
    "faces": {
        "down":  { "uv": [ 5.75, 3.25, 6.5, 4 ], "texture": "#texture" },
        "up":    { "uv": [ 6.5, 3.25, 5.75, 4 ], "rotation": 180, "texture": "#texture" },
        "north": { "uv": [ 6.5, 3.75, 5.75, 4 ], "texture": "#texture" },
        "south": { "uv": [ 5.75, 3.25, 6.5, 3.5 ], "texture": "#texture" },
        "west":  { "uv": [ 5.75, 3.25, 6, 4 ], "rotation": 90, "texture": "#texture" },
        "east":  { "uv": [ 6.25, 4, 6.5, 3.25 ], "rotation": 90, "texture": "#texture" }
    }
},
{
    "from": [ 20, 2, 6.5 ],
    "to": [ 23, 2.5, 9.5 ],
    "faces": {
        "down":  { "uv": [ 5.75, 3.25, 6.5, 4 ], "texture": "#texture" },
        "up":    { "uv": [ 6.5, 3.25, 5.75, 4 ], "rotation": 180, "texture": "#texture" },
        "north": { "uv": [ 6.5, 3.75, 5.75, 4 ], "texture": "#texture" },
        "south": { "uv": [ 5.75, 3.25, 6.5, 3.5 ], "texture": "#texture" },
        "west":  { "uv": [ 5.75, 3.25, 6, 4 ], "rotation": 90, "texture": "#texture" },
        "east":  { "uv": [ 6.25, 4, 6.5, 3.25 ], "rotation": 90, "texture": "#texture" }
    }
},
{
    "from": [ -7, 2, -2 ],
    "to": [ -4, 2.5, 1 ],
    "faces": {
        "down":  { "uv": [ 5.75, 3.25, 6.5, 4 ], "texture": "#texture" },
        "up":    { "uv": [ 6.5, 3.25, 5.75, 4 ], "rotation": 180, "texture": "#texture" },
        "north": { "uv": [ 6.5, 3.75, 5.75, 4 ], "texture": "#texture" },
        "south": { "uv": [ 5.75, 3.25, 6.5, 3.5 ], "texture": "#texture" },
        "west":  { "uv": [ 5.75, 3.25, 6, 4 ], "rotation": 90, "texture": "#texture" },
        "east":  { "uv": [ 6.25, 4, 6.5, 3.25 ], "rotation": 90, "texture": "#texture" }
    }
},
{
    "from": [ -7, 2, 15 ],
    "to": [ -4, 2.5, 18 ],
    "faces": {
        "down":  { "uv": [ 5.75, 3.25, 6.5, 4 ], "texture": "#texture" },
        "up":    { "uv": [ 6.5, 3.25, 5.75, 4 ], "rotation": 180, "texture": "#texture" },
        "north": { "uv": [ 6.5, 3.75, 5.75, 4 ], "texture": "#texture" },
        "south": { "uv": [ 5.75, 3.25, 6.5, 3.5 ], "texture": "#texture" },
        "west":  { "uv": [ 5.75, 3.25, 6, 4 ], "rotation": 90, "texture": "#texture" },
        "east":  { "uv": [ 6.25, 4, 6.5, 3.25 ], "rotation": 90, "texture": "#texture" }
    }
},
{
    "from": [ -7, 2, 6.5 ],
    "to": [ -4, 2.5, 9.5 ],
    "faces": {
        "down":  { "uv": [ 5.75, 3.25, 6.5, 4 ], "texture": "#texture" },
        "up":    { "uv": [ 6.5, 3.25, 5.75, 4 ], "rotation": 180, "texture": "#texture" },
        "north": { "uv": [ 6.5, 3.75, 5.75, 4 ], "texture": "#texture" },
        "south": { "uv": [ 5.75, 3.25, 6.5, 3.5 ], "texture": "#texture" },
        "west":  { "uv": [ 5.75, 3.25, 6, 4 ], "rotation": 90, "texture": "#texture" },
        "east":  { "uv": [ 6.25, 4, 6.5, 3.25 ], "rotation": 90, "texture": "#texture" }
    }
}
],
"display": {
    "thirdperson_righthand": {
        "rotation": [ 65, 0, 0 ],
        "translation": [ -6.61, 2.65, 24 ],
        "scale": [ 2, 2, 2 ]
    },
    "thirdperson_lefthand": {
        "rotation": [ 65, 0, 0 ],
        "translation": [ -6.61, 2.65, 24 ],
        "scale": [ 2, 2, 2 ]
    },
    "head": {
        "rotation": [ 0, 0, 0 ],
        "translation": [ 0, 24, 0 ],
        "scale": [ 4, 4, 4 ]
    },
    "ground": {
        "rotation": [ 0, 0, 0 ],
        "translation": [ 0, 5.1, 0 ],
        "scale": [ 0.25, 0.25, 0.25 ]
    },
    "fixed": {
        "rotation": [ 0, 0, 0 ],
        "translation": [ 0, 0, 0 ],
        "scale": [ 0.35, 0.35, 0.35 ]
    },
    "firstperson_righthand": {
        "rotation": [ 0, 0, 0 ],
        "translation": [ 0, 3.4, 0 ],
        "scale": [ 0.5, 0.5, 0.5 ]
    },
    "firstperson_lefthand": {
        "rotation": [ 0, 0, 0 ],
        "translation": [ 0, 3.4, 0 ],
        "scale": [ 0.5, 0.5, 0.5 ]
    },
    "gui": {
        "rotation": [ 45, 135, 0 ],
        "translation": [ 0, 0.94, 0 ],
        "scale": [ 0.35, 0.35, 0.35 ]
    }
}
}