{
"__comment": "Designed by MasterianoX",
"textures": {
    "particle": "entity/tenticul/tenticul",
    "texture": "entity/tenticul/tenticul"
},
"elements": [ 
{
    "from": [ 5, 2, 5 ],
    "to": [ 11, 8, 11 ],
    "faces": {
        "down":  { "uv": [ 6, 0, 9, 3 ], "rotation": 90, "texture": "#texture" },
        "up":    { "uv": [ 3, 0, 6, 3 ], "rotation": 90, "texture": "#texture" },
        "north": { "uv": [ 0, 3, 3, 6 ], "texture": "#texture" },
        "south": { "uv": [ 6, 3, 9, 6 ], "texture": "#texture" },
        "west":  { "uv": [ 3, 3, 6, 6 ], "texture": "#texture" },
        "east":  { "uv": [ 9, 3, 12, 6 ], "texture": "#texture" }
    }
},
{
    "from": [ 6, 3, 4 ],
    "to": [ 10, 7, 5 ],
    "faces": {
        "down":  { "uv": [ 2.5, 5, 0.5, 5.5 ], "texture": "#texture" },
        "up":    { "uv": [ 2.5, 3.5, 0.5, 4 ], "texture": "#texture" },
        "north": { "uv": [ 0.5, 3.5, 2.5, 5.5 ], "texture": "#texture" },
        "south": { "uv": [ 0.5, 3.5, 2.5, 5.5 ], "texture": "#texture" },
        "west":  { "uv": [ 2, 3.5, 2.5, 5.5 ], "texture": "#texture" },
        "east":  { "uv": [ 0.5, 3.5, 1, 5.5 ], "texture": "#texture" }
    }
},
{
    "from": [ 6, 8, 6 ],
    "to": [ 10, 9, 10 ],
    "faces": {
        "down":  { "uv": [ 3.5, 0.5, 5.5, 2.5 ], "texture": "#texture" },
        "up":    { "uv": [ 3.5, 0.5, 5.5, 2.5 ], "rotation": 90, "texture": "#texture" },
        "north": { "uv": [ 3.5, 2.5, 4, 0.5 ], "rotation": 90, "texture": "#texture" },
        "south": { "uv": [ 5, 0.5, 5.5, 2.5 ], "rotation": 90, "texture": "#texture" },
        "west":  { "uv": [ 3.5, 2, 5.5, 2.5 ], "texture": "#texture" },
        "east":  { "uv": [ 5.5, 0.5, 3.5, 1 ], "texture": "#texture" }
    }
},
{
    "from": [ 4, 3, 6 ],
    "to": [ 5, 7, 10 ],
    "faces": {
        "down":  { "uv": [ 5.5, 5, 3.5, 5.5 ], "rotation": 90, "texture": "#texture" },
        "up":    { "uv": [ 3.5, 3.5, 5.5, 4 ], "rotation": 90, "texture": "#texture" },
        "north": { "uv": [ 3.5, 3.5, 4, 5.5 ], "texture": "#texture" },
        "south": { "uv": [ 5, 3.5, 5.5, 5.5 ], "texture": "#texture" },
        "west":  { "uv": [ 3.5, 3.5, 5.5, 5.5 ], "texture": "#texture" },
        "east":  { "uv": [ 3.5, 3.5, 5.5, 5.5 ], "texture": "#texture" }
    }
},
{
    "from": [ 6, 3, 11 ],
    "to": [ 10, 7, 12 ],
    "faces": {
        "down":  { "uv": [ 6.5, 5, 8.5, 5.5 ], "texture": "#texture" },
        "up":    { "uv": [ 6.5, 3.5, 8.5, 4 ], "texture": "#texture" },
        "north": { "uv": [ 6.5, 3.5, 8.5, 5.5 ], "texture": "#texture" },
        "south": { "uv": [ 6.5, 3.5, 8.5, 5.5 ], "texture": "#texture" },
        "west":  { "uv": [ 6.5, 3.5, 7, 5.5 ], "texture": "#texture" },
        "east":  { "uv": [ 8, 3.5, 8.5, 5.5 ], "texture": "#texture" }
    }
},
{
    "from": [ 11, 3, 6 ],
    "to": [ 12, 7, 10 ],
    "faces": {
        "down":  { "uv": [ 9.5, 5, 11.5, 5.5 ], "rotation": 90, "texture": "#texture" },
        "up":    { "uv": [ 11.5, 3.5, 9.5, 4 ], "rotation": 90, "texture": "#texture" },
        "north": { "uv": [ 11, 3.5, 11.5, 5.5 ], "texture": "#texture" },
        "south": { "uv": [ 9.5, 3.5, 10, 5.5 ], "texture": "#texture" },
        "west":  { "uv": [ 9.5, 3.5, 11.5, 5.5 ], "texture": "#texture" },
        "east":  { "uv": [ 9.5, 3.5, 11.5, 5.5 ], "texture": "#texture" }
    }
},
{
    "from": [ 6, 1, 6 ],
    "to": [ 10, 2, 10 ],
    "faces": {
        "down":  { "uv": [ 6.5, 0.5, 8.5, 2.5 ], "rotation": 90, "texture": "#texture" },
        "up":    { "uv": [ 6.5, 0.5, 8.5, 2.5 ], "rotation": 90, "texture": "#texture" },
        "north": { "uv": [ 8, 2.5, 8.5, 0.5 ], "rotation": 90, "texture": "#texture" },
        "south": { "uv": [ 6.5, 0.5, 7, 2.5 ], "rotation": 90, "texture": "#texture" },
        "west":  { "uv": [ 8.5, 2, 6.5, 2.5 ], "texture": "#texture" },
        "east":  { "uv": [ 6.5, 0.5, 8.5, 1 ], "texture": "#texture" }
    }
},
{
    "from": [ 9.5, -2.5, 6.5 ],
    "to": [ 10.5, 1.5, 7.5 ],
    "rotation": { "origin": [ 9.5, 1.5, 6.5 ], "axis": "z", "angle": 45 },
    "faces": {
        "down":  { "uv": [ 0, 8, 0.5, 8.5 ], "texture": "#texture" },
        "up":    { "uv": [ 0, 6.5, 0.5, 7 ], "texture": "#texture" },
        "north": { "uv": [ 0, 6.5, 0.5, 8.5 ], "texture": "#texture" },
        "south": { "uv": [ 0, 6.5, 0.5, 8.5 ], "texture": "#texture" },
        "west":  { "uv": [ 0, 6.5, 0.5, 8.5 ], "texture": "#texture" },
        "east":  { "uv": [ 0, 6.5, 0.5, 8.5 ], "texture": "#texture" }
    }
},
{
    "from": [ 9.5, -2, 6.5 ],
    "to": [ 10.5, 2, 7.5 ],
    "rotation": { "origin": [ 9.5, 2, 6.5 ], "axis": "z", "angle": 22.5 },
    "faces": {
        "down":  { "uv": [ 1, 8, 1.5, 8.5 ], "texture": "#texture" },
        "up":    { "uv": [ 1, 6.5, 1.5, 7 ], "texture": "#texture" },
        "north": { "uv": [ 1, 6.5, 1.5, 8.5 ], "texture": "#texture" },
        "south": { "uv": [ 1, 6.5, 1.5, 8.5 ], "texture": "#texture" },
        "west":  { "uv": [ 1, 6.5, 1.5, 8.5 ], "texture": "#texture" },
        "east":  { "uv": [ 1, 6.5, 1.5, 8.5 ], "texture": "#texture" }
    }
},
{
    "from": [ 10, 1.5, 6.5 ],
    "to": [ 14, 2.5, 7.5 ],
    "rotation": { "origin": [ 10, 2.5, 6.5 ], "axis": "z", "angle": -22.5 },
    "faces": {
        "down":  { "uv": [ 2, 8.5, 2.5, 6.5 ], "rotation": 90, "texture": "#texture" },
        "up":    { "uv": [ 2, 8.5, 2.5, 6.5 ], "rotation": 90, "texture": "#texture" },
        "north": { "uv": [ 2, 6.5, 2.5, 8.5 ], "rotation": 90, "texture": "#texture" },
        "south": { "uv": [ 2, 8.5, 2.5, 6.5 ], "rotation": 90, "texture": "#texture" },
        "west":  { "uv": [ 2, 6.5, 2.5, 7 ], "texture": "#texture" },
        "east":  { "uv": [ 2, 8, 2.5, 8.5 ], "texture": "#texture" }
    }
},
{
    "from": [ 12, 4, 7.5 ],
    "to": [ 15, 5, 8.5 ],
    "faces": {
        "down":  { "uv": [ 0, 10.5, 0.5, 9 ], "rotation": 90, "texture": "#texture" },
        "up":    { "uv": [ 0, 10.5, 0.5, 9 ], "rotation": 90, "texture": "#texture" },
        "north": { "uv": [ 0, 9, 0.5, 10.5 ], "rotation": 90, "texture": "#texture" },
        "south": { "uv": [ 0, 10.5, 0.5, 9 ], "rotation": 90, "texture": "#texture" },
        "west":  { "uv": [ 0, 9, 0.5, 9.5 ], "texture": "#texture" },
        "east":  { "uv": [ 0, 10, 0.5, 10.5 ], "texture": "#texture" }
    }
},
{
    "from": [ 11.5, 4.5, 7.5 ],
    "to": [ 14.5, 5.5, 8.5 ],
    "rotation": { "origin": [ 11.5, 5.5, 7.5 ], "axis": "z", "angle": 22.5 },
    "faces": {
        "down":  { "uv": [ 1, 10.5, 1.5, 9 ], "rotation": 90, "texture": "#texture" },
        "up":    { "uv": [ 1, 10.5, 1.5, 9 ], "rotation": 90, "texture": "#texture" },
        "north": { "uv": [ 1, 9, 1.5, 10.5 ], "rotation": 90, "texture": "#texture" },
        "south": { "uv": [ 1, 10.5, 1.5, 9 ], "rotation": 90, "texture": "#texture" },
        "west":  { "uv": [ 1, 9, 1.5, 9.5 ], "texture": "#texture" },
        "east":  { "uv": [ 1, 10, 1.5, 10.5 ], "texture": "#texture" }
    }
},
{
    "from": [ 11, 5, 7.5 ],
    "to": [ 14, 6, 8.5 ],
    "rotation": { "origin": [ 11, 6, 7.5 ], "axis": "z", "angle": 45 },
    "faces": {
        "down":  { "uv": [ 2, 10.5, 2.5, 9 ], "rotation": 90, "texture": "#texture" },
        "up":    { "uv": [ 2, 10.5, 2.5, 9 ], "rotation": 90, "texture": "#texture" },
        "north": { "uv": [ 2, 9, 2.5, 10.5 ], "rotation": 90, "texture": "#texture" },
        "south": { "uv": [ 2, 10.5, 2.5, 9 ], "rotation": 90, "texture": "#texture" },
        "west":  { "uv": [ 2, 9, 2.5, 9.5 ], "texture": "#texture" },
        "east":  { "uv": [ 2, 10, 2.5, 10.5 ], "texture": "#texture" }
    }
},
{
    "from": [ 13, 5, 9.5 ],
    "to": [ 14, 9, 10.5 ],
    "rotation": { "origin": [ 13, 9, 9.5 ], "axis": "z", "angle": -45 },
    "faces": {
        "down":  { "uv": [ 0, 8, 0.5, 8.5 ], "texture": "#texture" },
        "up":    { "uv": [ 0, 6.5, 0.5, 7 ], "texture": "#texture" },
        "north": { "uv": [ 0, 6.5, 0.5, 8.5 ], "texture": "#texture" },
        "south": { "uv": [ 0, 6.5, 0.5, 8.5 ], "texture": "#texture" },
        "west":  { "uv": [ 0, 6.5, 0.5, 8.5 ], "texture": "#texture" },
        "east":  { "uv": [ 0, 6.5, 0.5, 8.5 ], "texture": "#texture" }
    }
},
{
    "from": [ 11.5, 5.5625, 9.5 ],
    "to": [ 12.5, 9.5625, 10.5 ],
    "rotation": { "origin": [ 11.5, 9.5625, 9.5 ], "axis": "z", "angle": -22.5 },
    "faces": {
        "down":  { "uv": [ 1, 8, 1.5, 8.5 ], "texture": "#texture" },
        "up":    { "uv": [ 1, 6.5, 1.5, 7 ], "texture": "#texture" },
        "north": { "uv": [ 1, 6.5, 1.5, 8.5 ], "texture": "#texture" },
        "south": { "uv": [ 1, 6.5, 1.5, 8.5 ], "texture": "#texture" },
        "west":  { "uv": [ 1, 6.5, 1.5, 8.5 ], "texture": "#texture" },
        "east":  { "uv": [ 1, 6.5, 1.5, 8.5 ], "texture": "#texture" }
    }
},
{
    "from": [ 10, 5.5625, 9.5 ],
    "to": [ 11, 9.5625, 10.5 ],
    "faces": {
        "down":  { "uv": [ 2, 8, 2.5, 8.5 ], "texture": "#texture" },
        "up":    { "uv": [ 2, 6.5, 2.5, 7 ], "texture": "#texture" },
        "north": { "uv": [ 2, 6.5, 2.5, 8.5 ], "texture": "#texture" },
        "south": { "uv": [ 2, 6.5, 2.5, 8.5 ], "texture": "#texture" },
        "west":  { "uv": [ 2, 6.5, 2.5, 8.5 ], "texture": "#texture" },
        "east":  { "uv": [ 2, 6.5, 2.5, 8.5 ], "texture": "#texture" }
    }
},
{
    "from": [ 10, 4, 10 ],
    "to": [ 15, 5, 11 ],
    "faces": {
        "down":  { "uv": [ 0, 13.5, 0.5, 11 ], "rotation": 90, "texture": "#texture" },
        "up":    { "uv": [ 0, 13.5, 0.5, 11 ], "rotation": 90, "texture": "#texture" },
        "north": { "uv": [ 0, 11, 0.5, 13.5 ], "rotation": 90, "texture": "#texture" },
        "south": { "uv": [ 0, 13.5, 0.5, 11 ], "rotation": 90, "texture": "#texture" },
        "west":  { "uv": [ 0, 11, 0.5, 11.5 ], "texture": "#texture" },
        "east":  { "uv": [ 0, 13, 0.5, 13.5 ], "texture": "#texture" }
    }
},
{
    "from": [ 10.25, 4, 9.875 ],
    "to": [ 15.25, 5, 10.875 ],
    "rotation": { "origin": [ 10.25, 4, 9.875 ], "axis": "y", "angle": -22.5 },
    "faces": {
        "down":  { "uv": [ 1, 13.5, 1.5, 11 ], "rotation": 90, "texture": "#texture" },
        "up":    { "uv": [ 1, 13.5, 1.5, 11 ], "rotation": 90, "texture": "#texture" },
        "north": { "uv": [ 1, 11, 1.5, 13.5 ], "rotation": 90, "texture": "#texture" },
        "south": { "uv": [ 1, 13.5, 1.5, 11 ], "rotation": 90, "texture": "#texture" },
        "west":  { "uv": [ 1, 11, 1.5, 11.5 ], "texture": "#texture" },
        "east":  { "uv": [ 1, 13, 1.5, 13.5 ], "texture": "#texture" }
    }
},
{
    "from": [ 10.5, 4, 9.8125 ],
    "to": [ 15.5, 5, 10.8125 ],
    "rotation": { "origin": [ 10.5, 4, 9.8125 ], "axis": "y", "angle": -45 },
    "faces": {
        "down":  { "uv": [ 2, 13.5, 2.5, 11 ], "rotation": 90, "texture": "#texture" },
        "up":    { "uv": [ 2, 13.5, 2.5, 11 ], "rotation": 90, "texture": "#texture" },
        "north": { "uv": [ 2, 11, 2.5, 13.5 ], "rotation": 90, "texture": "#texture" },
        "south": { "uv": [ 2, 13.5, 2.5, 11 ], "rotation": 90, "texture": "#texture" },
        "west":  { "uv": [ 2, 11, 2.5, 11.5 ], "texture": "#texture" },
        "east":  { "uv": [ 2, 13, 2.5, 13.5 ], "texture": "#texture" }
    }
},
{
    "from": [ 10.5, 7, 5 ],
    "to": [ 13.5, 8, 6 ],
    "faces": {
        "down":  { "uv": [ 0, 15.5, 0.5, 14 ], "rotation": 90, "texture": "#texture" },
        "up":    { "uv": [ 0, 15.5, 0.5, 14 ], "rotation": 90, "texture": "#texture" },
        "north": { "uv": [ 0, 14, 0.5, 15.5 ], "rotation": 90, "texture": "#texture" },
        "south": { "uv": [ 0, 15.5, 0.5, 14 ], "rotation": 90, "texture": "#texture" },
        "west":  { "uv": [ 0, 14, 0.5, 14.5 ], "texture": "#texture" },
        "east":  { "uv": [ 0, 15, 0.5, 15.5 ], "texture": "#texture" }
    }
},
{
    "from": [ 10.375, 7, 5.25 ],
    "to": [ 13.375, 8, 6.25 ],
    "rotation": { "origin": [ 10.375, 7, 5.25 ], "axis": "y", "angle": 22.5 },
    "faces": {
        "down":  { "uv": [ 1, 15.5, 1.5, 14 ], "rotation": 90, "texture": "#texture" },
        "up":    { "uv": [ 1, 15.5, 1.5, 14 ], "rotation": 90, "texture": "#texture" },
        "north": { "uv": [ 1, 14, 1.5, 15.5 ], "rotation": 90, "texture": "#texture" },
        "south": { "uv": [ 1, 15.5, 1.5, 14 ], "rotation": 90, "texture": "#texture" },
        "west":  { "uv": [ 1, 14, 1.5, 14.5 ], "texture": "#texture" },
        "east":  { "uv": [ 1, 15, 1.5, 15.5 ], "texture": "#texture" }
    }
},
{
    "from": [ 10.3125, 7, 5.5 ],
    "to": [ 13.3125, 8, 6.5 ],
    "rotation": { "origin": [ 10.3125, 7, 5.5 ], "axis": "y", "angle": 45 },
    "faces": {
        "down":  { "uv": [ 2, 15.5, 2.5, 14 ], "rotation": 90, "texture": "#texture" },
        "up":    { "uv": [ 2, 15.5, 2.5, 14 ], "rotation": 90, "texture": "#texture" },
        "north": { "uv": [ 2, 14, 2.5, 15.5 ], "rotation": 90, "texture": "#texture" },
        "south": { "uv": [ 2, 15.5, 2.5, 14 ], "rotation": 90, "texture": "#texture" },
        "west":  { "uv": [ 2, 14, 2.5, 14.5 ], "texture": "#texture" },
        "east":  { "uv": [ 2, 15, 2.5, 15.5 ], "texture": "#texture" }
    }
},
{
    "from": [ 11, 2, 8.5 ],
    "to": [ 15, 3, 9.5 ],
    "faces": {
        "down":  { "uv": [ 5.5, 8.5, 6, 6.5 ], "rotation": 90, "texture": "#texture" },
        "up":    { "uv": [ 5.5, 8.5, 6, 6.5 ], "rotation": 90, "texture": "#texture" },
        "north": { "uv": [ 5.5, 6.5, 6, 8.5 ], "rotation": 90, "texture": "#texture" },
        "south": { "uv": [ 5.5, 8.5, 6, 6.5 ], "rotation": 90, "texture": "#texture" },
        "west":  { "uv": [ 5.5, 6.5, 6, 7 ], "texture": "#texture" },
        "east":  { "uv": [ 5.5, 8, 6, 8.5 ], "texture": "#texture" }
    }
},
{
    "from": [ 11, 5, 5.5 ],
    "to": [ 14, 6, 6.5 ],
    "rotation": { "origin": [ 11, 6, 5.5 ], "axis": "z", "angle": -22.5 },
    "faces": {
        "down":  { "uv": [ 6.5, 8, 7, 6.5 ], "rotation": 90, "texture": "#texture" },
        "up":    { "uv": [ 6.5, 8, 7, 6.5 ], "rotation": 90, "texture": "#texture" },
        "north": { "uv": [ 6.5, 6.5, 7, 8 ], "rotation": 90, "texture": "#texture" },
        "south": { "uv": [ 6.5, 8, 7, 6.5 ], "rotation": 90, "texture": "#texture" },
        "west":  { "uv": [ 6.5, 6.5, 7, 7 ], "texture": "#texture" },
        "east":  { "uv": [ 6.5, 7.5, 7, 8 ], "texture": "#texture" }
    }
},
{
    "from": [ 10, 1.5, 9 ],
    "to": [ 13, 2.5, 10 ],
    "rotation": { "origin": [ 10, 1.5, 9 ], "axis": "y", "angle": -45 },
    "faces": {
        "down":  { "uv": [ 7.5, 8, 8, 6.5 ], "rotation": 90, "texture": "#texture" },
        "up":    { "uv": [ 7.5, 8, 8, 6.5 ], "rotation": 90, "texture": "#texture" },
        "north": { "uv": [ 7.5, 6.5, 8, 8 ], "rotation": 90, "texture": "#texture" },
        "south": { "uv": [ 7.5, 8, 8, 6.5 ], "rotation": 90, "texture": "#texture" },
        "west":  { "uv": [ 7.5, 6.5, 8, 7 ], "texture": "#texture" },
        "east":  { "uv": [ 7.5, 7.5, 8, 8 ], "texture": "#texture" }
    }
}
],
"display": {
    "thirdperson_righthand": {
        "rotation": [ 10, -45, 170 ],
        "translation": [ 0, 1.5, -2.75 ],
        "scale": [ 0.375, 0.375, 0.375 ]
    },
    "thirdperson_lefthand": {
        "rotation": [ 10, -45, 170 ],
        "translation": [ 0, 1.5, -2.75 ],
        "scale": [ 0.375, 0.375, 0.375 ]
    },
    "head": {
        "rotation": [ 0, -90, 14 ],
        "translation": [ 0, 5.48, -2.65 ],
        "scale": [ 2, 2, 2 ]
    },
    "ground": {
        "rotation": [ 0, 0, 0 ],
        "translation": [ 0, 3.4, 0 ],
        "scale": [ 0.5, 0.5, 0.5 ]
    },
    "fixed": {
        "rotation": [ 0, -26, 0 ],
        "translation": [ 0, 3.21, 0 ],
        "scale": [ 1, 1, 1 ]
    },
    "firstperson_righthand": {
        "rotation": [ 0, 0, -11 ],
        "translation": [ -0.38, 4.16, -1.89 ],
        "scale": [ 1, 1, 1 ]
    },
    "firstperson_lefthand": {
        "rotation": [ 0, -154, -11 ],
        "translation": [ -0.38, 4.16, -1.89 ],
        "scale": [ 1, 1, 1 ]
    },
    "gui": {
        "rotation": [ 45, 135, 0 ],
        "translation": [ 0.57, 1.51, 0 ],
        "scale": [ 1, 1, 1 ]
    }
}
}