{
"__comment": "Designed by MasterianoX",
"textures": {
    "particle": "entity/zombie/ash",
    "texture": "entity/zombie/ash"
},
"elements": [ 
{
    "from": [ 3, 6.5, 0 ],
    "to": [ 17, 16.5, 16 ],
    "rotation": { "origin": [ 3, 16.5, 0 ], "axis": "z", "angle": 22.5 },
    "faces": {
        "down":  { "uv": [ 11.5, 4.25, 7.5, 7.75 ], "rotation": 90, "texture": "#texture" },
        "up":    { "uv": [ 3.5, 4.25, 7.5, 7.75 ], "rotation": 90, "texture": "#texture" },
        "north": { "uv": [ 0, 7.75, 3.5, 10.25 ], "texture": "#texture" },
        "south": { "uv": [ 7.5, 7.75, 11, 10.25 ], "texture": "#texture" },
        "west":  { "uv": [ 3.5, 7.75, 7.5, 10.25 ], "texture": "#texture" },
        "east":  { "uv": [ 11, 7.75, 15, 10.25 ], "texture": "#texture" }
    }
},
{
    "from": [ 9.5, 5, 2.5 ],
    "to": [ 17.5, 12, 13.5 ],
    "faces": {
        "down":  { "uv": [ 14, 10.5, 11.25, 12.5 ], "rotation": 90, "texture": "#texture" },
        "up":    { "uv": [ 8.5, 10.5, 11.25, 12.5 ], "rotation": 90, "texture": "#texture" },
        "north": { "uv": [ 6.5, 12.5, 8.5, 14.25 ], "texture": "#texture" },
        "south": { "uv": [ 11.25, 12.5, 13.25, 14.25 ], "texture": "#texture" },
        "west":  { "uv": [ 8.5, 12.5, 11.25, 14.25 ], "texture": "#texture" },
        "east":  { "uv": [ 13.25, 12.5, 16, 14.25 ], "texture": "#texture" }
    }
},
{
    "from": [ 11, 1, -4 ],
    "to": [ 15, 18, 0 ],
    "rotation": { "origin": [ 11, 18, -4 ], "axis": "z", "angle": -45 },
    "faces": {
        "down":  { "uv": [ 0, 14.5, 1, 15.5 ], "rotation": 90, "texture": "#texture" },
        "up":    { "uv": [ 0, 10.25, 1, 11.25 ], "texture": "#texture" },
        "north": { "uv": [ 0, 11.25, 1, 15.5 ], "texture": "#texture" },
        "south": { "uv": [ 0, 11.25, 1, 15.5 ], "texture": "#texture" },
        "west":  { "uv": [ 1, 11.25, 0, 15.5 ], "texture": "#texture" },
        "east":  { "uv": [ 1, 11.25, 0, 15.5 ], "texture": "#texture" }
    }
},
{
    "from": [ 11, 1, 16 ],
    "to": [ 15, 18, 20 ],
    "rotation": { "origin": [ 11, 18, 16 ], "axis": "z", "angle": -45 },
    "faces": {
        "down":  { "uv": [ 0, 14.5, 1, 15.5 ], "rotation": 90, "texture": "#texture" },
        "up":    { "uv": [ 0, 10.25, 1, 11.25 ], "texture": "#texture" },
        "north": { "uv": [ 0, 11.25, 1, 15.5 ], "texture": "#texture" },
        "south": { "uv": [ 0, 11.25, 1, 15.5 ], "texture": "#texture" },
        "west":  { "uv": [ 1, 11.25, 0, 15.5 ], "texture": "#texture" },
        "east":  { "uv": [ 1, 11.25, 0, 15.5 ], "texture": "#texture" }
    }
},
{
    "from": [ 0, 14, 4 ],
    "to": [ 1, 18, 12 ],
    "faces": {
        "down":  { "uv": [ 4, 3.75, 2, 4 ], "rotation": 90, "texture": "#texture" },
        "up":    { "uv": [ 2, 3, 4, 3.25 ], "rotation": 90, "texture": "#texture" },
        "north": { "uv": [ 2, 3, 2.25, 4 ], "texture": "#texture" },
        "south": { "uv": [ 3.75, 3, 4, 4 ], "texture": "#texture" },
        "west":  { "uv": [ 2, 3, 4, 4 ], "texture": "#texture" },
        "east":  { "uv": [ 2, 3, 4, 4 ], "texture": "#texture" }
    }
},
{
    "from": [ 1, 14, 4 ],
    "to": [ 9, 22, 12 ],
    "faces": {
        "down":  { "uv": [ 4, 0, 6, 2 ], "texture": "#texture" },
        "up":    { "uv": [ 2, 0, 4, 2 ], "texture": "#texture" },
        "north": { "uv": [ 0, 2, 2, 4 ], "texture": "#texture" },
        "south": { "uv": [ 4, 2, 6, 4 ], "texture": "#texture" },
        "west":  { "uv": [ 2, 2, 4, 4 ], "texture": "#texture" },
        "east":  { "uv": [ 6, 2, 8, 4 ], "texture": "#texture" }
    }
},
{
    "from": [ 0.5, 18, 4 ],
    "to": [ 1, 19, 4.5 ],
    "faces": {
        "down":  { "uv": [ 0, 1.75, 0.25, 2 ], "texture": "#texture" },
        "up":    { "uv": [ 0, 1.5, 0.25, 1.75 ], "texture": "#texture" },
        "north": { "uv": [ 0, 1.5, 0.25, 1.75 ], "texture": "#texture" },
        "south": { "uv": [ 0, 1.5, 0.25, 1.75 ], "texture": "#texture" },
        "west":  { "uv": [ 0, 1.5, 0.25, 1.75 ], "texture": "#texture" },
        "east":  { "uv": [ 0, 1.5, 0.25, 1.75 ], "texture": "#texture" }
    }
},
{
    "from": [ 0.5, 18, 11.5 ],
    "to": [ 1, 19, 12 ],
    "faces": {
        "down":  { "uv": [ 0, 1.75, 0.25, 2 ], "texture": "#texture" },
        "up":    { "uv": [ 0, 1.75, 0.25, 2 ], "texture": "#texture" },
        "north": { "uv": [ 0, 1.75, 0.25, 2 ], "texture": "#texture" },
        "south": { "uv": [ 0, 1.75, 0.25, 2 ], "texture": "#texture" },
        "west":  { "uv": [ 0, 1.75, 0.25, 2 ], "texture": "#texture" },
        "east":  { "uv": [ 0, 1.75, 0.25, 2 ], "texture": "#texture" }
    }
},
{
    "from": [ 0.5, 18, 10 ],
    "to": [ 1, 18.5, 10.5 ],
    "faces": {
        "down":  { "uv": [ 0, 1.5, 0.25, 1.75 ], "texture": "#texture" },
        "up":    { "uv": [ 0, 1.5, 0.25, 1.75 ], "texture": "#texture" },
        "north": { "uv": [ 0, 1.5, 0.25, 1.75 ], "texture": "#texture" },
        "south": { "uv": [ 0, 1.5, 0.25, 1.75 ], "texture": "#texture" },
        "west":  { "uv": [ 0, 1.5, 0.25, 1.75 ], "texture": "#texture" },
        "east":  { "uv": [ 0, 1.5, 0.25, 1.75 ], "texture": "#texture" }
    }
},
{
    "from": [ 0.5, 18, 5.5 ],
    "to": [ 1, 18.5, 6 ],
    "faces": {
        "down":  { "uv": [ 0, 1.75, 0.25, 2 ], "texture": "#texture" },
        "up":    { "uv": [ 0, 1.75, 0.25, 2 ], "texture": "#texture" },
        "north": { "uv": [ 0, 1.75, 0.25, 2 ], "texture": "#texture" },
        "south": { "uv": [ 0, 1.75, 0.25, 2 ], "texture": "#texture" },
        "west":  { "uv": [ 0, 1.75, 0.25, 2 ], "texture": "#texture" },
        "east":  { "uv": [ 0, 1.75, 0.25, 2 ], "texture": "#texture" }
    }
},
{
    "from": [ 0.5, 18, 7 ],
    "to": [ 1, 18.5, 7.5 ],
    "faces": {
        "down":  { "uv": [ 0, 1.5, 0.25, 1.75 ], "texture": "#texture" },
        "up":    { "uv": [ 0, 1.5, 0.25, 1.75 ], "texture": "#texture" },
        "north": { "uv": [ 0, 1.5, 0.25, 1.75 ], "texture": "#texture" },
        "south": { "uv": [ 0, 1.5, 0.25, 1.75 ], "texture": "#texture" },
        "west":  { "uv": [ 0, 1.5, 0.25, 1.75 ], "texture": "#texture" },
        "east":  { "uv": [ 0, 1.5, 0.25, 1.75 ], "texture": "#texture" }
    }
},
{
    "from": [ 0.5, 18, 8.5 ],
    "to": [ 1, 18.5, 9 ],
    "faces": {
        "down":  { "uv": [ 0, 1.5, 0.25, 1.75 ], "texture": "#texture" },
        "up":    { "uv": [ 0, 1.5, 0.25, 1.75 ], "texture": "#texture" },
        "north": { "uv": [ 0, 1.5, 0.25, 1.75 ], "texture": "#texture" },
        "south": { "uv": [ 0, 1.5, 0.25, 1.75 ], "texture": "#texture" },
        "west":  { "uv": [ 0, 1.5, 0.25, 1.75 ], "texture": "#texture" },
        "east":  { "uv": [ 0, 1.5, 0.25, 1.75 ], "texture": "#texture" }
    }
}
],
"display": {
    "thirdperson_righthand": {
        "rotation": [ 10, -45, 170 ],
        "translation": [ 0, 1.5, -2.75 ],
        "scale": [ 0.375, 0.375, 0.375 ]
    },
    "thirdperson_lefthand": {
        "rotation": [ 10, -45, 170 ],
        "translation": [ 0, 1.5, -2.75 ],
        "scale": [ 0.375, 0.375, 0.375 ]
    },
    "head": {
        "rotation": [ 0, -90, 0 ],
        "translation": [ 0, -13.23, -8.88 ],
        "scale": [ 1.5, 1.5, 1.5 ]
    },
    "ground": {
        "rotation": [ 0, 0, 0 ],
        "translation": [ 0, 2.65, 0 ],
        "scale": [ 0.5, 0.5, 0.5 ]
    },
    "fixed": {
        "rotation": [ 0, -90, 0 ],
        "translation": [ 0, -1.7, -2.65 ],
        "scale": [ 0.5, 0.5, 0.5 ]
    },
    "firstperson_righthand": {
        "rotation": [ 0, 27, 0 ],
        "translation": [ 0, 2.27, 0 ],
        "scale": [ 0.5, 0.5, 0.5 ]
    },
    "firstperson_lefthand": {
        "rotation": [ 0, -153, 0 ],
        "translation": [ 0, 2.27, 0 ],
        "scale": [ 0.5, 0.5, 0.5 ]
    },
    "gui": {
        "rotation": [ 45, 135, 0 ],
        "translation": [ 0, -1.13, 0 ],
        "scale": [ 0.5, 0.5, 0.5 ]
    }
}
}