{
"__comment": "Designed by MasterianoX",
"textures": {
    "texture": "entity/skeleton/frost_troll"
},
"elements": [ 
{
    "from": [ 4, 0, 4 ],
    "to": [ 12, 8, 12 ],
    "faces": {
        "down":  { "uv": [ 8, 4, 12, 0 ], "texture": "#texture" },
        "up":    { "uv": [ 4, 0, 8, 4 ], "texture": "#texture" },
        "north": { "uv": [ 12, 4, 16, 8 ], "texture": "#texture" },
        "south": { "uv": [ 4, 4, 8, 8 ], "texture": "#texture" },
        "west":  { "uv": [ 0, 4, 4, 8 ], "texture": "#texture" },
        "east":  { "uv": [ 8, 4, 12, 8 ], "texture": "#texture" }
    }
},
{
    "from": [ 7, -1, 12 ],
    "to": [ 9, 5, 14 ],
    "faces": {
        "down":  { "uv": [ 1, 10, 2, 11 ], "texture": "#texture" },
        "up":    { "uv": [ 0, 8, 1, 9 ], "texture": "#texture" },
        "north": { "uv": [ 0, 8, 1, 11 ], "texture": "#texture" },
        "south": { "uv": [ 0, 8, 1, 11 ], "texture": "#texture" },
        "west":  { "uv": [ 1, 8, 2, 11 ], "texture": "#texture" },
        "east":  { "uv": [ 1, 8, 2, 11 ], "texture": "#texture" }
    }
},
{
    "from": [ 4.5, 0, 11 ],
    "to": [ 5.5, 1, 14 ],
    "rotation": { "origin": [ 4.5, 1, 11 ], "axis": "x", "angle": -45 },
    "faces": {
        "down":  { "uv": [ 2, 8, 2.5, 9.5 ], "texture": "#texture" },
        "up":    { "uv": [ 2, 9.5, 2.5, 8 ], "texture": "#texture" },
        "north": { "uv": [ 2, 9, 2.5, 9.5 ], "texture": "#texture" },
        "south": { "uv": [ 2, 8, 2.5, 8.5 ], "texture": "#texture" },
        "west":  { "uv": [ 2, 8, 2.5, 9.5 ], "rotation": 90, "texture": "#texture" },
        "east":  { "uv": [ 2, 9.5, 2.5, 8 ], "rotation": 90, "texture": "#texture" }
    }
},
{
    "from": [ 10.5, 0, 13 ],
    "to": [ 11.5, 3, 14 ],
    "rotation": { "origin": [ 10.5, 3, 13 ], "axis": "x", "angle": 45 },
    "faces": {
        "down":  { "uv": [ 3, 9, 3.5, 9.5 ], "texture": "#texture" },
        "up":    { "uv": [ 3, 8, 3.5, 8.5 ], "texture": "#texture" },
        "north": { "uv": [ 3, 8, 3.5, 9.5 ], "texture": "#texture" },
        "south": { "uv": [ 3, 8, 3.5, 9.5 ], "texture": "#texture" },
        "west":  { "uv": [ 3, 8, 3.5, 9.5 ], "texture": "#texture" },
        "east":  { "uv": [ 3, 8, 3.5, 9.5 ], "texture": "#texture" }
    }
},
{
    "from": [ 3, 8, 6.5 ],
    "to": [ 6, 12, 6.5625 ],
    "rotation": { "origin": [ 3, 8, 6.5 ], "axis": "y", "angle": -22.5 },
    "faces": {
        "north": { "uv": [ 6.5, 8, 5, 10 ], "texture": "#texture" },
        "south": { "uv": [ 5, 8, 6.5, 10 ], "texture": "#texture" }
    }
},
{
    "from": [ 6.5, 3, 13.5 ],
    "to": [ 7.5, 4, 14.5 ],
    "faces": {
        "down":  { "uv": [ 4, 8, 4.5, 8.5 ], "texture": "#texture" },
        "up":    { "uv": [ 4, 8, 4.5, 8.5 ], "texture": "#texture" },
        "north": { "uv": [ 4, 8, 4.5, 8.5 ], "texture": "#texture" },
        "south": { "uv": [ 4, 8, 4.5, 8.5 ], "texture": "#texture" },
        "west":  { "uv": [ 4, 8, 4.5, 8.5 ], "texture": "#texture" },
        "east":  { "uv": [ 4, 8, 4.5, 8.5 ], "texture": "#texture" }
    }
},
{
    "from": [ 9.9375, 8, 7.5 ],
    "to": [ 12.9375, 12, 7.5625 ],
    "rotation": { "origin": [ 9.9375, 8, 7.5 ], "axis": "y", "angle": 22.5 },
    "faces": {
        "north": { "uv": [ 5, 8, 6.5, 10 ], "texture": "#texture" },
        "south": { "uv": [ 6.5, 8, 5, 10 ], "texture": "#texture" }
    }
}
],
"display": {
    "thirdperson_righthand": {
        "rotation": [ 10, -45, 170 ],
        "translation": [ 0, 1.5, -2.75 ],
        "scale": [ 0.375, 0.375, 0.375 ]
    },
    "thirdperson_lefthand": {
        "rotation": [ 10, -45, 170 ],
        "translation": [ 0, 1.5, -2.75 ],
        "scale": [ 0.375, 0.375, 0.375 ]
    },
    "head": {
        "rotation": [ 0, 180, 0 ],
        "translation": [ 0, -2.83, 0 ],
        "scale": [ 1.75, 1.75, 1.75 ]
    },
    "ground": {
        "rotation": [ 0, 0, 0 ],
        "translation": [ 0, 5.29, 0 ],
        "scale": [ 0.35, 0.35, 0.35 ]
    },
    "fixed": {
        "rotation": [ 0, -180, 0 ],
        "translation": [ 0, 3.78, -1.89 ],
        "scale": [ 1, 1, 1 ]
    },
    "firstperson_righthand": {
        "rotation": [ 0, -67, 0 ],
        "translation": [ 0, 4.16, 0 ],
        "scale": [ 0.5, 0.5, 0.5 ]
    },
    "firstperson_lefthand": {
        "rotation": [ 0, -67, 0 ],
        "translation": [ 0, 4.16, 0 ],
        "scale": [ 0.5, 0.5, 0.5 ]
    },
    "gui": {
        "rotation": [ 45, 45, 0 ],
        "translation": [ 0, 1.51, 0 ],
        "scale": [ 0.75, 0.75, 0.75 ]
    }
}
}