{
"__comment": "Designed by MasterianoX",
"textures": {
    "particle": "entity/zombie/husk",
    "texture": "entity/zombie/husk"
},
"elements": [ 
{
    "from": [ 4, 0, 4 ],
    "to": [ 12, 8, 12 ],
    "faces": {
        "down":  { "uv": [ 4, 0, 6, 2 ], "texture": "#texture" },
        "up":    { "uv": [ 2, 0, 4, 2 ], "texture": "#texture" },
        "north": { "uv": [ 2, 2, 4, 4 ], "texture": "#texture" },
        "south": { "uv": [ 6, 2, 8, 4 ], "texture": "#texture" },
        "west":  { "uv": [ 0, 2, 2, 4 ], "texture": "#texture" },
        "east":  { "uv": [ 4, 2, 6, 4 ], "texture": "#texture" }
    }
},
{
    "from": [ 5, -0.25, 3.25 ],
    "to": [ 11, 1.75, 5.25 ],
    "rotation": { "origin": [ 5, 1.75, 3.25 ], "axis": "x", "angle": -22.5 },
    "faces": {
        "down":  { "uv": [ 8.5, 8.25, 10, 8.5 ], "texture": "#texture" },
        "up":    { "uv": [ 10, 8, 8.5, 8.25 ], "texture": "#texture" },
        "north": { "uv": [ 8.5, 8, 10, 8.5 ], "texture": "#texture" },
        "south": { "uv": [ 8.5, 8, 10, 8.5 ], "texture": "#texture" },
        "west":  { "uv": [ 8.5, 8, 9, 8.5 ], "texture": "#texture" },
        "east":  { "uv": [ 9.5, 8, 10, 8.5 ], "texture": "#texture" }
    }
},
{
    "from": [ 6, 0.75, 3.25 ],
    "to": [ 7, 2.75, 4.25 ],
    "rotation": { "origin": [ 6, 2.75, 3.25 ], "axis": "x", "angle": -22.5 },
    "faces": {
        "down":  { "uv": [ 2.5, 3.25, 2.75, 3.5 ], "texture": "#texture" },
        "up":    { "uv": [ 2.5, 3.25, 2.75, 3.5 ], "texture": "#texture" },
        "north": { "uv": [ 2.5, 3.25, 2.75, 3.75 ], "texture": "#texture" },
        "south": { "uv": [ 2.5, 3.25, 2.75, 3.75 ], "texture": "#texture" },
        "west":  { "uv": [ 2.5, 3.25, 2.75, 3.75 ], "texture": "#texture" },
        "east":  { "uv": [ 2.5, 3.25, 2.75, 3.75 ], "texture": "#texture" }
    }
},
{
    "from": [ 9, 0.804817, 3.25 ],
    "to": [ 10, 2.80482, 4.25 ],
    "rotation": { "origin": [ 9, 2.80482, 3.25 ], "axis": "x", "angle": -22.5 },
    "faces": {
        "down":  { "uv": [ 2.5, 3.25, 2.75, 3.5 ], "texture": "#texture" },
        "up":    { "uv": [ 2.5, 3.25, 2.75, 3.5 ], "texture": "#texture" },
        "north": { "uv": [ 2.5, 3.25, 2.75, 3.75 ], "texture": "#texture" },
        "south": { "uv": [ 2.5, 3.25, 2.75, 3.75 ], "texture": "#texture" },
        "west":  { "uv": [ 2.5, 3.25, 2.75, 3.75 ], "texture": "#texture" },
        "east":  { "uv": [ 2.5, 3.25, 2.75, 3.75 ], "texture": "#texture" }
    }
},
{
    "from": [ 3.5, 4, 7 ],
    "to": [ 4, 6, 9 ],
    "faces": {
        "down":  { "uv": [ 5.25, 2.75, 4.75, 3 ], "rotation": 90, "texture": "#texture" },
        "up":    { "uv": [ 4.75, 2.5, 5.25, 2.75 ], "rotation": 90, "texture": "#texture" },
        "north": { "uv": [ 4.75, 2.5, 5, 3 ], "texture": "#texture" },
        "south": { "uv": [ 5, 2.5, 5.25, 3 ], "texture": "#texture" },
        "west":  { "uv": [ 4.75, 2.5, 5.25, 3 ], "texture": "#texture" },
        "east":  { "uv": [ 4.75, 2.5, 5.25, 3 ], "texture": "#texture" }
    }
},
{
    "from": [ 3.5, 3, 8 ],
    "to": [ 4, 4, 9 ],
    "faces": {
        "down":  { "uv": [ 4.75, 3, 5, 3.25 ], "texture": "#texture" },
        "up":    { "uv": [ 4.75, 3, 5, 3.25 ], "texture": "#texture" },
        "north": { "uv": [ 4.75, 3, 5, 3.25 ], "texture": "#texture" },
        "south": { "uv": [ 4.75, 3, 5, 3.25 ], "texture": "#texture" },
        "west":  { "uv": [ 4.75, 3, 5, 3.25 ], "texture": "#texture" },
        "east":  { "uv": [ 4.75, 3, 5, 3.25 ], "texture": "#texture" }
    }
},
{
    "from": [ 12, 4, 7 ],
    "to": [ 12.5, 6, 9 ],
    "faces": {
        "down":  { "uv": [ 5.25, 2.75, 4.75, 3 ], "rotation": 90, "texture": "#texture" },
        "up":    { "uv": [ 4.75, 2.5, 5.25, 2.75 ], "rotation": 90, "texture": "#texture" },
        "north": { "uv": [ 4.75, 2.5, 5, 3 ], "texture": "#texture" },
        "south": { "uv": [ 5, 2.5, 5.25, 3 ], "texture": "#texture" },
        "west":  { "uv": [ 4.75, 2.5, 5.25, 3 ], "texture": "#texture" },
        "east":  { "uv": [ 4.75, 2.5, 5.25, 3 ], "texture": "#texture" }
    }
},
{
    "from": [ 12, 3, 8 ],
    "to": [ 12.5, 4, 9 ],
    "faces": {
        "down":  { "uv": [ 4.75, 3, 5, 3.25 ], "texture": "#texture" },
        "up":    { "uv": [ 4.75, 3, 5, 3.25 ], "texture": "#texture" },
        "north": { "uv": [ 4.75, 3, 5, 3.25 ], "texture": "#texture" },
        "south": { "uv": [ 4.75, 3, 5, 3.25 ], "texture": "#texture" },
        "west":  { "uv": [ 4.75, 3, 5, 3.25 ], "texture": "#texture" },
        "east":  { "uv": [ 4.75, 3, 5, 3.25 ], "texture": "#texture" }
    }
}
],
"display": {
    "thirdperson_righthand": {
        "rotation": [ 10, -45, 170 ],
        "translation": [ 0, 1.5, -2.75 ],
        "scale": [ 0.375, 0.375, 0.375 ]
    },
    "thirdperson_lefthand": {
        "rotation": [ 10, -45, 170 ],
        "translation": [ 0, 1.5, -2.75 ],
        "scale": [ 0.375, 0.375, 0.375 ]
    },
    "head": {
        "rotation": [ 0, 0, 0 ],
        "translation": [ 0, 7.37, 0 ],
        "scale": [ 1.75, 1.75, 1.75 ]
    },
    "ground": {
        "rotation": [ 0, 0, 0 ],
        "translation": [ 0, 3.02, 0 ],
        "scale": [ 0.5, 0.5, 0.5 ]
    },
    "fixed": {
        "rotation": [ 0, 0, 0 ],
        "translation": [ 0, 4.16, 0 ],
        "scale": [ 1, 1, 1 ]
    },
    "firstperson_righthand": {
        "rotation": [ 0, 112, 0 ],
        "translation": [ 0, 5.48, 0.94 ],
        "scale": [ 0.5, 0.5, 0.5 ]
    },
    "firstperson_lefthand": {
        "rotation": [ 0, 112, 0 ],
        "translation": [ -0.76, 4.72, 0.38 ],
        "scale": [ 0.5, 0.5, 0.5 ]
    },
    "gui": {
        "rotation": [ 45, -135, 0 ],
        "translation": [ 0, 2.83, 0 ],
        "scale": [ 1, 1, 1 ]
    }
}
}