{
    "parent": "item/generated",
    "textures": {
        "layer0": "items/bow_standby"
    },
    "overrides": [
        {
            "predicate": {
                "pulling": 1
            },
            "model": "item/bow_pulling_0"
        },
        {
            "predicate": {
                "pulling": 1,
                "pull": 0.65
            },
            "model": "item/bow_pulling_1"
        },
        {
            "predicate": {
                "pulling": 1,
                "pull": 0.9
            },
            "model": "item/bow_pulling_2"
        },

{"predicate": {"damage": 0.97142857142}, "model": "item/bows_guns/the_grand_ballista"},
{"predicate": {"pulling": 1, "damage": 0.97142857142}, "model": "item/bows_guns/the_grand_ballista_pulling_0"},
{"predicate": {"pulling": 1, "pull": 0.65, "damage": 0.97142857142}, "model": "item/bows_guns/the_grand_ballista_pulling_1"},
{"predicate": {"pulling": 1, "pull": 0.9, "damage": 0.97142857142}, "model": "item/bows_guns/the_grand_ballista_pulling_2"},

{"predicate": {"damage": 0.97402597402}, "model": "item/bows_guns/treye_bow"},
{"predicate": {"pulling": 1, "damage": 0.97402597402}, "model": "item/bows_guns/treye_bow_pulling_0"},
{"predicate": {"pulling": 1, "pull": 0.65, "damage": 0.97402597402}, "model": "item/bows_guns/treye_bow_pulling_1"},
{"predicate": {"pulling": 1, "pull": 0.9, "damage": 0.97402597402}, "model": "item/bows_guns/treye_bow_pulling_2"},

{"predicate": {"damage": 0.97662337662}, "model": "item/bows_guns/inhabitor_beam"},
{"predicate": {"pulling": 1, "damage": 0.97662337662}, "model": "item/bows_guns/inhabitor_beam_pulling_0"},
{"predicate": {"pulling": 1, "pull": 0.65, "damage": 0.97662337662}, "model": "item/bows_guns/inhabitor_beam_pulling_1"},
{"predicate": {"pulling": 1, "pull": 0.9, "damage": 0.97662337662}, "model": "item/bows_guns/inhabitor_beam_pulling_2"},

{"predicate": {"damage": 0.97922077922}, "model": "item/bows_guns/radiation_thrower"},
{"predicate": {"pulling": 1, "damage": 0.97922077922}, "model": "item/bows_guns/radiation_thrower_pulling_0"},
{"predicate": {"pulling": 1, "pull": 0.65, "damage": 0.97922077922}, "model": "item/bows_guns/radiation_thrower_pulling_1"},
{"predicate": {"pulling": 1, "pull": 0.9, "damage": 0.97922077922}, "model": "item/bows_guns/radiation_thrower_pulling_2"},

{"predicate": {"damage": 0.98181818181}, "model": "item/bows_guns/fur_bow"},
{"predicate": {"pulling": 1, "damage": 0.98181818181}, "model": "item/bows_guns/fur_bow_pulling_0"},
{"predicate": {"pulling": 1, "pull": 0.65, "damage": 0.98181818181}, "model": "item/bows_guns/fur_bow_pulling_1"},
{"predicate": {"pulling": 1, "pull": 0.9, "damage": 0.98181818181}, "model": "item/bows_guns/fur_bow_pulling_2"},

{"predicate": {"damage": 0.98441558441}, "model": "item/bows_guns/ice_spike_bow"},
{"predicate": {"pulling": 1, "damage": 0.98441558441}, "model": "item/bows_guns/ice_spike_bow_pulling_0"},
{"predicate": {"pulling": 1, "pull": 0.65, "damage": 0.98441558441}, "model": "item/bows_guns/ice_spike_bow_pulling_1"},
{"predicate": {"pulling": 1, "pull": 0.9, "damage": 0.98441558441}, "model": "item/bows_guns/ice_spike_bow_pulling_2"},

{"predicate": {"damage": 0.98701298701}, "model": "item/bows_guns/bone_bow"},
{"predicate": {"pulling": 1, "damage": 0.98701298701}, "model": "item/bows_guns/bone_bow_pulling_0"},
{"predicate": {"pulling": 1, "pull": 0.65, "damage": 0.98701298701}, "model": "item/bows_guns/bone_bow_pulling_1"},
{"predicate": {"pulling": 1, "pull": 0.9, "damage": 0.98701298701}, "model": "item/bows_guns/bone_bow_pulling_2"},

{"predicate": {"damage": 0.98961038961}, "model": "item/bows_guns/bursting_crossbow"},
{"predicate": {"pulling": 1, "damage": 0.98961038961}, "model": "item/bows_guns/bursting_crossbow_pulling_0"},
{"predicate": {"pulling": 1, "pull": 0.65, "damage": 0.98961038961}, "model": "item/bows_guns/bursting_crossbow_pulling_1"},
{"predicate": {"pulling": 1, "pull": 0.9, "damage": 0.98961038961}, "model": "item/bows_guns/bursting_crossbow_pulling_2"},

{"predicate": {"damage": 0.9922077922}, "model": "item/bows_guns/living_wood_bow"},
{"predicate": {"pulling": 1, "damage": 0.9922077922}, "model": "item/bows_guns/living_wood_bow_pulling_0"},
{"predicate": {"pulling": 1, "pull": 0.65, "damage": 0.9922077922}, "model": "item/bows_guns/living_wood_bow_pulling_1"},
{"predicate": {"pulling": 1, "pull": 0.9, "damage": 0.9922077922}, "model": "item/bows_guns/living_wood_bow_pulling_2"},

{"predicate": {"damage": 0.9948051948}, "model": "item/bows_guns/reptilian_bow"},
{"predicate": {"pulling": 1, "damage": 0.9948051948}, "model": "item/bows_guns/reptilian_bow_pulling_0"},
{"predicate": {"pulling": 1, "pull": 0.65, "damage": 0.9948051948}, "model": "item/bows_guns/reptilian_bow_pulling_1"},
{"predicate": {"pulling": 1, "pull": 0.9, "damage": 0.9948051948}, "model": "item/bows_guns/reptilian_bow_pulling_2"},

{"predicate": {"damage": 0.9974025974}, "model": "item/bows_guns/aquatic_repeater"},
{"predicate": {"pulling": 1, "damage": 0.9974025974}, "model": "item/bows_guns/aquatic_repeater_pulling_0"},
{"predicate": {"pulling": 1, "pull": 0.65, "damage": 0.9974025974}, "model": "item/bows_guns/aquatic_repeater_pulling_1"},
{"predicate": {"pulling": 1, "pull": 0.9, "damage": 0.9974025974}, "model": "item/bows_guns/aquatic_repeater_pulling_2"}
]
}