{
"__comment": "Designed by MasterianoX",
"textures": {
    "particle": "entity/skeleton/bloop",
    "texture": "entity/skeleton/bloop"
},
"elements": [ 
{
    "from": [ 2, 11, 5.5 ],
    "to": [ 7, 16, 10.5 ],
    "faces": {
        "down":  { "uv": [ 2.5, 0, 3.75, 1.25 ], "rotation": 90, "texture": "#texture" },
        "up":    { "uv": [ 1.25, 0, 2.5, 1.25 ], "rotation": 90, "texture": "#texture" },
        "north": { "uv": [ 0, 1.25, 1.25, 2.5 ], "texture": "#texture" },
        "south": { "uv": [ 2.5, 1.25, 3.75, 2.5 ], "texture": "#texture" },
        "west":  { "uv": [ 1.25, 1.25, 2.5, 2.5 ], "texture": "#texture" },
        "east":  { "uv": [ 3.75, 1.25, 5, 2.5 ], "texture": "#texture" }
    }
},
{
    "from": [ 5.5, 4, 4 ],
    "to": [ 9.5, 14, 12 ],
    "rotation": { "origin": [ 5.5, 14, 4 ], "axis": "z", "angle": 22.5 },
    "faces": {
        "down":  { "uv": [ 3, 4, 5, 5 ], "rotation": 90, "texture": "#texture" },
        "up":    { "uv": [ 1, 4, 3, 5 ], "rotation": 90, "texture": "#texture" },
        "north": { "uv": [ 0, 5, 1, 7.5 ], "texture": "#texture" },
        "south": { "uv": [ 3, 5, 4, 7.5 ], "texture": "#texture" },
        "west":  { "uv": [ 1, 5, 3, 7.5 ], "texture": "#texture" },
        "east":  { "uv": [ 4, 5, 6, 7.5 ], "texture": "#texture" }
    }
},
{
    "from": [ 1, 5.8125, 2 ],
    "to": [ 10, 7.8125, 4 ],
    "rotation": { "origin": [ 1, 7.8125, 2 ], "axis": "z", "angle": 45 },
    "faces": {
        "down":  { "uv": [ 8, 1.25, 10.5, 1.75 ], "texture": "#texture" },
        "up":    { "uv": [ 8, 1.75, 10.5, 1.25 ], "texture": "#texture" },
        "north": { "uv": [ 8, 1.25, 10.5, 1.75 ], "texture": "#texture" },
        "south": { "uv": [ 10.5, 1.25, 8, 1.75 ], "texture": "#texture" },
        "west":  { "uv": [ 9.25, 0.75, 8.75, 1.25 ], "texture": "#texture" },
        "east":  { "uv": [ 8.75, 0.75, 9.25, 1.25 ], "texture": "#texture" }
    }
},
{
    "from": [ -0.3125, 11.9375, 12 ],
    "to": [ 8.4375, 13.9375, 14 ],
    "faces": {
        "down":  { "uv": [ 8, 1.25, 10.5, 1.75 ], "texture": "#texture" },
        "up":    { "uv": [ 8, 1.75, 10.5, 1.25 ], "texture": "#texture" },
        "north": { "uv": [ 8, 1.25, 10.5, 1.75 ], "texture": "#texture" },
        "south": { "uv": [ 10.5, 1.25, 8, 1.75 ], "texture": "#texture" },
        "west":  { "uv": [ 9.25, 0.75, 8.75, 1.25 ], "texture": "#texture" },
        "east":  { "uv": [ 8.75, 0.75, 9.25, 1.25 ], "texture": "#texture" }
    }
},
{
    "from": [ 1.5, 10.5, 6.5 ],
    "to": [ 2.5, 11.5, 9.5 ],
    "faces": {
        "down":  { "uv": [ 2.25, 2.5, 1.5, 2.75 ], "rotation": 90, "texture": "#texture" },
        "up":    { "uv": [ 1.5, 2.5, 2.25, 2.75 ], "rotation": 90, "texture": "#texture" },
        "north": { "uv": [ 1.5, 2.5, 1.75, 2.75 ], "texture": "#texture" },
        "south": { "uv": [ 2, 2.5, 2.25, 2.75 ], "texture": "#texture" },
        "west":  { "uv": [ 1.5, 2.5, 2.25, 2.75 ], "texture": "#texture" },
        "east":  { "uv": [ 2.25, 2.5, 1.5, 2.75 ], "texture": "#texture" }
    }
},
{
    "from": [ 1.5, 9.5, 7.5 ],
    "to": [ 2.5, 10.5, 9.5 ],
    "faces": {
        "down":  { "uv": [ 2.25, 2.75, 1.75, 3 ], "rotation": 90, "texture": "#texture" },
        "up":    { "uv": [ 1.75, 2.75, 2.25, 3 ], "rotation": 90, "texture": "#texture" },
        "north": { "uv": [ 1.75, 2.75, 2, 3 ], "texture": "#texture" },
        "south": { "uv": [ 2, 2.75, 2.25, 3 ], "texture": "#texture" },
        "west":  { "uv": [ 1.75, 2.75, 2.25, 3 ], "texture": "#texture" },
        "east":  { "uv": [ 2.25, 2.75, 1.75, 3 ], "texture": "#texture" }
    }
},
{
    "from": [ 1.5, 8.5, 7.5 ],
    "to": [ 2.5, 9.5, 8.5 ],
    "faces": {
        "down":  { "uv": [ 1.75, 3, 2, 3.25 ], "texture": "#texture" },
        "up":    { "uv": [ 1.75, 3, 2, 3.25 ], "texture": "#texture" },
        "north": { "uv": [ 1.75, 3, 2, 3.25 ], "texture": "#texture" },
        "south": { "uv": [ 1.75, 3, 2, 3.25 ], "texture": "#texture" },
        "west":  { "uv": [ 1.75, 3, 2, 3.25 ], "texture": "#texture" },
        "east":  { "uv": [ 1.75, 3, 2, 3.25 ], "texture": "#texture" }
    }
},
{
    "from": [ 4, 14, 3.75 ],
    "to": [ 8, 19, 3.8125 ],
    "rotation": { "origin": [ 4, 19, 3.75 ], "axis": "x", "angle": -22.5 },
    "faces": {
        "north": { "uv": [ 5, 0.5, 6, 1.75 ], "texture": "#texture" },
        "south": { "uv": [ 6, 0.5, 5, 1.75 ], "texture": "#texture" }
    }
},
{
    "from": [ 4, 14, 12.25 ],
    "to": [ 8, 19, 12.3125 ],
    "rotation": { "origin": [ 4, 19, 12.25 ], "axis": "x", "angle": 22.5 },
    "faces": {
        "north": { "uv": [ 7.25, 0.5, 6.25, 1.75 ], "texture": "#texture" },
        "south": { "uv": [ 6.25, 0.5, 7.25, 1.75 ], "texture": "#texture" }
    }
},
{
    "from": [ 9, 1.25, 3.75 ],
    "to": [ 13, 6.25, 12.25 ],
    "faces": {
        "down":  { "uv": [ 0, 0, 1.25, 1.25 ], "texture": "#texture" },
        "up":    { "uv": [ 0, 0, 1.25, 1.25 ], "texture": "#texture" },
        "north": { "uv": [ 6, 5, 7.25, 6.25 ], "texture": "#texture" },
        "south": { "uv": [ 9.25, 5, 10.5, 6.25 ], "texture": "#texture" },
        "west":  { "uv": [ 7.25, 5, 9.25, 6.25 ], "texture": "#texture" },
        "east":  { "uv": [ 10, 5, 12, 6.25 ], "texture": "#texture" }
    }
},
{
    "from": [ 9.5, 12.5, 7 ],
    "to": [ 10.5, 14.5, 9 ],
    "rotation": { "origin": [ 9.5, 14.5, 7 ], "axis": "z", "angle": 22.5 },
    "faces": {
        "down":  { "uv": [ 5.25, 5.5, 4.75, 5.75 ], "rotation": 90, "texture": "#texture" },
        "up":    { "uv": [ 4.75, 5.25, 5.25, 5.5 ], "rotation": 90, "texture": "#texture" },
        "north": { "uv": [ 4.75, 5.25, 5, 5.75 ], "texture": "#texture" },
        "south": { "uv": [ 5, 5.25, 5.25, 5.75 ], "texture": "#texture" },
        "west":  { "uv": [ 4.75, 5.25, 5.25, 5.75 ], "texture": "#texture" },
        "east":  { "uv": [ 5.25, 5.25, 4.75, 5.75 ], "texture": "#texture" }
    }
},
{
    "from": [ 10.5, 9.75, 7 ],
    "to": [ 11.5, 11.75, 9 ],
    "rotation": { "origin": [ 10.5, 11.75, 7 ], "axis": "z", "angle": 22.5 },
    "faces": {
        "down":  { "uv": [ 5.25, 5.5, 4.75, 5.75 ], "rotation": 90, "texture": "#texture" },
        "up":    { "uv": [ 4.75, 5.25, 5.25, 5.5 ], "rotation": 90, "texture": "#texture" },
        "north": { "uv": [ 4.75, 5.25, 5, 5.75 ], "texture": "#texture" },
        "south": { "uv": [ 5, 5.25, 5.25, 5.75 ], "texture": "#texture" },
        "west":  { "uv": [ 4.75, 5.25, 5.25, 5.75 ], "texture": "#texture" },
        "east":  { "uv": [ 5.25, 5.25, 4.75, 5.75 ], "texture": "#texture" }
    }
},
{
    "from": [ 11.75, 7, 7 ],
    "to": [ 12.75, 9, 9 ],
    "rotation": { "origin": [ 11.75, 9, 7 ], "axis": "z", "angle": 22.5 },
    "faces": {
        "down":  { "uv": [ 5.25, 5.5, 4.75, 5.75 ], "rotation": 90, "texture": "#texture" },
        "up":    { "uv": [ 4.75, 5.25, 5.25, 5.5 ], "rotation": 90, "texture": "#texture" },
        "north": { "uv": [ 4.75, 5.25, 5, 5.75 ], "texture": "#texture" },
        "south": { "uv": [ 5, 5.25, 5.25, 5.75 ], "texture": "#texture" },
        "west":  { "uv": [ 4.75, 5.25, 5.25, 5.75 ], "texture": "#texture" },
        "east":  { "uv": [ 5.25, 5.25, 4.75, 5.75 ], "texture": "#texture" }
    }
},
{
    "from": [ -0.5625, 8.625, 2 ],
    "to": [ 8.4375, 10.625, 4 ],
    "rotation": { "origin": [ -0.5625, 10.625, 2 ], "axis": "z", "angle": 22.5 },
    "faces": {
        "down":  { "uv": [ 10.75, 1.25, 13.25, 1.75 ], "texture": "#texture" },
        "up":    { "uv": [ 10.75, 1.75, 13.25, 1.25 ], "texture": "#texture" },
        "north": { "uv": [ 10.75, 1.25, 13.25, 1.75 ], "texture": "#texture" },
        "south": { "uv": [ 13.25, 1.25, 10.75, 1.75 ], "texture": "#texture" },
        "west":  { "uv": [ 12, 0.75, 11.5, 1.25 ], "texture": "#texture" },
        "east":  { "uv": [ 11.5, 0.75, 12, 1.25 ], "texture": "#texture" }
    }
},
{
    "from": [ -0.375, 11.9375, 2 ],
    "to": [ 8.625, 13.9375, 4 ],
    "faces": {
        "down":  { "uv": [ 13.5, 1.25, 16, 1.75 ], "texture": "#texture" },
        "up":    { "uv": [ 13.5, 1.75, 16, 1.25 ], "texture": "#texture" },
        "north": { "uv": [ 13.5, 1.25, 16, 1.75 ], "texture": "#texture" },
        "south": { "uv": [ 16, 1.25, 13.5, 1.75 ], "texture": "#texture" },
        "west":  { "uv": [ 14.75, 0.75, 14.25, 1.25 ], "texture": "#texture" },
        "east":  { "uv": [ 14.25, 0.75, 14.75, 1.25 ], "texture": "#texture" }
    }
},
{
    "from": [ 0.0625, 8.8125, 12 ],
    "to": [ 8.8125, 10.8125, 14 ],
    "rotation": { "origin": [ 0.0625, 10.8125, 12 ], "axis": "z", "angle": 22.5 },
    "faces": {
        "down":  { "uv": [ 10.75, 1.25, 13.25, 1.75 ], "texture": "#texture" },
        "up":    { "uv": [ 10.75, 1.75, 13.25, 1.25 ], "texture": "#texture" },
        "north": { "uv": [ 10.75, 1.25, 13.25, 1.75 ], "texture": "#texture" },
        "south": { "uv": [ 13.25, 1.25, 10.75, 1.75 ], "texture": "#texture" },
        "west":  { "uv": [ 12, 0.75, 11.5, 1.25 ], "texture": "#texture" },
        "east":  { "uv": [ 11.5, 0.75, 12, 1.25 ], "texture": "#texture" }
    }
},
{
    "from": [ 1.625, 5.75, 12 ],
    "to": [ 10.375, 7.75, 14 ],
    "rotation": { "origin": [ 1.625, 7.75, 12 ], "axis": "z", "angle": 45 },
    "faces": {
        "down":  { "uv": [ 13.5, 1.25, 16, 1.75 ], "texture": "#texture" },
        "up":    { "uv": [ 13.5, 1.75, 16, 1.25 ], "texture": "#texture" },
        "north": { "uv": [ 13.5, 1.25, 16, 1.75 ], "texture": "#texture" },
        "south": { "uv": [ 16, 1.25, 13.5, 1.75 ], "texture": "#texture" },
        "west":  { "uv": [ 14.75, 0.75, 14.25, 1.25 ], "texture": "#texture" },
        "east":  { "uv": [ 14.25, 0.75, 14.75, 1.25 ], "texture": "#texture" }
    }
}
],
"display": {
    "thirdperson_righthand": {
        "rotation": [ 10, -45, -90 ],
        "translation": [ 0, 0.94, -1.32 ],
        "scale": [ 0.37, 0.37, 0.37 ]
    },
    "thirdperson_lefthand": {
        "rotation": [ 10, -45, 90 ],
        "translation": [ 0, 0.94, -1.32 ],
        "scale": [ 0.37, 0.37, 0.37 ]
    },
    "head": {
        "rotation": [ 0, -90, 0 ],
        "translation": [ 0, -12.85, -6.99 ],
        "scale": [ 3, 3, 3 ]
    },
    "ground": {
        "rotation": [ 0, 0, 0 ],
        "translation": [ 0, 4.54, 0 ],
        "scale": [ 0.5, 0.5, 0.5 ]
    },
    "fixed": {
        "rotation": [ 0, -90, 0 ],
        "translation": [ 0, -2.27, -3.21 ],
        "scale": [ 1, 1, 1 ]
    },
    "firstperson_righthand": {
        "rotation": [ 0, 31, 0 ],
        "translation": [ 0, 2.27, 0 ],
        "scale": [ 0.5, 0.5, 0.5 ]
    },
    "firstperson_lefthand": {
        "rotation": [ 0, -152, 0 ],
        "translation": [ 0, 2.27, -0.76 ],
        "scale": [ 0.5, 0.5, 0.5 ]
    },
    "gui": {
        "rotation": [ 45, 135, 0 ],
        "translation": [ -0.94, -0.94, 0 ],
        "scale": [ 0.75, 0.75, 0.75 ]
    }
}
}