{
"__comment": "Designed by MasterianoX",
"textures": {
    "particle": "entity/zombie/zombie",
    "texture": "entity/zombie/zombie"
},
"elements": [ 
{
    "from": [ 4, 0, 4 ],
    "to": [ 12, 8, 12 ],
    "faces": {
        "down":  { "uv": [ 4, 0, 6, 2 ], "texture": "#texture" },
        "up":    { "uv": [ 2, 0, 4, 2 ], "texture": "#texture" },
        "north": { "uv": [ 0, 2, 2, 4 ], "texture": "#texture" },
        "south": { "uv": [ 4, 2, 6, 4 ], "texture": "#texture" },
        "west":  { "uv": [ 2, 2, 4, 4 ], "texture": "#texture" },
        "east":  { "uv": [ 6, 2, 8, 4 ], "texture": "#texture" }
    }
},
{
    "from": [ 3, -0.5, 6 ],
    "to": [ 4, 1, 7 ],
    "rotation": { "origin": [ 3, 1, 6 ], "axis": "z", "angle": 22.5 },
    "faces": {
        "down":  { "uv": [ 2.5, 3.75, 2.75, 4 ], "texture": "#texture" },
        "up":    { "uv": [ 2.5, 3.75, 2.75, 4 ], "texture": "#texture" },
        "north": { "uv": [ 2.5, 3.75, 2.75, 4 ], "texture": "#texture" },
        "south": { "uv": [ 2.5, 3.75, 2.75, 4 ], "texture": "#texture" },
        "west":  { "uv": [ 2.5, 3.75, 2.75, 4 ], "texture": "#texture" },
        "east":  { "uv": [ 2.5, 3.75, 2.75, 4 ], "texture": "#texture" }
    }
},
{
    "from": [ 3, -0.445183, 9 ],
    "to": [ 4, 1.05482, 10 ],
    "rotation": { "origin": [ 3, 1.05482, 9 ], "axis": "z", "angle": 22.5 },
    "faces": {
        "down":  { "uv": [ 2.5, 3.75, 2.75, 4 ], "texture": "#texture" },
        "up":    { "uv": [ 2.5, 3.75, 2.75, 4 ], "texture": "#texture" },
        "north": { "uv": [ 2.5, 3.75, 2.75, 4 ], "texture": "#texture" },
        "south": { "uv": [ 2.5, 3.75, 2.75, 4 ], "texture": "#texture" },
        "west":  { "uv": [ 2.5, 3.75, 2.75, 4 ], "texture": "#texture" },
        "east":  { "uv": [ 2.5, 3.75, 2.75, 4 ], "texture": "#texture" }
    }
},
{
    "from": [ 3, 2, 6 ],
    "to": [ 4, 4, 7 ],
    "faces": {
        "down":  { "uv": [ 2.5, 3.25, 2.75, 3.5 ], "texture": "#texture" },
        "up":    { "uv": [ 2.5, 3, 2.75, 3.25 ], "texture": "#texture" },
        "north": { "uv": [ 2.5, 3, 2.75, 3.5 ], "texture": "#texture" },
        "south": { "uv": [ 2.5, 3, 2.75, 3.5 ], "texture": "#texture" },
        "west":  { "uv": [ 2.5, 3, 2.75, 3.5 ], "texture": "#texture" },
        "east":  { "uv": [ 2.5, 3, 2.75, 3.5 ], "texture": "#texture" }
    }
},
{
    "from": [ 3, 2, 9 ],
    "to": [ 4, 4, 10 ],
    "faces": {
        "down":  { "uv": [ 3.25, 3.25, 3.5, 3.5 ], "texture": "#texture" },
        "up":    { "uv": [ 3.25, 3, 3.5, 3.25 ], "texture": "#texture" },
        "north": { "uv": [ 3.25, 3, 3.5, 3.5 ], "texture": "#texture" },
        "south": { "uv": [ 3.25, 3, 3.5, 3.5 ], "texture": "#texture" },
        "west":  { "uv": [ 3.25, 3, 3.5, 3.5 ], "texture": "#texture" },
        "east":  { "uv": [ 3.25, 3, 3.5, 3.5 ], "texture": "#texture" }
    }
},
{
    "from": [ 3.5, 1, 4 ],
    "to": [ 4, 4, 5 ],
    "faces": {
        "down":  { "uv": [ 2, 3.5, 2.25, 3.75 ], "texture": "#texture" },
        "up":    { "uv": [ 2, 3, 2.25, 3.25 ], "texture": "#texture" },
        "north": { "uv": [ 2, 3, 2.25, 3.75 ], "texture": "#texture" },
        "south": { "uv": [ 2, 3, 2.25, 3.75 ], "texture": "#texture" },
        "west":  { "uv": [ 2, 3, 2.25, 3.75 ], "texture": "#texture" },
        "east":  { "uv": [ 2, 3, 2.25, 3.75 ], "texture": "#texture" }
    }
},
{
    "from": [ 3.5, 4, 5 ],
    "to": [ 4, 5, 6 ],
    "faces": {
        "down":  { "uv": [ 2.25, 2.75, 2.5, 3 ], "texture": "#texture" },
        "up":    { "uv": [ 2.25, 2.75, 2.5, 3 ], "texture": "#texture" },
        "north": { "uv": [ 2.25, 2.75, 2.5, 3 ], "texture": "#texture" },
        "south": { "uv": [ 2.25, 2.75, 2.5, 3 ], "texture": "#texture" },
        "west":  { "uv": [ 2.25, 2.75, 2.5, 3 ], "texture": "#texture" },
        "east":  { "uv": [ 2.25, 2.75, 2.5, 3 ], "texture": "#texture" }
    }
},
{
    "from": [ 2.5, -1, 3 ],
    "to": [ 4.5, 1, 5 ],
    "faces": {
        "down":  { "uv": [ 1.5, 1, 1, 1.5 ], "texture": "#texture" },
        "up":    { "uv": [ 1.5, 1.5, 2, 1 ], "texture": "#texture" },
        "north": { "uv": [ 1, 1.5, 1.5, 2 ], "texture": "#texture" },
        "south": { "uv": [ 1, 0.5, 1.5, 1 ], "texture": "#texture" },
        "west":  { "uv": [ 1.5, 1.5, 2, 2 ], "texture": "#texture" },
        "east":  { "uv": [ 1.5, 0.5, 2, 1 ], "texture": "#texture" }
    }
}
],
"display": {
    "thirdperson_righthand": {
        "rotation": [ 10, -45, -45 ],
        "translation": [ 0, 1.7, -0.94 ],
        "scale": [ 0.37, 0.37, 0.37 ]
    },
    "thirdperson_lefthand": {
        "rotation": [ 10, 45, 45 ],
        "translation": [ 0, 1.7, -0.94 ],
        "scale": [ 0.37, 0.37, 0.37 ]
    },
    "head": {
        "rotation": [ 0, -90, 0 ],
        "translation": [ 0, 7.5, 0 ],
        "scale": [ 1.75, 1.75, 1.75 ]
    },
    "ground": {
        "rotation": [ 0, 0, 0 ],
        "translation": [ 0, 2.46, 0 ],
        "scale": [ 0.35, 0.35, 0.35 ]
    },
    "fixed": {
        "rotation": [ 0, -90, 0 ],
        "translation": [ 0, 4, 0 ],
        "scale": [ 1, 1, 1 ]
    },
    "firstperson_righthand": {
        "rotation": [ 0, 30, 0 ],
        "translation": [ 0, 4.72, 1.32 ],
        "scale": [ 0.5, 0.5, 0.5 ]
    },
    "firstperson_lefthand": {
        "rotation": [ 0, -170, 0 ],
        "translation": [ 0, 4.72, 0.76 ],
        "scale": [ 0.5, 0.5, 0.5 ]
    },
    "gui": {
        "rotation": [ 45, 135, 0 ],
        "translation": [ 0, 2.46, 0 ],
        "scale": [ 0.75, 0.75, 0.75 ]
    }
}
}