{
   
"parent": "item/handheld",

"textures": {
        "layer0": "items/diamond_hoe"

}
,
"overrides": [
 {"predicate": {"damage": 0.97887323943}, "model": "item/ore_drops/plao5v/platinum_ingot"},
 {"predicate": {"damage": 0.9795134443}, "model": "item/ore_drops/plao5v/nickel_ingot"},
 {"predicate": {"damage": 0.98015364916}, "model": "item/ore_drops/plao5v/mithril_ingot"},
 {"predicate": {"damage": 0.98079385403}, "model": "item/ore_drops/uthuma/tungsten_ingot"},
 {"predicate": {"damage": 0.98143405889}, "model": "item/ore_drops/uthuma/aluminum_ingot"},
 {"predicate": {"damage": 0.98207426376}, "model": "item/ore_drops/uthuma/ardite_ingot"},
 {"predicate": {"damage": 0.98271446863}, "model": "item/ore_drops/duratus/gold_ingot"},
 {"predicate": {"damage": 0.98335467349}, "model": "item/ore_drops/duratus/tin_ingot"},
 {"predicate": {"damage": 0.98399487836}, "model": "item/ore_drops/duratus/adamantite_ingot"},
 {"predicate": {"damage": 0.98463508322}, "model": "item/ore_drops/aquis/iron_ingot"},
 {"predicate": {"damage": 0.98527528809}, "model": "item/ore_drops/aquis/cobalt_ingot"},
 {"predicate": {"damage": 0.98591549295}, "model": "item/ore_drops/aquis/silver_ingot"},
 {"predicate": {"damage": 0.98655569782}, "model": "item/ore_drops/aquis/copper_ingot"},
 {"predicate": {"damage": 0.98719590268}, "model": "item/ore_drops/plao5v/platinum_clod"},
 {"predicate": {"damage": 0.98783610755}, "model": "item/ore_drops/plao5v/ruby"},
 {"predicate": {"damage": 0.98847631242}, "model": "item/ore_drops/plao5v/nickel_clod"},
 {"predicate": {"damage": 0.98911651728}, "model": "item/ore_drops/plao5v/osmium"},
 {"predicate": {"damage": 0.98975672215}, "model": "item/ore_drops/plao5v/mithril_clod"},
 {"predicate": {"damage": 0.99039692701}, "model": "item/ore_drops/uthuma/tungsten_clod"},
 {"predicate": {"damage": 0.99103713188}, "model": "item/ore_drops/uthuma/aluminum_clod"},
 {"predicate": {"damage": 0.99167733674}, "model": "item/ore_drops/uthuma/opal"},
 {"predicate": {"damage": 0.99231754161}, "model": "item/ore_drops/uthuma/ardite_clod"},
 {"predicate": {"damage": 0.99295774647}, "model": "item/ore_drops/duratus/gold_clod"},
 {"predicate": {"damage": 0.99359795134}, "model": "item/ore_drops/duratus/tin_clod"},
 {"predicate": {"damage": 0.99423815621}, "model": "item/ore_drops/duratus/frostite"},
 {"predicate": {"damage": 0.99487836107}, "model": "item/ore_drops/duratus/sapphire"},
 {"predicate": {"damage": 0.99551856594}, "model": "item/ore_drops/duratus/adamantite_clod"},
 {"predicate": {"damage": 0.9961587708}, "model": "item/ore_drops/aquis/topaz"},
 {"predicate": {"damage": 0.99679897567}, "model": "item/ore_drops/aquis/iron_clod"},
 {"predicate": {"damage": 0.99743918053}, "model": "item/ore_drops/aquis/amethyst"},
 {"predicate": {"damage": 0.9980793854}, "model": "item/ore_drops/aquis/cobalt_clod"},
 {"predicate": {"damage": 0.99871959026}, "model": "item/ore_drops/aquis/silver_clod"},
 {"predicate": {"damage": 0.999359795}, "model": "item/ore_drops/aquis/copper_clod"}
]
}