{
   
"parent": "item/handheld",

"textures": {
        "layer0": "items/gold_hoe"

}
,
"overrides": [
 {"predicate": {"damage": 0.75757575757}, "model": "item/goody_bags/alien_goody_bag"},
 {"predicate": {"damage": 0.78787878787}, "model": "item/goody_bags/snow_goody_bag"},
 {"predicate": {"damage": 0.81818181818}, "model": "item/goody_bags/hell_goody_bag"},
 {"predicate": {"damage": 0.84848484848}, "model": "item/goody_bags/swamp_goody_bag"},
 {"predicate": {"damage": 0.87878787878}, "model": "item/goody_bags/contraband_goody_bag"},
 {"predicate": {"damage": 0.90909090909}, "model": "item/goody_bags/rare_goody_bag"},
 {"predicate": {"damage": 0.93939393939}, "model": "item/goody_bags/uncommon_goody_bag"},
 {"predicate": {"damage": 0.96969696969}, "model": "item/goody_bags/common_goody_bag"}
]
}