{
"__comment": "Designed by MasterianoX",
"textures": {
    "particle": "entity/merchants/secret_merchant",
    "texture": "entity/merchants/secret_merchant",
    "secret_merchant_log": "entity/merchants/secret_merchant_log"
},
"elements": [ 
{
    "from": [ 7.25, 12, 4.8125 ],
    "to": [ 7.75, 19, 8.3125 ],
    "rotation": { "origin": [ 7.25, 12, 4.8125 ], "axis": "y", "angle": -22.5 },
    "faces": {
        "down":  { "uv": [ 1.75, 3.25, 0, 3.5 ], "rotation": 90, "texture": "#texture" },
        "up":    { "uv": [ 0, 0, 1.75, 0.25 ], "rotation": 90, "texture": "#texture" },
        "north": { "uv": [ 0, 0, 0.25, 3.5 ], "texture": "#texture" },
        "south": { "uv": [ 1.5, 0, 1.75, 3.5 ], "texture": "#texture" },
        "west":  { "uv": [ 0, 0, 1.75, 3.5 ], "texture": "#texture" },
        "east":  { "uv": [ 1.75, 0, 0, 3.5 ], "texture": "#texture" }
    }
},
{
    "from": [ 5.90625, 12, 8.03125 ],
    "to": [ 6.40625, 19, 11.5313 ],
    "rotation": { "origin": [ 5.90625, 12, 8.03125 ], "axis": "y", "angle": 22.5 },
    "faces": {
        "down":  { "uv": [ 3.5, 3.25, 1.75, 3.5 ], "rotation": 90, "texture": "#texture" },
        "up":    { "uv": [ 1.75, 0, 3.5, 0.25 ], "rotation": 90, "texture": "#texture" },
        "north": { "uv": [ 1.75, 0, 2, 3.5 ], "texture": "#texture" },
        "south": { "uv": [ 3.25, 0, 3.5, 3.5 ], "texture": "#texture" },
        "west":  { "uv": [ 1.75, 0, 3.5, 3.5 ], "texture": "#texture" },
        "east":  { "uv": [ 3.5, 0, 1.75, 3.5 ], "texture": "#texture" }
    }
},
{
    "from": [ 7.375, 15.5, 3.5 ],
    "to": [ 7.4375, 21, 12.5 ],
    "faces": {
        "west":  { "uv": [ 3.5, 0, 8, 2.75 ], "texture": "#texture" },
        "east":  { "uv": [ 8, 0, 3.5, 2.75 ], "texture": "#texture" }
    }
},
{
    "from": [ 6.875, 13, 6 ],
    "to": [ 10.875, 17, 10 ],
    "faces": {
        "down":  { "uv": [ 4, 3.75, 6, 5.75 ], "texture": "#texture" },
        "up":    { "uv": [ 2, 3.75, 4, 5.75 ], "texture": "#texture" },
        "north": { "uv": [ 6, 5.75, 4, 7.75 ], "texture": "#texture" },
        "south": { "uv": [ 2, 5.75, 0, 7.75 ], "texture": "#texture" },
        "west":  { "uv": [ 2, 5.75, 4, 7.75 ], "texture": "#texture" },
        "east":  { "uv": [ 6, 5.75, 8, 7.75 ], "texture": "#texture" }
    }
},
{
    "from": [ 8.625, 14.5, 9.5 ],
    "to": [ 10.125, 16, 10 ],
    "rotation": { "origin": [ 8.625, 14.5, 9.5 ], "axis": "y", "angle": -22.5 },
    "faces": {
        "down":  { "uv": [ 0, 4.25, 0.75, 4.5 ], "texture": "#texture" },
        "up":    { "uv": [ 0.75, 3.75, 0, 4 ], "texture": "#texture" },
        "north": { "uv": [ 0, 3.75, 0.75, 4.5 ], "texture": "#texture" },
        "south": { "uv": [ 0.75, 3.75, 0, 4.5 ], "texture": "#texture" },
        "west":  { "uv": [ 0.5, 3.75, 0.75, 4.5 ], "texture": "#texture" },
        "east":  { "uv": [ 0, 3.75, 0.25, 4.5 ], "texture": "#texture" }
    }
},
{
    "from": [ 8.5, 14.5, 6 ],
    "to": [ 10, 16, 6.5 ],
    "rotation": { "origin": [ 8.5, 14.5, 6 ], "axis": "y", "angle": 22.5 },
    "faces": {
        "down":  { "uv": [ 0, 4.25, 0.75, 4.5 ], "texture": "#texture" },
        "up":    { "uv": [ 0.75, 3.75, 0, 4 ], "texture": "#texture" },
        "north": { "uv": [ 0, 3.75, 0.75, 4.5 ], "texture": "#texture" },
        "south": { "uv": [ 0.75, 3.75, 0, 4.5 ], "texture": "#texture" },
        "west":  { "uv": [ 0.5, 3.75, 0.75, 4.5 ], "texture": "#texture" },
        "east":  { "uv": [ 0, 3.75, 0.25, 4.5 ], "texture": "#texture" }
    }
},
{
    "from": [ 9, 11.5, 7.3125 ],
    "to": [ 11, 14, 8.8125 ],
    "rotation": { "origin": [ 9, 14, 7.3125 ], "axis": "z", "angle": 22.5 },
    "faces": {
        "down":  { "uv": [ 7.75, 3.25, 8.5, 4 ], "texture": "#texture" },
        "up":    { "uv": [ 7, 3.25, 7.75, 4 ], "texture": "#texture" },
        "north": { "uv": [ 7.5, 4, 8.5, 5.5 ], "texture": "#texture" },
        "south": { "uv": [ 7.25, 4, 6.25, 5.5 ], "texture": "#texture" },
        "west":  { "uv": [ 7, 4, 7.75, 5.5 ], "texture": "#texture" },
        "east":  { "uv": [ 8.5, 4, 9.25, 5.5 ], "texture": "#texture" }
    }
},
{
    "from": [ 9.25, 10, 5.5 ],
    "to": [ 12.75, 12.5, 10.5 ],
    "faces": {
        "down":  { "uv": [ 4.25, 8, 6.75, 9.75 ], "texture": "#texture" },
        "up":    { "uv": [ 1.75, 8, 4.25, 9.75 ], "texture": "#texture" },
        "north": { "uv": [ 0, 9.75, 1.75, 11 ], "texture": "#texture" },
        "south": { "uv": [ 4.25, 9.75, 6, 11 ], "texture": "#texture" },
        "west":  { "uv": [ 1.75, 9.75, 4.25, 11 ], "texture": "#texture" },
        "east":  { "uv": [ 6, 9.75, 8.5, 11 ], "texture": "#texture" }
    }
},
{
    "from": [ 9.25, 11, 3 ],
    "to": [ 12.75, 12, 4 ],
    "rotation": { "origin": [ 9.25, 11, 3 ], "axis": "y", "angle": -45 },
    "faces": {
        "down":  { "uv": [ 10, 0, 8.25, 0.5 ], "texture": "#texture" },
        "up":    { "uv": [ 10, 0, 8.25, 0.5 ], "texture": "#texture" },
        "north": { "uv": [ 8.25, 0, 10, 0.5 ], "texture": "#texture" },
        "south": { "uv": [ 8.25, 0, 10, 0.5 ], "texture": "#texture" },
        "west":  { "uv": [ 8.25, 0, 8.75, 0.5 ], "texture": "#texture" },
        "east":  { "uv": [ 9.5, 0, 10, 0.5 ], "texture": "#texture" }
    }
},
{
    "from": [ 5, 9.5, 3 ],
    "to": [ 6, 14.5, 4 ],
    "rotation": { "origin": [ 5, 14.5, 3 ], "axis": "z", "angle": 45 },
    "faces": {
        "down":  { "uv": [ 8.75, 2.75, 9.25, 3.25 ], "texture": "#texture" },
        "up":    { "uv": [ 8.75, 2.75, 9.25, 3.25 ], "texture": "#texture" },
        "north": { "uv": [ 8.75, 0.75, 9.25, 3.25 ], "texture": "#texture" },
        "south": { "uv": [ 8.75, 0.75, 9.25, 3.25 ], "texture": "#texture" },
        "west":  { "uv": [ 9.25, 0.75, 8.75, 3.25 ], "texture": "#texture" },
        "east":  { "uv": [ 9.25, 0.75, 8.75, 3.25 ], "texture": "#texture" }
    }
},
{
    "from": [ 8.75, 6.5, 5 ],
    "to": [ 13.25, 10, 11 ],
    "faces": {
        "down":  { "uv": [ 5.25, 11.25, 8.25, 13.5 ], "texture": "#texture" },
        "up":    { "uv": [ 2.25, 11.25, 5.25, 13.5 ], "texture": "#texture" },
        "north": { "uv": [ 0, 13.5, 2.25, 15.25 ], "texture": "#texture" },
        "south": { "uv": [ 5.25, 13.5, 7.5, 15.25 ], "texture": "#texture" },
        "west":  { "uv": [ 2.25, 13.5, 5.25, 15.25 ], "texture": "#texture" },
        "east":  { "uv": [ 7.5, 13.5, 10.5, 15.25 ], "texture": "#texture" }
    }
},
{
    "from": [ 8.375, 10.75, 12.25 ],
    "to": [ 11.875, 11.75, 13.25 ],
    "rotation": { "origin": [ 8.375, 10.75, 12.25 ], "axis": "y", "angle": 45 },
    "faces": {
        "down":  { "uv": [ 8.25, 0, 10, 0.5 ], "texture": "#texture" },
        "up":    { "uv": [ 8.25, 0, 10, 0.5 ], "texture": "#texture" },
        "north": { "uv": [ 8.25, 0.5, 10, 0 ], "texture": "#texture" },
        "south": { "uv": [ 8.25, 0.5, 10, 0 ], "texture": "#texture" },
        "west":  { "uv": [ 8.25, 0, 8.75, 0.5 ], "texture": "#texture" },
        "east":  { "uv": [ 8.25, 0, 8.75, 0.5 ], "texture": "#texture" }
    }
},
{
    "from": [ 4.82018, 10.8125, 10.125 ],
    "to": [ 9.82018, 11.8125, 11.125 ],
    "rotation": { "origin": [ 4.82018, 10.8125, 10.125 ], "axis": "y", "angle": -22.5 },
    "faces": {
        "down":  { "uv": [ 8.75, 3.25, 9.25, 0.75 ], "rotation": 90, "texture": "#texture" },
        "up":    { "uv": [ 8.75, 3.25, 9.25, 0.75 ], "rotation": 90, "texture": "#texture" },
        "north": { "uv": [ 8.75, 0.75, 9.25, 3.25 ], "rotation": 90, "texture": "#texture" },
        "south": { "uv": [ 8.75, 3.25, 9.25, 0.75 ], "rotation": 90, "texture": "#texture" },
        "west":  { "uv": [ 8.75, 2.75, 9.25, 3.25 ], "texture": "#texture" },
        "east":  { "uv": [ 8.75, 2.75, 9.25, 3.25 ], "texture": "#texture" }
    }
},
{
    "from": [ 8.75, 6, 4.875 ],
    "to": [ 13.75, 8.5, 11.125 ],
    "rotation": { "origin": [ 8.75, 8.5, 4.875 ], "axis": "z", "angle": -22.5 },
    "faces": {
        "down":  { "uv": [ 0, 4.5, 0.25, 4.75 ], "texture": "#texture" },
        "up":    { "uv": [ 0, 4.5, 0.25, 4.75 ], "texture": "#texture" },
        "north": { "uv": [ 6.75, 8, 9, 9.25 ], "texture": "#texture" },
        "south": { "uv": [ 10.75, 8, 13, 9.25 ], "texture": "#texture" },
        "west":  { "uv": [ 9, 8, 12, 9.25 ], "texture": "#texture" },
        "east":  { "uv": [ 13, 8, 16, 9.25 ], "texture": "#texture" }
    }
},
{
    "from": [ 5.75, 5, 5.5 ],
    "to": [ 10.75, 6, 6.5 ],
    "faces": {
        "down":  { "uv": [ 10.25, 0.5, 12.75, 0 ], "texture": "#texture" },
        "up":    { "uv": [ 10.25, 0.5, 12.75, 0 ], "texture": "#texture" },
        "north": { "uv": [ 12.75, 0.5, 10.25, 0 ], "texture": "#texture" },
        "south": { "uv": [ 10.25, 0, 12.75, 0.5 ], "texture": "#texture" },
        "west":  { "uv": [ 10.25, 0, 10.75, 0.5 ], "texture": "#texture" },
        "east":  { "uv": [ 10.25, 0, 10.75, 0.5 ], "texture": "#texture" }
    }
},
{
    "from": [ 5.72592, 1, 5.4375 ],
    "to": [ 6.72592, 6, 6.5625 ],
    "rotation": { "origin": [ 5.72592, 6, 5.4375 ], "axis": "z", "angle": -22.5 },
    "faces": {
        "down":  { "uv": [ 9.5, 3, 10, 3.25 ], "texture": "#texture" },
        "up":    { "uv": [ 9.5, 0.75, 10, 1.25 ], "texture": "#texture" },
        "north": { "uv": [ 9.5, 0.75, 10, 3.25 ], "texture": "#texture" },
        "south": { "uv": [ 9.5, 0.75, 10, 3.25 ], "texture": "#texture" },
        "west":  { "uv": [ 10, 0.75, 9.5, 3.25 ], "texture": "#texture" },
        "east":  { "uv": [ 10, 0.75, 9.5, 3.25 ], "texture": "#texture" }
    }
},
{
    "from": [ 1.25, 1.5, 4.5 ],
    "to": [ 5.25, 2.5, 7.5 ],
    "rotation": { "origin": [ 1.25, 2.5, 4.5 ], "axis": "z", "angle": -22.5 },
    "faces": {
        "down":  { "uv": [ 10.5, 2.5, 12.5, 1 ], "texture": "#texture" },
        "up":    { "uv": [ 10.5, 1, 12.5, 2.5 ], "texture": "#texture" },
        "north": { "uv": [ 10.5, 2.25, 12.5, 2.75 ], "texture": "#texture" },
        "south": { "uv": [ 10.5, 0.75, 12.5, 1.25 ], "texture": "#texture" },
        "west":  { "uv": [ 10.25, 2.5, 10.75, 1 ], "rotation": 90, "texture": "#texture" },
        "east":  { "uv": [ 12.5, 2.5, 12, 1 ], "rotation": 90, "texture": "#texture" }
    }
},
{
    "from": [ 10, 0, 2 ],
    "to": [ 16, 6, 14 ],
    "faces": {
        "down":  { "uv": [ 0, 0, 12, 8 ], "rotation": 90, "texture": "#secret_merchant_log" },
        "up":    { "uv": [ 0, 0, 12, 8 ], "rotation": 90, "texture": "#secret_merchant_log" },
        "north": { "uv": [ 1, 9, 7, 15 ], "texture": "#secret_merchant_log" },
        "south": { "uv": [ 1, 9, 7, 15 ], "texture": "#secret_merchant_log" },
        "west":  { "uv": [ 0, 0, 12, 8 ], "texture": "#secret_merchant_log" },
        "east":  { "uv": [ 0, 0, 12, 8 ], "texture": "#secret_merchant_log" }
    }
},
{
    "from": [ 5.75, 3.75, 9.5 ],
    "to": [ 10.75, 4.75, 10.5 ],
    "rotation": { "origin": [ 5.75, 4.75, 9.5 ], "axis": "z", "angle": 22.5 },
    "faces": {
        "down":  { "uv": [ 10.25, 0.5, 12.75, 0 ], "texture": "#texture" },
        "up":    { "uv": [ 10.25, 0.5, 12.75, 0 ], "texture": "#texture" },
        "north": { "uv": [ 12.75, 0.5, 10.25, 0 ], "texture": "#texture" },
        "south": { "uv": [ 10.25, 0, 12.75, 0.5 ], "texture": "#texture" },
        "west":  { "uv": [ 10.25, 0, 10.75, 0.5 ], "texture": "#texture" },
        "east":  { "uv": [ 10.25, 0, 10.75, 0.5 ], "texture": "#texture" }
    }
},
{
    "from": [ 5.6875, -0.25, 9.4375 ],
    "to": [ 6.6875, 4.75, 10.5625 ],
    "rotation": { "origin": [ 5.6875, 4.75, 9.4375 ], "axis": "z", "angle": 22.5 },
    "faces": {
        "down":  { "uv": [ 9.5, 3, 10, 3.25 ], "texture": "#texture" },
        "up":    { "uv": [ 9.5, 0.75, 10, 1.25 ], "texture": "#texture" },
        "north": { "uv": [ 9.5, 0.75, 10, 3.25 ], "texture": "#texture" },
        "south": { "uv": [ 9.5, 0.75, 10, 3.25 ], "texture": "#texture" },
        "west":  { "uv": [ 10, 0.75, 9.5, 3.25 ], "texture": "#texture" },
        "east":  { "uv": [ 10, 0.75, 9.5, 3.25 ], "texture": "#texture" }
    }
},
{
    "from": [ 5, 0, 8.5 ],
    "to": [ 9, 1, 11.5 ],
    "faces": {
        "down":  { "uv": [ 10.5, 1, 12.5, 2.5 ], "texture": "#texture" },
        "up":    { "uv": [ 10.5, 2.5, 12.5, 1 ], "texture": "#texture" },
        "north": { "uv": [ 10.5, 0.75, 12.5, 1.25 ], "texture": "#texture" },
        "south": { "uv": [ 10.5, 2.25, 12.5, 2.75 ], "texture": "#texture" },
        "west":  { "uv": [ 10.25, 1, 10.75, 2.5 ], "rotation": 90, "texture": "#texture" },
        "east":  { "uv": [ 12.5, 1, 12, 2.5 ], "rotation": 90, "texture": "#texture" }
    }
}
],
"display": {
    "thirdperson_righthand": {
        "rotation": [ 10, -45, -35 ],
        "translation": [ 0, 1.5, -2.75 ],
        "scale": [ 0.37, 0.37, 0.37 ]
    },
    "thirdperson_lefthand": {
        "rotation": [ 10, -45, -35 ],
        "translation": [ 0, 1.5, -2.75 ],
        "scale": [ 0.37, 0.37, 0.37 ]
    },
    "head": {
        "rotation": [ 0, -17, 0 ],
        "translation": [ -5.67, -23.62, -4.54 ],
        "scale": [ 2.65, 2.65, 2.65 ]
    },
    "ground": {
        "rotation": [ 0, 0, 0 ],
        "translation": [ 0, 6.99, 0 ],
        "scale": [ 0.5, 0.5, 0.5 ]
    },
    "fixed": {
        "rotation": [ 0, -90, 0 ],
        "translation": [ 0, 0, -2.65 ],
        "scale": [ 0.5, 0.5, 0.5 ]
    },
    "firstperson_righthand": {
        "rotation": [ 0, 0, 0 ],
        "translation": [ 0, 0, 0 ],
        "scale": [ 1, 1, 1 ]
    },
    "firstperson_lefthand": {
        "rotation": [ 0, -153, 0 ],
        "translation": [ 0, 0, 0 ],
        "scale": [ 1, 1, 1 ]
    },
    "gui": {
        "rotation": [ 45, 135, 0 ],
        "translation": [ 0, 0, 0 ],
        "scale": [ 0.5, 0.5, 0.5 ]
    }
}
}