{
"__comment": "Designed by MasterianoX",
"textures": {
    "particle": "entity/merchants/tech_mechanic",
    "texture": "entity/merchants/tech_mechanic"
},
"elements": [ 
{
    "from": [ 5, 8, 3.5 ],
    "to": [ 11, 18, 12.5 ],
    "faces": {
        "down":  { "uv": [ 7.5, 5.25, 12, 8.25 ], "texture": "#texture" },
        "up":    { "uv": [ 7.5, 5.25, 12, 8.25 ], "texture": "#texture" },
        "north": { "uv": [ 0, 8.25, 3, 13.25 ], "texture": "#texture" },
        "south": { "uv": [ 7.5, 8.25, 10.5, 13.25 ], "texture": "#texture" },
        "west":  { "uv": [ 10.5, 8.25, 15, 13.25 ], "texture": "#texture" },
        "east":  { "uv": [ 3, 8.25, 7.5, 13.25 ], "texture": "#texture" }
    }
},
{
    "from": [ 6, 12, -0.5 ],
    "to": [ 10, 16, 3.5 ],
    "faces": {
        "down":  { "uv": [ 2.75, 5.25, 4.75, 7.25 ], "texture": "#texture" },
        "up":    { "uv": [ 2.75, 5.25, 4.75, 7.25 ], "texture": "#texture" },
        "north": { "uv": [ 2.75, 5.25, 4.75, 7.25 ], "texture": "#texture" },
        "south": { "uv": [ 2.75, 5.25, 4.75, 7.25 ], "texture": "#texture" },
        "west":  { "uv": [ 2.75, 5.25, 4.75, 7.25 ], "texture": "#texture" },
        "east":  { "uv": [ 2.75, 5.25, 4.75, 7.25 ], "texture": "#texture" }
    }
},
{
    "from": [ 7, 6, 0.5 ],
    "to": [ 9, 12, 2.5 ],
    "rotation": { "origin": [ 7, 12, 0.5 ], "axis": "z", "angle": 45 },
    "faces": {
        "down":  { "uv": [ 6.25, 3, 7.25, 4 ], "texture": "#texture" },
        "up":    { "uv": [ 6.25, 3, 7.25, 4 ], "texture": "#texture" },
        "north": { "uv": [ 6.25, 3, 7.25, 6 ], "texture": "#texture" },
        "south": { "uv": [ 6.25, 3, 7.25, 6 ], "texture": "#texture" },
        "west":  { "uv": [ 7.25, 3, 6.25, 6 ], "texture": "#texture" },
        "east":  { "uv": [ 7.25, 3, 6.25, 6 ], "texture": "#texture" }
    }
},
{
    "from": [ 6, 12, 12.5 ],
    "to": [ 10, 16, 16.5 ],
    "faces": {
        "down":  { "uv": [ 2.75, 5.25, 4.75, 7.25 ], "texture": "#texture" },
        "up":    { "uv": [ 2.75, 5.25, 4.75, 7.25 ], "texture": "#texture" },
        "north": { "uv": [ 2.75, 5.25, 4.75, 7.25 ], "texture": "#texture" },
        "south": { "uv": [ 2.75, 5.25, 4.75, 7.25 ], "texture": "#texture" },
        "west":  { "uv": [ 2.75, 5.25, 4.75, 7.25 ], "texture": "#texture" },
        "east":  { "uv": [ 2.75, 5.25, 4.75, 7.25 ], "texture": "#texture" }
    }
},
{
    "from": [ 7, 6, 13.5 ],
    "to": [ 9, 12, 15.5 ],
    "rotation": { "origin": [ 7, 12, 13.5 ], "axis": "z", "angle": 22.5 },
    "faces": {
        "down":  { "uv": [ 6.25, 3, 7.25, 4 ], "texture": "#texture" },
        "up":    { "uv": [ 6.25, 3, 7.25, 4 ], "texture": "#texture" },
        "north": { "uv": [ 6.25, 3, 7.25, 6 ], "texture": "#texture" },
        "south": { "uv": [ 6.25, 3, 7.25, 6 ], "texture": "#texture" },
        "west":  { "uv": [ 7.25, 3, 6.25, 6 ], "texture": "#texture" },
        "east":  { "uv": [ 7.25, 3, 6.25, 6 ], "texture": "#texture" }
    }
},
{
    "from": [ 6, 7, 5 ],
    "to": [ 10, 8, 11 ],
    "faces": {
        "down":  { "uv": [ 9.75, 0.25, 6.5, 2.5 ], "rotation": 270, "texture": "#texture" },
        "up":    { "uv": [ 6.5, 0.25, 9.75, 2.5 ], "rotation": 270, "texture": "#texture" },
        "north": { "uv": [ 6.25, 0.25, 6.75, 2.5 ], "rotation": 90, "texture": "#texture" },
        "south": { "uv": [ 9.5, 0.25, 10, 2.5 ], "rotation": 90, "texture": "#texture" },
        "west":  { "uv": [ 6.5, 0, 9.75, 0.5 ], "texture": "#texture" },
        "east":  { "uv": [ 6.5, 2.25, 9.75, 2.75 ], "texture": "#texture" }
    }
},
{
    "from": [ 6.5, 0, 4 ],
    "to": [ 9.5, 7, 7 ],
    "faces": {
        "down":  { "uv": [ 3, 0, 4.5, 1.5 ], "texture": "#texture" },
        "up":    { "uv": [ 1.5, 0, 3, 1.5 ], "texture": "#texture" },
        "north": { "uv": [ 0, 1.5, 1.5, 5 ], "texture": "#texture" },
        "south": { "uv": [ 3, 1.5, 4.5, 5 ], "texture": "#texture" },
        "west":  { "uv": [ 1.5, 1.5, 3, 5 ], "texture": "#texture" },
        "east":  { "uv": [ 4.5, 1.5, 6, 5 ], "texture": "#texture" }
    }
},
{
    "from": [ 6.5, 0, 9 ],
    "to": [ 9.5, 7, 12 ],
    "faces": {
        "down":  { "uv": [ 3, 0, 4.5, 1.5 ], "texture": "#texture" },
        "up":    { "uv": [ 1.5, 0, 3, 1.5 ], "texture": "#texture" },
        "north": { "uv": [ 0, 1.5, 1.5, 5 ], "texture": "#texture" },
        "south": { "uv": [ 3, 1.5, 4.5, 5 ], "texture": "#texture" },
        "west":  { "uv": [ 1.5, 1.5, 3, 5 ], "texture": "#texture" },
        "east":  { "uv": [ 4.5, 1.5, 6, 5 ], "texture": "#texture" }
    }
},
{
    "from": [ 4.5, 18, 3 ],
    "to": [ 11.5, 19.5, 13 ],
    "faces": {
        "down":  { "uv": [ 10.5, 0.5, 15.5, 4 ], "rotation": 90, "texture": "#texture" },
        "up":    { "uv": [ 10.5, 0.5, 15.5, 4 ], "rotation": 90, "texture": "#texture" },
        "north": { "uv": [ 10.75, 4, 10, 0.5 ], "rotation": 90, "texture": "#texture" },
        "south": { "uv": [ 15.25, 0.5, 16, 4 ], "rotation": 90, "texture": "#texture" },
        "west":  { "uv": [ 10.5, 3.75, 15.5, 4.5 ], "texture": "#texture" },
        "east":  { "uv": [ 15.5, 0.75, 10.5, 0 ], "texture": "#texture" }
    }
},
{
    "from": [ 12, 7.5, 0 ],
    "to": [ 15, 10.5, 3 ],
    "rotation": { "origin": [ 12, 10.5, 0 ], "axis": "z", "angle": -22.5 },
    "faces": {
        "down":  { "uv": [ 4.75, 5.25, 6.25, 6.75 ], "texture": "#texture" },
        "up":    { "uv": [ 4.75, 5.25, 6.25, 6.75 ], "texture": "#texture" },
        "north": { "uv": [ 4.75, 5.25, 6.25, 6.75 ], "texture": "#texture" },
        "south": { "uv": [ 4.75, 5.25, 6.25, 6.75 ], "texture": "#texture" },
        "west":  { "uv": [ 4.75, 5.25, 6.25, 6.75 ], "texture": "#texture" },
        "east":  { "uv": [ 7.5, 3, 9, 4.5 ], "texture": "#texture" }
    }
},
{
    "from": [ 8.5, 4, 13 ],
    "to": [ 11.5, 7, 16 ],
    "rotation": { "origin": [ 8.5, 7, 13 ], "axis": "z", "angle": 22.5 },
    "faces": {
        "down":  { "uv": [ 7.5, 3, 9, 4.5 ], "texture": "#texture" },
        "up":    { "uv": [ 4.75, 5.25, 6.25, 6.75 ], "texture": "#texture" },
        "north": { "uv": [ 4.75, 5.25, 6.25, 6.75 ], "texture": "#texture" },
        "south": { "uv": [ 4.75, 5.25, 6.25, 6.75 ], "texture": "#texture" },
        "west":  { "uv": [ 4.75, 5.25, 6.25, 6.75 ], "texture": "#texture" },
        "east":  { "uv": [ 4.75, 5.25, 6.25, 6.75 ], "texture": "#texture" }
    }
},
{
    "from": [ 11, 11, 5.5 ],
    "to": [ 13, 16, 10.5 ],
    "faces": {
        "down":  { "uv": [ 1.5, 5.25, 2.5, 7.75 ], "texture": "#texture" },
        "up":    { "uv": [ 0, 5.25, 1, 7.75 ], "texture": "#texture" },
        "north": { "uv": [ 0.5, 5.25, 1.5, 7.75 ], "texture": "#texture" },
        "south": { "uv": [ 1.25, 5.25, 2.25, 7.75 ], "texture": "#texture" },
        "west":  { "uv": [ 0, 0, 0.25, 0.25 ], "texture": "#texture" },
        "east":  { "uv": [ 0, 5.25, 2.5, 7.75 ], "texture": "#texture" }
    }
},
{
    "from": [ 6.25, 3, 3.75 ],
    "to": [ 9.75, 4, 7.25 ],
    "faces": {
        "down":  { "uv": [ 3, 0, 3.25, 0.25 ], "texture": "#texture" },
        "up":    { "uv": [ 3, 0, 3.25, 0.25 ], "texture": "#texture" },
        "north": { "uv": [ 3, 0, 3.25, 0.25 ], "texture": "#texture" },
        "south": { "uv": [ 3, 0, 3.25, 0.25 ], "texture": "#texture" },
        "west":  { "uv": [ 3, 0, 3.25, 0.25 ], "texture": "#texture" },
        "east":  { "uv": [ 3, 0, 3.25, 0.25 ], "texture": "#texture" }
    }
},
{
    "from": [ 6.25, 3, 8.75 ],
    "to": [ 9.75, 4, 12.25 ],
    "faces": {
        "down":  { "uv": [ 3, 0, 3.25, 0.25 ], "texture": "#texture" },
        "up":    { "uv": [ 3, 0, 3.25, 0.25 ], "texture": "#texture" },
        "north": { "uv": [ 3, 0, 3.25, 0.25 ], "texture": "#texture" },
        "south": { "uv": [ 3, 0, 3.25, 0.25 ], "texture": "#texture" },
        "west":  { "uv": [ 3, 0, 3.25, 0.25 ], "texture": "#texture" },
        "east":  { "uv": [ 3, 0, 3.25, 0.25 ], "texture": "#texture" }
    }
},
{
    "from": [ 11, 16, 5 ],
    "to": [ 11.5, 16.5, 11 ],
    "faces": {
        "down":  { "uv": [ 3.75, 9, 6.75, 9.25 ], "rotation": 90, "texture": "#texture" },
        "up":    { "uv": [ 6.75, 9, 3.75, 9.25 ], "rotation": 90, "texture": "#texture" },
        "north": { "uv": [ 6.5, 9, 6.75, 9.25 ], "texture": "#texture" },
        "south": { "uv": [ 3.75, 9, 4, 9.25 ], "texture": "#texture" },
        "west":  { "uv": [ 3.75, 9, 6.75, 9.25 ], "texture": "#texture" },
        "east":  { "uv": [ 3.75, 9, 6.75, 9.25 ], "texture": "#texture" }
    }
},
{
    "from": [ 11, 10.5, 5 ],
    "to": [ 11.5, 11, 11 ],
    "faces": {
        "down":  { "uv": [ 3.75, 11.75, 6.75, 12 ], "rotation": 90, "texture": "#texture" },
        "up":    { "uv": [ 6.75, 11.75, 3.75, 12 ], "rotation": 90, "texture": "#texture" },
        "north": { "uv": [ 6.5, 11.75, 6.75, 12 ], "texture": "#texture" },
        "south": { "uv": [ 3.75, 11.75, 4, 12 ], "texture": "#texture" },
        "west":  { "uv": [ 3.75, 11.75, 6.75, 12 ], "texture": "#texture" },
        "east":  { "uv": [ 3.75, 11.75, 6.75, 12 ], "texture": "#texture" }
    }
},
{
    "from": [ 11, 11, 5 ],
    "to": [ 11.5, 16, 5.5 ],
    "faces": {
        "down":  { "uv": [ 6.5, 11.5, 6.75, 11.75 ], "texture": "#texture" },
        "up":    { "uv": [ 6.5, 9.25, 6.75, 9.5 ], "texture": "#texture" },
        "north": { "uv": [ 6.5, 9.25, 6.75, 11.75 ], "texture": "#texture" },
        "south": { "uv": [ 6.5, 9.25, 6.75, 11.75 ], "texture": "#texture" },
        "west":  { "uv": [ 6.5, 9.25, 6.75, 11.75 ], "texture": "#texture" },
        "east":  { "uv": [ 6.5, 9.25, 6.75, 11.75 ], "texture": "#texture" }
    }
},
{
    "from": [ 11, 11, 10.5 ],
    "to": [ 11.5, 16, 11 ],
    "faces": {
        "down":  { "uv": [ 3.75, 11.5, 4, 11.75 ], "texture": "#texture" },
        "up":    { "uv": [ 3.75, 9.25, 4, 9.5 ], "texture": "#texture" },
        "north": { "uv": [ 3.75, 9.25, 4, 11.75 ], "texture": "#texture" },
        "south": { "uv": [ 3.75, 9.25, 4, 11.75 ], "texture": "#texture" },
        "west":  { "uv": [ 3.75, 9.25, 4, 11.75 ], "texture": "#texture" },
        "east":  { "uv": [ 3.75, 9.25, 4, 11.75 ], "texture": "#texture" }
    }
},
{
    "from": [ 3, 8.5, 4.5 ],
    "to": [ 5, 17.5, 6.5 ],
    "faces": {
        "down":  { "uv": [ 15, 9.25, 16, 9.5 ], "texture": "#texture" },
        "up":    { "uv": [ 13.75, 5, 14.75, 6 ], "texture": "#texture" },
        "north": { "uv": [ 15, 5, 16, 9.5 ], "texture": "#texture" },
        "south": { "uv": [ 15, 5, 16, 9.5 ], "texture": "#texture" },
        "west":  { "uv": [ 15, 5, 16, 9.5 ], "texture": "#texture" },
        "east":  { "uv": [ 15, 5, 16, 9.5 ], "texture": "#texture" }
    }
},
{
    "from": [ 3, 8.5, 9.5 ],
    "to": [ 5, 17.5, 11.5 ],
    "faces": {
        "down":  { "uv": [ 15, 9.25, 16, 9.5 ], "texture": "#texture" },
        "up":    { "uv": [ 13.75, 5, 14.75, 6 ], "texture": "#texture" },
        "north": { "uv": [ 15, 5, 16, 9.5 ], "texture": "#texture" },
        "south": { "uv": [ 15, 5, 16, 9.5 ], "texture": "#texture" },
        "west":  { "uv": [ 15, 5, 16, 9.5 ], "texture": "#texture" },
        "east":  { "uv": [ 15, 5, 16, 9.5 ], "texture": "#texture" }
    }
},
{
    "from": [ 2.5, 12, 6 ],
    "to": [ 3, 14, 10 ],
    "faces": {
        "down":  { "uv": [ 12.25, 7, 14.25, 7.25 ], "texture": "#texture" },
        "up":    { "uv": [ 12.25, 6.25, 14.25, 6.5 ], "texture": "#texture" },
        "north": { "uv": [ 12.25, 6.25, 12.5, 7.25 ], "texture": "#texture" },
        "south": { "uv": [ 14, 6.25, 14.25, 7.25 ], "texture": "#texture" },
        "west":  { "uv": [ 12.25, 6.25, 14.25, 7.25 ], "texture": "#texture" },
        "east":  { "uv": [ 12.25, 6.25, 14.25, 7.25 ], "texture": "#texture" }
    }
},
{
    "from": [ 2.5, 9, 6 ],
    "to": [ 3, 11, 10 ],
    "faces": {
        "down":  { "uv": [ 12.25, 7, 14.25, 7.25 ], "texture": "#texture" },
        "up":    { "uv": [ 12.25, 6.25, 14.25, 6.5 ], "texture": "#texture" },
        "north": { "uv": [ 12.25, 6.25, 12.5, 7.25 ], "texture": "#texture" },
        "south": { "uv": [ 14, 6.25, 14.25, 7.25 ], "texture": "#texture" },
        "west":  { "uv": [ 12.25, 6.25, 14.25, 7.25 ], "texture": "#texture" },
        "east":  { "uv": [ 12.25, 6.25, 14.25, 7.25 ], "texture": "#texture" }
    }
}
],
"display": {
    "thirdperson_righthand": {
        "rotation": [ 10, -45, -45 ],
        "translation": [ 0, 1.5, -2.75 ],
        "scale": [ 0.37, 0.37, 0.37 ]
    },
    "thirdperson_lefthand": {
        "rotation": [ 10, -45, -45 ],
        "translation": [ 0, 1.5, -2.75 ],
        "scale": [ 0.37, 0.37, 0.37 ]
    },
    "head": {
        "rotation": [ 0, 57, 0 ],
        "translation": [ 0, -18.71, 0 ],
        "scale": [ 3.2, 3.2, 3.2 ]
    },
    "ground": {
        "rotation": [ 0, 0, 0 ],
        "translation": [ 0, 3.78, 0 ],
        "scale": [ 0.5, 0.5, 0.5 ]
    },
    "fixed": {
        "rotation": [ 0, 90, 0 ],
        "translation": [ 0, -0.76, 0 ],
        "scale": [ 0.5, 0.5, 0.5 ]
    },
    "firstperson_righthand": {
        "rotation": [ 0, -171, 0 ],
        "translation": [ 4.16, 0, -3.78 ],
        "scale": [ 1, 1, 1 ]
    },
    "firstperson_lefthand": {
        "rotation": [ 0, 31, 0 ],
        "translation": [ 4.16, 0, -3.78 ],
        "scale": [ 1, 1, 1 ]
    },
    "gui": {
        "rotation": [ 45, -45, 0 ],
        "translation": [ 0, 0, 0 ],
        "scale": [ 0.5, 0.5, 0.5 ]
    }
}
}