{
"__comment": "Designed by MasterianoX",
"textures": {
    "particle": "entity/enderman/tenticul",
    "texture": "entity/enderman/tenticul"
},
"elements": [ 
{
    "from": [ 4, 0, 4 ],
    "to": [ 12, 8, 12 ],
    "faces": {
        "down":  { "uv": [ 8, 0, 12, 4 ], "texture": "#texture" },
        "up":    { "uv": [ 4, 0, 8, 4 ], "texture": "#texture" },
        "north": { "uv": [ 4, 4, 8, 8 ], "texture": "#texture" },
        "south": { "uv": [ 12, 4, 16, 8 ], "texture": "#texture" },
        "west":  { "uv": [ 8, 4, 12, 8 ], "texture": "#texture" },
        "east":  { "uv": [ 0, 4, 4, 8 ], "texture": "#texture" }
    }
},
{
    "from": [ 4.5, -3, 4.5 ],
    "to": [ 6.5, 1, 6.5 ],
    "rotation": { "origin": [ 4.5, 1, 4.5 ], "axis": "x", "angle": 22.5 },
    "faces": {
        "down":  { "uv": [ 0, 9.5, 1, 10.5 ], "texture": "#texture" },
        "up":    { "uv": [ 0, 9.5, 1, 10.5 ], "texture": "#texture" },
        "north": { "uv": [ 0, 9.5, 1, 11.5 ], "texture": "#texture" },
        "south": { "uv": [ 0, 9.5, 1, 11.5 ], "texture": "#texture" },
        "west":  { "uv": [ 1, 9.5, 2, 11.5 ], "texture": "#texture" },
        "east":  { "uv": [ 1, 9.5, 2, 11.5 ], "texture": "#texture" }
    }
},
{
    "from": [ 4, -4, 6 ],
    "to": [ 5, 1, 7 ],
    "rotation": { "origin": [ 4, 1, 6 ], "axis": "z", "angle": -22.5 },
    "faces": {
        "down":  { "uv": [ 9.5, 3.5, 10, 4 ], "texture": "#texture" },
        "up":    { "uv": [ 9.5, 1.5, 10, 2 ], "texture": "#texture" },
        "north": { "uv": [ 9.5, 1.5, 10, 4 ], "texture": "#texture" },
        "south": { "uv": [ 9.5, 1.5, 10, 4 ], "texture": "#texture" },
        "west":  { "uv": [ 9.5, 1.5, 10, 4 ], "texture": "#texture" },
        "east":  { "uv": [ 9.5, 1.5, 10, 4 ], "texture": "#texture" }
    }
},
{
    "from": [ 6, -5.5, 7.5 ],
    "to": [ 7, 1.5, 8.5 ],
    "rotation": { "origin": [ 6, 1.5, 7.5 ], "axis": "z", "angle": -22.5 },
    "faces": {
        "down":  { "uv": [ 9, 3, 9.5, 3.5 ], "texture": "#texture" },
        "up":    { "uv": [ 9, 0, 9.5, 0.5 ], "texture": "#texture" },
        "north": { "uv": [ 9, 0, 9.5, 3.5 ], "texture": "#texture" },
        "south": { "uv": [ 9, 0, 9.5, 3.5 ], "texture": "#texture" },
        "west":  { "uv": [ 9, 0, 9.5, 3.5 ], "texture": "#texture" },
        "east":  { "uv": [ 9, 0, 9.5, 3.5 ], "texture": "#texture" }
    }
},
{
    "from": [ 9, -2.5, 6.5 ],
    "to": [ 11, 1.5, 8.5 ],
    "rotation": { "origin": [ 9, 1.5, 6.5 ], "axis": "x", "angle": 45 },
    "faces": {
        "down":  { "uv": [ 0, 9.5, 1, 10.5 ], "texture": "#texture" },
        "up":    { "uv": [ 0, 9.5, 1, 10.5 ], "texture": "#texture" },
        "north": { "uv": [ 0, 9.5, 1, 11.5 ], "texture": "#texture" },
        "south": { "uv": [ 0, 9.5, 1, 11.5 ], "texture": "#texture" },
        "west":  { "uv": [ 1, 9.5, 2, 11.5 ], "texture": "#texture" },
        "east":  { "uv": [ 1, 9.5, 2, 11.5 ], "texture": "#texture" }
    }
},
{
    "from": [ 8.5, -5, 10.5 ],
    "to": [ 9.5, 2, 11.5 ],
    "rotation": { "origin": [ 8.5, 2, 10.5 ], "axis": "z", "angle": 45 },
    "faces": {
        "down":  { "uv": [ 9, 3, 9.5, 3.5 ], "texture": "#texture" },
        "up":    { "uv": [ 9, 0, 9.5, 0.5 ], "texture": "#texture" },
        "north": { "uv": [ 9, 0, 9.5, 3.5 ], "texture": "#texture" },
        "south": { "uv": [ 9, 0, 9.5, 3.5 ], "texture": "#texture" },
        "west":  { "uv": [ 9, 0, 9.5, 3.5 ], "texture": "#texture" },
        "east":  { "uv": [ 9, 0, 9.5, 3.5 ], "texture": "#texture" }
    }
},
{
    "from": [ 7, -3.5, 7.5 ],
    "to": [ 8, 0.5, 8.5 ],
    "rotation": { "origin": [ 7, 0.5, 7.5 ], "axis": "x", "angle": -22.5 },
    "faces": {
        "down":  { "uv": [ 9, 5.5, 9.5, 6 ], "texture": "#texture" },
        "up":    { "uv": [ 9, 4, 9.5, 4.5 ], "texture": "#texture" },
        "north": { "uv": [ 9, 4, 9.5, 6 ], "texture": "#texture" },
        "south": { "uv": [ 9, 4, 9.5, 6 ], "texture": "#texture" },
        "west":  { "uv": [ 9, 4, 9.5, 6 ], "texture": "#texture" },
        "east":  { "uv": [ 9, 4, 9.5, 6 ], "texture": "#texture" }
    }
},
{
    "from": [ 9, -5, 7.5 ],
    "to": [ 10, 0, 8.5 ],
    "faces": {
        "down":  { "uv": [ 14, 4, 14.5, 4.5 ], "texture": "#texture" },
        "up":    { "uv": [ 14, 4, 14.5, 4.5 ], "texture": "#texture" },
        "north": { "uv": [ 14, 4, 14.5, 6.5 ], "texture": "#texture" },
        "south": { "uv": [ 14, 4, 14.5, 6.5 ], "texture": "#texture" },
        "west":  { "uv": [ 14, 4, 14.5, 6.5 ], "texture": "#texture" },
        "east":  { "uv": [ 14, 4, 14.5, 6.5 ], "texture": "#texture" }
    }
},
{
    "from": [ 5, -4, 11 ],
    "to": [ 6, 0, 12 ],
    "rotation": { "origin": [ 5, 0, 11 ], "axis": "x", "angle": -22.5 },
    "faces": {
        "down":  { "uv": [ 2.5, 4, 3, 4.5 ], "texture": "#texture" },
        "up":    { "uv": [ 2.5, 4, 3, 4.5 ], "texture": "#texture" },
        "north": { "uv": [ 2.5, 4, 3, 6 ], "texture": "#texture" },
        "south": { "uv": [ 2.5, 4, 3, 6 ], "texture": "#texture" },
        "west":  { "uv": [ 2.5, 4, 3, 6 ], "texture": "#texture" },
        "east":  { "uv": [ 2.5, 4, 3, 6 ], "texture": "#texture" }
    }
},
{
    "from": [ 8, -4.5, 8 ],
    "to": [ 9, 0, 9 ],
    "rotation": { "origin": [ 8, 0, 8 ], "axis": "x", "angle": 22.5 },
    "faces": {
        "down":  { "uv": [ 8.5, 4, 9, 4.5 ], "texture": "#texture" },
        "up":    { "uv": [ 8.5, 4, 9, 4.5 ], "texture": "#texture" },
        "north": { "uv": [ 8.5, 4, 9, 6 ], "texture": "#texture" },
        "south": { "uv": [ 8.5, 4, 9, 6 ], "texture": "#texture" },
        "west":  { "uv": [ 8.5, 4, 9, 6 ], "texture": "#texture" },
        "east":  { "uv": [ 8.5, 4, 9, 6 ], "texture": "#texture" }
    }
},
{
    "from": [ 4.5, -5.4375, 10.5 ],
    "to": [ 5.5, 1.5625, 11.5 ],
    "rotation": { "origin": [ 4.5, 1.5625, 10.5 ], "axis": "z", "angle": -22.5 },
    "faces": {
        "down":  { "uv": [ 9.5, 3, 10, 3.5 ], "texture": "#texture" },
        "up":    { "uv": [ 9.5, 0, 10, 0.5 ], "texture": "#texture" },
        "north": { "uv": [ 9.5, 0, 10, 3.5 ], "texture": "#texture" },
        "south": { "uv": [ 9.5, 0, 10, 3.5 ], "texture": "#texture" },
        "west":  { "uv": [ 9.5, 0, 10, 3.5 ], "texture": "#texture" },
        "east":  { "uv": [ 9.5, 0, 10, 3.5 ], "texture": "#texture" }
    }
},
{
    "from": [ 9.5, -5.4375, 8.5 ],
    "to": [ 10.5, 1.5625, 9.5 ],
    "rotation": { "origin": [ 9.5, 1.5625, 8.5 ], "axis": "z", "angle": 22.5 },
    "faces": {
        "down":  { "uv": [ 9, 3, 9.5, 3.5 ], "texture": "#texture" },
        "up":    { "uv": [ 9, 0, 9.5, 0.5 ], "texture": "#texture" },
        "north": { "uv": [ 9, 0, 9.5, 3.5 ], "texture": "#texture" },
        "south": { "uv": [ 9, 0, 9.5, 3.5 ], "texture": "#texture" },
        "west":  { "uv": [ 9, 0, 9.5, 3.5 ], "texture": "#texture" },
        "east":  { "uv": [ 9, 0, 9.5, 3.5 ], "texture": "#texture" }
    }
},
{
    "from": [ 8, -5, 10 ],
    "to": [ 9, 0, 11 ],
    "rotation": { "origin": [ 8, 0, 10 ], "axis": "x", "angle": -22.5 },
    "faces": {
        "down":  { "uv": [ 1, 6, 1.5, 6.5 ], "texture": "#texture" },
        "up":    { "uv": [ 1, 4, 1.5, 4.5 ], "texture": "#texture" },
        "north": { "uv": [ 1, 4, 1.5, 6.5 ], "texture": "#texture" },
        "south": { "uv": [ 1, 4, 1.5, 6.5 ], "texture": "#texture" },
        "west":  { "uv": [ 1, 4, 1.5, 6.5 ], "texture": "#texture" },
        "east":  { "uv": [ 1, 4, 1.5, 6.5 ], "texture": "#texture" }
    }
}
],
"display": {
    "thirdperson_righthand": {
        "rotation": [ 10, -45, -37 ],
        "translation": [ 0, 2.65, -0.19 ],
        "scale": [ 0.37, 0.37, 0.37 ]
    },
    "thirdperson_lefthand": {
        "rotation": [ 10, -45, -37 ],
        "translation": [ 0, 2.65, -0.19 ],
        "scale": [ 0.37, 0.37, 0.37 ]
    },
    "head": {
        "rotation": [ 0, 0, 0 ],
        "translation": [ 0, 9.07, 0 ],
        "scale": [ 2, 2, 2 ]
    },
    "ground": {
        "rotation": [ 0, 0, 0 ],
        "translation": [ 0, 6.61, 0 ],
        "scale": [ 0.5, 0.5, 0.5 ]
    },
    "fixed": {
        "rotation": [ 0, 0, 0 ],
        "translation": [ 0, 4.91, 0 ],
        "scale": [ 1, 1, 1 ]
    },
    "firstperson_righthand": {
        "rotation": [ 0, 118, 0 ],
        "translation": [ 0, 5.86, 0.94 ],
        "scale": [ 0.5, 0.5, 0.5 ]
    },
    "firstperson_lefthand": {
        "rotation": [ 0, 118, 0 ],
        "translation": [ 0, 5.86, 0.94 ],
        "scale": [ 0.5, 0.5, 0.5 ]
    },
    "gui": {
        "rotation": [ 45, -135, 0 ],
        "translation": [ 0, 2.46, 0 ],
        "scale": [ 0.75, 0.75, 0.75 ]
    }
}
}