{
"__comment": "Designed by MasterianoX",
"textures": {
    "particle": "entity/hag/hag",
    "texture": "entity/hag/hag",
    "hag_animated": "entity/hag/hag_animated",
    "hag_arms_animated": "entity/hag/hag_arms_animated"
},
"elements": [ 
{
    "from": [ 1.5, 2, 0 ],
    "to": [ 14.5, 16, 13 ],
    "faces": {
        "down":  { "uv": [ 6.5, 3.75, 9.75, 7 ], "texture": "#texture" },
        "up":    { "uv": [ 3.25, 3.75, 6.5, 7 ], "texture": "#texture" },
        "north": { "uv": [ 9.75, 7, 13, 10.5 ], "texture": "#texture" },
        "south": { "uv": [ 3.25, 7, 6.5, 10.5 ], "texture": "#texture" },
        "west":  { "uv": [ 0, 7, 3.25, 10.5 ], "texture": "#texture" },
        "east":  { "uv": [ 6.5, 7, 9.75, 10.5 ], "texture": "#texture" }
    }
},
{
    "from": [ 3.5, 5, 13 ],
    "to": [ 12.5, 14, 19 ],
    "faces": {
        "down":  { "uv": [ 3.75, 0, 6, 1.5 ], "texture": "#texture" },
        "up":    { "uv": [ 1.5, 0, 3.75, 1.5 ], "texture": "#texture" },
        "north": { "uv": [ 5.25, 1.5, 7.5, 3.75 ], "texture": "#texture" },
        "south": { "uv": [ 1.5, 1.5, 3.75, 3.75 ], "texture": "#texture" },
        "west":  { "uv": [ 0, 1.5, 1.5, 3.75 ], "texture": "#texture" },
        "east":  { "uv": [ 3.75, 1.5, 5.25, 3.75 ], "texture": "#texture" }
    }
},
{
    "from": [ 6.5, 8, 19 ],
    "to": [ 9.5, 12, 21 ],
    "faces": {
        "down":  { "uv": [ 8.75, 1, 9.5, 1.5 ], "texture": "#texture" },
        "up":    { "uv": [ 8, 1, 8.75, 1.5 ], "texture": "#texture" },
        "north": { "uv": [ 8, 1.5, 8.75, 2.5 ], "texture": "#texture" },
        "south": { "uv": [ 9.25, 1.5, 10, 2.5 ], "texture": "#texture" },
        "west":  { "uv": [ 7.5, 1.5, 8, 2.5 ], "texture": "#texture" },
        "east":  { "uv": [ 8.75, 1.5, 9.25, 2.5 ], "texture": "#texture" }
    }
},
{
    "from": [ -2.5, -1, 4.5 ],
    "to": [ 1.5, 14, 8.5 ],
    "faces": {
        "down":  { "uv": [ 2, 11.25, 3, 12.25 ], "texture": "#hag_arms_animated" },
        "up":    { "uv": [ 1, 11.25, 2, 12.25 ], "texture": "#hag_arms_animated" },
        "north": { "uv": [ 0, 12.25, 1, 16 ], "texture": "#hag_arms_animated" },
        "south": { "uv": [ 2, 12.25, 3, 16 ], "texture": "#hag_arms_animated" },
        "west":  { "uv": [ 1, 12.25, 2, 16 ], "texture": "#hag_arms_animated" },
        "east":  { "uv": [ 3, 12.25, 4, 16 ], "texture": "#hag_arms_animated" }
    }
},
{
    "from": [ 14.5, -1, 4.5 ],
    "to": [ 18.5, 14, 8.5 ],
    "faces": {
        "down":  { "uv": [ 2, 11.25, 3, 12.25 ], "texture": "#hag_arms_animated" },
        "up":    { "uv": [ 1, 11.25, 2, 12.25 ], "texture": "#hag_arms_animated" },
        "north": { "uv": [ 0, 12.25, 1, 16 ], "texture": "#hag_arms_animated" },
        "south": { "uv": [ 2, 12.25, 3, 16 ], "texture": "#hag_arms_animated" },
        "west":  { "uv": [ 1, 12.25, 2, 16 ], "texture": "#hag_arms_animated" },
        "east":  { "uv": [ 3, 12.25, 4, 16 ], "texture": "#hag_arms_animated" }
    }
},
{
    "from": [ 2.5, -4, 4 ],
    "to": [ 7.5, 2, 9 ],
    "faces": {
        "down":  { "uv": [ 2.5, 0, 3.75, 1.25 ], "texture": "#hag_animated" },
        "up":    { "uv": [ 1.25, 0, 2.5, 1.25 ], "texture": "#hag_animated" },
        "north": { "uv": [ 3.75, 1.25, 5, 2.75 ], "texture": "#hag_animated" },
        "south": { "uv": [ 1.25, 1.25, 2.5, 2.75 ], "texture": "#hag_animated" },
        "west":  { "uv": [ 0, 1.25, 1.25, 2.75 ], "texture": "#hag_animated" },
        "east":  { "uv": [ 2.5, 1.25, 3.75, 2.75 ], "texture": "#hag_animated" }
    }
},
{
    "from": [ 8.5, -4, 4 ],
    "to": [ 13.5, 2, 9 ],
    "faces": {
        "down":  { "uv": [ 2.5, 0, 3.75, 1.25 ], "texture": "#hag_animated" },
        "up":    { "uv": [ 1.25, 0, 2.5, 1.25 ], "texture": "#hag_animated" },
        "north": { "uv": [ 3.75, 1.25, 5, 2.75 ], "texture": "#hag_animated" },
        "south": { "uv": [ 1.25, 1.25, 2.5, 2.75 ], "texture": "#hag_animated" },
        "west":  { "uv": [ 0, 1.25, 1.25, 2.75 ], "texture": "#hag_animated" },
        "east":  { "uv": [ 2.5, 1.25, 3.75, 2.75 ], "texture": "#hag_animated" }
    }
},
{
    "from": [ 1.5, 0, 0 ],
    "to": [ 1.5625, 2, 13 ],
    "faces": {
        "west":  { "uv": [ 0, 10.5, 3.25, 11 ], "texture": "#texture" },
        "east":  { "uv": [ 3.25, 10.5, 0, 11 ], "texture": "#texture" }
    }
},
{
    "from": [ 14.5, 0, 0 ],
    "to": [ 14.5625, 2, 13 ],
    "faces": {
        "west":  { "uv": [ 6.5, 10.5, 9.75, 11 ], "texture": "#texture" },
        "east":  { "uv": [ 9.75, 10.5, 6.5, 11 ], "texture": "#texture" }
    }
},
{
    "from": [ 1.5, 0, 0 ],
    "to": [ 14.5, 2, 0.0625 ],
    "faces": {
        "north": { "uv": [ 9.75, 10.5, 13, 11 ], "texture": "#texture" },
        "south": { "uv": [ 13, 10.5, 9.75, 11 ], "texture": "#texture" }
    }
},
{
    "from": [ 1.5, 0, 13 ],
    "to": [ 14.5, 2, 13.0625 ],
    "faces": {
        "north": { "uv": [ 3.25, 10.5, 6.5, 11 ], "texture": "#texture" },
        "south": { "uv": [ 6.5, 10.5, 3.25, 11 ], "texture": "#texture" }
    }
},
{
    "from": [ 8.75, 10, 20.25 ],
    "to": [ 9.75, 11, 21.25 ],
    "faces": {
        "down":  { "uv": [ 6, 0, 6.25, 0.25 ], "texture": "#texture" },
        "up":    { "uv": [ 6, 0, 6.25, 0.25 ], "texture": "#texture" },
        "north": { "uv": [ 6, 0, 6.25, 0.25 ], "texture": "#texture" },
        "south": { "uv": [ 6, 0, 6.25, 0.25 ], "texture": "#texture" },
        "west":  { "uv": [ 6, 0, 6.25, 0.25 ], "texture": "#texture" },
        "east":  { "uv": [ 6, 0, 6.25, 0.25 ], "texture": "#texture" }
    }
},
{
    "from": [ 5.5, 6, 19 ],
    "to": [ 6.5, 7.25, 19.5 ],
    "rotation": { "origin": [ 5.5, 7.25, 19 ], "axis": "x", "angle": 22.5 },
    "faces": {
        "down":  { "uv": [ 2, 3.25, 2.25, 3.5 ], "texture": "#texture" },
        "up":    { "uv": [ 2, 3.25, 2.25, 3.5 ], "texture": "#texture" },
        "north": { "uv": [ 2, 3.25, 2.25, 3.5 ], "texture": "#texture" },
        "south": { "uv": [ 2, 3.25, 2.25, 3.5 ], "texture": "#texture" },
        "west":  { "uv": [ 2, 3.25, 2.25, 3.5 ], "texture": "#texture" },
        "east":  { "uv": [ 2, 3.25, 2.25, 3.5 ], "texture": "#texture" }
    }
},
{
    "from": [ 9.5, 6, 19 ],
    "to": [ 10.5, 7.25, 19.5 ],
    "rotation": { "origin": [ 9.5, 7.25, 19 ], "axis": "x", "angle": 22.5 },
    "faces": {
        "down":  { "uv": [ 2, 3.25, 2.25, 3.5 ], "texture": "#texture" },
        "up":    { "uv": [ 2, 3.25, 2.25, 3.5 ], "texture": "#texture" },
        "north": { "uv": [ 2, 3.25, 2.25, 3.5 ], "texture": "#texture" },
        "south": { "uv": [ 2, 3.25, 2.25, 3.5 ], "texture": "#texture" },
        "west":  { "uv": [ 2, 3.25, 2.25, 3.5 ], "texture": "#texture" },
        "east":  { "uv": [ 2, 3.25, 2.25, 3.5 ], "texture": "#texture" }
    }
},
{
    "from": [ 3.25, 3, 13 ],
    "to": [ 3.3125, 14.25, 18 ],
    "faces": {
        "west":  { "uv": [ 11.75, 0, 10.5, 2.75 ], "texture": "#texture" },
        "east":  { "uv": [ 11.75, 3.25, 10.5, 6 ], "texture": "#texture" }
    }
},
{
    "from": [ 3.25, 14.1875, 13 ],
    "to": [ 12.75, 14.25, 18 ],
    "faces": {
        "down":  { "uv": [ 12, 1.5, 14.25, 2.75 ], "texture": "#texture" },
        "up":    { "uv": [ 12, 0, 14.25, 1.25 ], "texture": "#texture" }
    }
},
{
    "from": [ 12.75, 3, 13 ],
    "to": [ 12.8125, 14.25, 18 ],
    "faces": {
        "west":  { "uv": [ 11.75, 3.25, 10.5, 6 ], "texture": "#texture" },
        "east":  { "uv": [ 10.5, 0, 11.75, 2.75 ], "texture": "#texture" }
    }
},
{
    "from": [ 2.5, -2.5625, 4.4375 ],
    "to": [ 7.5, 3.4375, 9.4375 ],
    "rotation": { "origin": [ 2.5, 3.4375, 4.4375 ], "axis": "x", "angle": 22.5 },
    "faces": {
        "down":  { "uv": [ 2.5, 2.75, 3.75, 4 ], "texture": "#hag_animated" },
        "up":    { "uv": [ 1.25, 2.75, 2.5, 4 ], "texture": "#hag_animated" },
        "north": { "uv": [ 3.75, 4, 5, 5.5 ], "texture": "#hag_animated" },
        "south": { "uv": [ 1.25, 4, 2.5, 5.5 ], "texture": "#hag_animated" },
        "west":  { "uv": [ 0, 4, 1.25, 5.5 ], "texture": "#hag_animated" },
        "east":  { "uv": [ 2.5, 4, 3.75, 5.5 ], "texture": "#hag_animated" }
    }
},
{
    "from": [ 8.5, -4.6875, 3.9375 ],
    "to": [ 13.5, 1.3125, 8.9375 ],
    "rotation": { "origin": [ 8.5, 1.3125, 3.9375 ], "axis": "x", "angle": -22.5 },
    "faces": {
        "down":  { "uv": [ 2.5, 2.75, 3.75, 4 ], "texture": "#hag_animated" },
        "up":    { "uv": [ 1.25, 2.75, 2.5, 4 ], "texture": "#hag_animated" },
        "north": { "uv": [ 3.75, 4, 5, 5.5 ], "texture": "#hag_animated" },
        "south": { "uv": [ 1.25, 4, 2.5, 5.5 ], "texture": "#hag_animated" },
        "west":  { "uv": [ 0, 4, 1.25, 5.5 ], "texture": "#hag_animated" },
        "east":  { "uv": [ 2.5, 4, 3.75, 5.5 ], "texture": "#hag_animated" }
    }
},
{
    "from": [ 2.5, -2.25, 4.75 ],
    "to": [ 7.5, 3.75, 9.75 ],
    "rotation": { "origin": [ 2.5, 3.75, 4.75 ], "axis": "x", "angle": 45 },
    "faces": {
        "down":  { "uv": [ 2.5, 5.5, 3.75, 6.75 ], "texture": "#hag_animated" },
        "up":    { "uv": [ 1.25, 5.5, 2.5, 6.75 ], "texture": "#hag_animated" },
        "north": { "uv": [ 3.75, 6.75, 5, 8.25 ], "texture": "#hag_animated" },
        "south": { "uv": [ 1.25, 6.75, 2.5, 8.25 ], "texture": "#hag_animated" },
        "west":  { "uv": [ 0, 6.75, 1.25, 8.25 ], "texture": "#hag_animated" },
        "east":  { "uv": [ 2.5, 6.75, 3.75, 8.25 ], "texture": "#hag_animated" }
    }
},
{
    "from": [ 8.5, -5.75, 4.75 ],
    "to": [ 13.5, 0.25, 9.75 ],
    "rotation": { "origin": [ 8.5, 0.25, 4.75 ], "axis": "x", "angle": -45 },
    "faces": {
        "down":  { "uv": [ 2.5, 5.5, 3.75, 6.75 ], "texture": "#hag_animated" },
        "up":    { "uv": [ 1.25, 5.5, 2.5, 6.75 ], "texture": "#hag_animated" },
        "north": { "uv": [ 3.75, 6.75, 5, 8.25 ], "texture": "#hag_animated" },
        "south": { "uv": [ 1.25, 6.75, 2.5, 8.25 ], "texture": "#hag_animated" },
        "west":  { "uv": [ 0, 6.75, 1.25, 8.25 ], "texture": "#hag_animated" },
        "east":  { "uv": [ 2.5, 6.75, 3.75, 8.25 ], "texture": "#hag_animated" }
    }
},
{
    "from": [ 2.5, -4.66342, 3.9375 ],
    "to": [ 7.5, 1.33658, 8.9375 ],
    "rotation": { "origin": [ 2.5, 1.33658, 3.9375 ], "axis": "x", "angle": -22.5 },
    "faces": {
        "down":  { "uv": [ 2.5, 8.25, 3.75, 9.5 ], "texture": "#hag_animated" },
        "up":    { "uv": [ 1.25, 8.25, 2.5, 9.5 ], "texture": "#hag_animated" },
        "north": { "uv": [ 3.75, 9.5, 5, 11 ], "texture": "#hag_animated" },
        "south": { "uv": [ 1.25, 9.5, 2.5, 11 ], "texture": "#hag_animated" },
        "west":  { "uv": [ 0, 9.5, 1.25, 11 ], "texture": "#hag_animated" },
        "east":  { "uv": [ 2.5, 9.5, 3.75, 11 ], "texture": "#hag_animated" }
    }
},
{
    "from": [ 2.5, -5.72303, 4.75 ],
    "to": [ 7.5, 0.276969, 9.75 ],
    "rotation": { "origin": [ 2.5, 0.276969, 4.75 ], "axis": "x", "angle": -45 },
    "faces": {
        "down":  { "uv": [ 2.5, 11, 3.75, 12.25 ], "texture": "#hag_animated" },
        "up":    { "uv": [ 1.25, 11, 2.5, 12.25 ], "texture": "#hag_animated" },
        "north": { "uv": [ 3.75, 12.25, 5, 13.75 ], "texture": "#hag_animated" },
        "south": { "uv": [ 1.25, 12.25, 2.5, 13.75 ], "texture": "#hag_animated" },
        "west":  { "uv": [ 0, 12.25, 1.25, 13.75 ], "texture": "#hag_animated" },
        "east":  { "uv": [ 2.5, 12.25, 3.75, 13.75 ], "texture": "#hag_animated" }
    }
},
{
    "from": [ 8.5, -2.5625, 4.4375 ],
    "to": [ 13.5, 3.4375, 9.4375 ],
    "rotation": { "origin": [ 8.5, 3.4375, 4.4375 ], "axis": "x", "angle": 22.5 },
    "faces": {
        "down":  { "uv": [ 2.5, 8.25, 3.75, 9.5 ], "texture": "#hag_animated" },
        "up":    { "uv": [ 1.25, 8.25, 2.5, 9.5 ], "texture": "#hag_animated" },
        "north": { "uv": [ 3.75, 9.5, 5, 11 ], "texture": "#hag_animated" },
        "south": { "uv": [ 1.25, 9.5, 2.5, 11 ], "texture": "#hag_animated" },
        "west":  { "uv": [ 0, 9.5, 1.25, 11 ], "texture": "#hag_animated" },
        "east":  { "uv": [ 2.5, 9.5, 3.75, 11 ], "texture": "#hag_animated" }
    }
},
{
    "from": [ 8.5, -2.25, 4.75 ],
    "to": [ 13.5, 3.75, 9.75 ],
    "rotation": { "origin": [ 8.5, 3.75, 4.75 ], "axis": "x", "angle": 45 },
    "faces": {
        "down":  { "uv": [ 2.5, 11, 3.75, 12.25 ], "texture": "#hag_animated" },
        "up":    { "uv": [ 1.25, 11, 2.5, 12.25 ], "texture": "#hag_animated" },
        "north": { "uv": [ 3.75, 12.25, 5, 13.75 ], "texture": "#hag_animated" },
        "south": { "uv": [ 1.25, 12.25, 2.5, 13.75 ], "texture": "#hag_animated" },
        "west":  { "uv": [ 0, 12.25, 1.25, 13.75 ], "texture": "#hag_animated" },
        "east":  { "uv": [ 2.5, 12.25, 3.75, 13.75 ], "texture": "#hag_animated" }
    }
},
{
    "from": [ -2.5, -2, 4.125 ],
    "to": [ 1.5, 13, 8.125 ],
    "rotation": { "origin": [ -2.5, 13, 4.125 ], "axis": "x", "angle": -22.5 },
    "faces": {
        "down":  { "uv": [ 6.25, 11.25, 7.25, 12.25 ], "texture": "#hag_arms_animated" },
        "up":    { "uv": [ 5.25, 11.25, 6.25, 12.25 ], "texture": "#hag_arms_animated" },
        "north": { "uv": [ 4.25, 12.25, 5.25, 16 ], "texture": "#hag_arms_animated" },
        "south": { "uv": [ 6.25, 12.25, 7.25, 16 ], "texture": "#hag_arms_animated" },
        "west":  { "uv": [ 5.25, 12.25, 6.25, 16 ], "texture": "#hag_arms_animated" },
        "east":  { "uv": [ 7.25, 12.25, 8.25, 16 ], "texture": "#hag_arms_animated" }
    }
},
{
    "from": [ 14.5, -0.5, 5.125 ],
    "to": [ 18.5, 14.5, 9.125 ],
    "rotation": { "origin": [ 14.5, 14.5, 5.125 ], "axis": "x", "angle": 22.5 },
    "faces": {
        "down":  { "uv": [ 6.25, 11.25, 7.25, 12.25 ], "texture": "#hag_arms_animated" },
        "up":    { "uv": [ 5.25, 11.25, 6.25, 12.25 ], "texture": "#hag_arms_animated" },
        "north": { "uv": [ 4.25, 12.25, 5.25, 16 ], "texture": "#hag_arms_animated" },
        "south": { "uv": [ 6.25, 12.25, 7.25, 16 ], "texture": "#hag_arms_animated" },
        "west":  { "uv": [ 5.25, 12.25, 6.25, 16 ], "texture": "#hag_arms_animated" },
        "east":  { "uv": [ 7.25, 12.25, 8.25, 16 ], "texture": "#hag_arms_animated" }
    }
},
{
    "from": [ 14.5, -1.96825, 4.125 ],
    "to": [ 18.5, 13.0318, 8.125 ],
    "rotation": { "origin": [ 14.5, 13.0318, 4.125 ], "axis": "x", "angle": -22.5 },
    "faces": {
        "down":  { "uv": [ 10.5, 11.25, 11.5, 12.25 ], "texture": "#hag_arms_animated" },
        "up":    { "uv": [ 9.5, 11.25, 10.5, 12.25 ], "texture": "#hag_arms_animated" },
        "north": { "uv": [ 8.5, 12.25, 9.5, 16 ], "texture": "#hag_arms_animated" },
        "south": { "uv": [ 10.5, 12.25, 11.5, 16 ], "texture": "#hag_arms_animated" },
        "west":  { "uv": [ 9.5, 12.25, 10.5, 16 ], "texture": "#hag_arms_animated" },
        "east":  { "uv": [ 11.5, 12.25, 12.5, 16 ], "texture": "#hag_arms_animated" }
    }
},
{
    "from": [ -2.5, -0.5, 5.125 ],
    "to": [ 1.5, 14.5, 9.125 ],
    "rotation": { "origin": [ -2.5, 14.5, 5.125 ], "axis": "x", "angle": 22.5 },
    "faces": {
        "down":  { "uv": [ 10.5, 11.25, 11.5, 12.25 ], "texture": "#hag_arms_animated" },
        "up":    { "uv": [ 9.5, 11.25, 10.5, 12.25 ], "texture": "#hag_arms_animated" },
        "north": { "uv": [ 8.5, 12.25, 9.5, 16 ], "texture": "#hag_arms_animated" },
        "south": { "uv": [ 10.5, 12.25, 11.5, 16 ], "texture": "#hag_arms_animated" },
        "west":  { "uv": [ 9.5, 12.25, 10.5, 16 ], "texture": "#hag_arms_animated" },
        "east":  { "uv": [ 11.5, 12.25, 12.5, 16 ], "texture": "#hag_arms_animated" }
    }
}
],
"display": {
    "thirdperson_righthand": {
        "rotation": [ 10, -45, -44 ],
        "translation": [ 0, 1.5, -2.75 ],
        "scale": [ 0.37, 0.37, 0.37 ]
    },
    "thirdperson_lefthand": {
        "rotation": [ 10, -45, -44 ],
        "translation": [ 0, 1.5, -2.75 ],
        "scale": [ 0.37, 0.37, 0.37 ]
    },
    "head": {
        "rotation": [ 0, 180, 0 ],
        "translation": [ 0, -8.77, 6.05 ],
        "scale": [ 3, 3, 3 ]
    },
    "ground": {
        "rotation": [ 0, 0, 0 ],
        "translation": [ 0, 5.1, 0 ],
        "scale": [ 0.35, 0.35, 0.35 ]
    },
    "fixed": {
        "rotation": [ 0, 180, 0 ],
        "translation": [ 0, 0, 0 ],
        "scale": [ 0.75, 0.75, 0.75 ]
    },
    "firstperson_righthand": {
        "rotation": [ 0, -50, 0 ],
        "translation": [ 0, 3.78, 0 ],
        "scale": [ 0.35, 0.35, 0.35 ]
    },
    "firstperson_lefthand": {
        "rotation": [ 0, -50, 0 ],
        "translation": [ 0, 3.78, 0 ],
        "scale": [ 0.35, 0.35, 0.35 ]
    },
    "gui": {
        "rotation": [ 45, 45, 0 ],
        "translation": [ 0, 0, 0 ],
        "scale": [ 0.5, 0.5, 0.5 ]
    }
}
}