{
"__comment": "Designed by MasterianoX",
"textures": {
    "particle": "entity/skeleton/snork",
    "texture": "entity/skeleton/snork",
    "snork2": "entity/skeleton/snork2",
    "snork3": "entity/skeleton/snork3"
},
"elements": [ 
{
    "from": [ 5, -0.5, 4 ],
    "to": [ 11, 4.5, 12 ],
    "rotation": { "origin": [ 5, 4.5, 4 ], "axis": "x", "angle": -22.5 },
    "faces": {
        "down":  { "uv": [ 3, 7.75, 6, 12.25 ], "texture": "#texture" },
        "up":    { "uv": [ 0, 7.75, 3, 12.25 ], "texture": "#texture" },
        "north": { "uv": [ 7, 12.25, 10, 14.75 ], "texture": "#texture" },
        "south": { "uv": [ 3, 12.25, 6, 14.75 ], "texture": "#texture" },
        "west":  { "uv": [ 11.75, 12.25, 7.25, 14.75 ], "texture": "#texture" },
        "east":  { "uv": [ 9.5, 12.25, 14, 14.75 ], "texture": "#texture" }
    }
},
{
    "from": [ 5.5, 2.5, 5.5 ],
    "to": [ 10.5, 9.5, 10 ],
    "rotation": { "origin": [ 5.5, 9.5, 5.5 ], "axis": "x", "angle": -22.5 },
    "faces": {
        "down":  { "uv": [ 0.5, 8.25, 2.75, 10.75 ], "rotation": 90, "texture": "#texture" },
        "up":    { "uv": [ 0.5, 8.25, 2.75, 10.75 ], "rotation": 90, "texture": "#texture" },
        "north": { "uv": [ 0, 8.5, 2.5, 12 ], "texture": "#texture" },
        "south": { "uv": [ 8.5, 8.5, 11, 12 ], "texture": "#texture" },
        "west":  { "uv": [ 6.25, 8.5, 8.5, 12 ], "texture": "#texture" },
        "east":  { "uv": [ 6.25, 8.5, 8.5, 12 ], "texture": "#texture" }
    }
},
{
    "from": [ 5, 9.5, 5.5 ],
    "to": [ 11, 15.5, 10.5 ],
    "faces": {
        "down":  { "uv": [ 0.25, 9, 2.75, 12 ], "texture": "#texture" },
        "up":    { "uv": [ 0.25, 9, 2.75, 12 ], "texture": "#texture" },
        "north": { "uv": [ 0, 9.75, 3, 12.75 ], "texture": "#texture" },
        "south": { "uv": [ 8.25, 8.75, 11.25, 11.75 ], "texture": "#texture" },
        "west":  { "uv": [ 6.25, 8.5, 8.75, 11.5 ], "texture": "#texture" },
        "east":  { "uv": [ 0.5, 7.75, 3, 10.75 ], "texture": "#texture" }
    }
},
{
    "from": [ 4.5, 13.5, 7.5 ],
    "to": [ 11.5, 22.5, 14.5 ],
    "rotation": { "origin": [ 4.5, 22.5, 7.5 ], "axis": "x", "angle": 22.5 },
    "faces": {
        "down":  { "uv": [ 0.25, 4.75, 3.75, 8.25 ], "texture": "#snork2" },
        "up":    { "uv": [ 0.25, 4.75, 3.75, 8.25 ], "texture": "#snork2" },
        "north": { "uv": [ 11.5, 7.5, 15, 12 ], "texture": "#texture" },
        "south": { "uv": [ 0.25, 0.25, 3.75, 4.75 ], "texture": "#snork2" },
        "west":  { "uv": [ 11.5, 7.5, 15, 12 ], "texture": "#texture" },
        "east":  { "uv": [ 15, 7.5, 11.5, 12 ], "texture": "#texture" }
    }
},
{
    "from": [ 5.5, 0, 2 ],
    "to": [ 10.5, 4, 6 ],
    "faces": {
        "down":  { "uv": [ 0, 4.75, 2, 7.25 ], "texture": "#texture" },
        "up":    { "uv": [ 2.25, 4.75, 4.25, 7.25 ], "texture": "#texture" },
        "north": { "uv": [ 11.5, 0.5, 14, 2.5 ], "texture": "#texture" },
        "south": { "uv": [ 7.5, 0.5, 10, 2.5 ], "texture": "#texture" },
        "west":  { "uv": [ 9.5, 0.5, 11.5, 2.5 ], "texture": "#texture" },
        "east":  { "uv": [ 13.5, 0.5, 15.5, 2.5 ], "texture": "#texture" }
    }
},
{
    "from": [ 6, 1.5, 0 ],
    "to": [ 10, 4.5, 3.5 ],
    "rotation": { "origin": [ 6, 4.5, 0 ], "axis": "x", "angle": 22.5 },
    "faces": {
        "down":  { "uv": [ 9, 2.75, 10.75, 4.75 ], "texture": "#texture" },
        "up":    { "uv": [ 7.25, 2.75, 9, 4.75 ], "rotation": 90, "texture": "#texture" },
        "north": { "uv": [ 5.25, 4.75, 7.25, 6.25 ], "texture": "#texture" },
        "south": { "uv": [ 9, 4.75, 11, 6.25 ], "texture": "#texture" },
        "west":  { "uv": [ 7.25, 4.75, 9, 6.25 ], "texture": "#texture" },
        "east":  { "uv": [ 11, 4.75, 12.75, 6.25 ], "texture": "#texture" }
    }
},
{
    "from": [ 6.5, 1.5, -3 ],
    "to": [ 9.5, 6.5, -1 ],
    "rotation": { "origin": [ 6.5, 6.5, -3 ], "axis": "x", "angle": -22.5 },
    "faces": {
        "down":  { "uv": [ 2.5, 3.25, 3.5, 4.75 ], "rotation": 90, "texture": "#texture" },
        "up":    { "uv": [ 1.5, 3.25, 2.5, 4.75 ], "rotation": 90, "texture": "#texture" },
        "north": { "uv": [ 0, 4.75, 1.5, 7.25 ], "texture": "#texture" },
        "south": { "uv": [ 2.5, 4.75, 4, 7.25 ], "texture": "#texture" },
        "west":  { "uv": [ 1.5, 4.75, 2.5, 7.25 ], "texture": "#texture" },
        "east":  { "uv": [ 4, 4.75, 5, 7.25 ], "texture": "#texture" }
    }
},
{
    "from": [ 7, 6.5, -3 ],
    "to": [ 9, 12.5, -1.5 ],
    "faces": {
        "down":  { "uv": [ 5.5, 2.25, 6.75, 3 ], "texture": "#texture" },
        "up":    { "uv": [ 3.5, 0, 4.75, 0.75 ], "texture": "#texture" },
        "north": { "uv": [ 6, 0, 6.75, 3 ], "texture": "#texture" },
        "south": { "uv": [ 3.75, 0, 4.5, 3 ], "texture": "#texture" },
        "west":  { "uv": [ 3, 0, 3.75, 3 ], "texture": "#texture" },
        "east":  { "uv": [ 4.5, 0, 5.25, 3 ], "texture": "#texture" }
    }
},
{
    "from": [ 7.5, 11.5, -4 ],
    "to": [ 8.5, 15.5, -3 ],
    "rotation": { "origin": [ 7.5, 15.5, -4 ], "axis": "x", "angle": -22.5 },
    "faces": {
        "down":  { "uv": [ 2.25, 1.5, 2.75, 2 ], "texture": "#texture" },
        "up":    { "uv": [ 2.25, 0, 2.75, 0.5 ], "texture": "#texture" },
        "north": { "uv": [ 2.25, 0, 2.75, 2 ], "texture": "#texture" },
        "south": { "uv": [ 2.25, 0, 2.75, 2 ], "texture": "#texture" },
        "west":  { "uv": [ 2.75, 0, 2.25, 2 ], "texture": "#texture" },
        "east":  { "uv": [ 2.75, 0, 2.25, 2 ], "texture": "#texture" }
    }
},
{
    "from": [ 7.5, 16.5, -6.75 ],
    "to": [ 8.5, 17.5, -2.75 ],
    "rotation": { "origin": [ 7.5, 17.5, -6.75 ], "axis": "x", "angle": 22.5 },
    "faces": {
        "down":  { "uv": [ 2, 0.25, 0, 0.5 ], "rotation": 90, "texture": "#texture" },
        "up":    { "uv": [ 0, 0, 2, 0.25 ], "rotation": 90, "texture": "#texture" },
        "north": { "uv": [ 0, 0, 0.25, 0.5 ], "texture": "#texture" },
        "south": { "uv": [ 1.75, 0.5, 2, 0 ], "texture": "#texture" },
        "west":  { "uv": [ 0, 0, 2, 0.5 ], "texture": "#texture" },
        "east":  { "uv": [ 2, 0, 0, 0.5 ], "texture": "#texture" }
    }
},
{
    "from": [ 2.5, 9, 8 ],
    "to": [ 4.5, 18, 10 ],
    "faces": {
        "down":  { "uv": [ 2, 0, 3, 1 ], "texture": "#snork3" },
        "up":    { "uv": [ 1, 0, 2, 1 ], "texture": "#snork3" },
        "north": { "uv": [ 0, 1, 1, 5.5 ], "texture": "#snork3" },
        "south": { "uv": [ 2, 1, 3, 5.5 ], "texture": "#snork3" },
        "west":  { "uv": [ 1, 1, 2, 5.5 ], "texture": "#snork3" },
        "east":  { "uv": [ 3, 1, 4, 5.5 ], "texture": "#snork3" }
    }
},
{
    "from": [ 6.5, 18.5, 14.5 ],
    "to": [ 9.5, 20, 18.5 ],
    "faces": {
        "down":  { "uv": [ 5.75, 0.25, 7.25, 2.5 ], "texture": "#snork2" },
        "up":    { "uv": [ 5.75, 0.25, 7.25, 2.5 ], "texture": "#snork2" },
        "north": { "uv": [ 6, 2.75, 7.5, 3.5 ], "texture": "#snork2" },
        "south": { "uv": [ 6, 2.75, 7.5, 3.5 ], "texture": "#snork2" },
        "west":  { "uv": [ 4, 2.75, 6, 3.5 ], "texture": "#snork2" },
        "east":  { "uv": [ 7.75, 2.75, 9.75, 3.5 ], "texture": "#snork2" }
    }
},
{
    "from": [ 5.9375, 16.5, 14.5 ],
    "to": [ 10.0625, 18.5, 19 ],
    "rotation": { "origin": [ 5.9375, 18.5, 14.5 ], "axis": "x", "angle": 22.5 },
    "faces": {
        "down":  { "uv": [ 8.75, 3.75, 10.75, 6 ], "texture": "#snork2" },
        "up":    { "uv": [ 4, 3.75, 6, 6 ], "texture": "#snork2" },
        "north": { "uv": [ 1, 1, 3, 2 ], "texture": "#snork2" },
        "south": { "uv": [ 1, 1, 3, 2 ], "texture": "#snork2" },
        "west":  { "uv": [ 8.5, 3.75, 6.25, 4.75 ], "texture": "#snork2" },
        "east":  { "uv": [ 6.25, 3.75, 8.5, 4.75 ], "texture": "#snork2" }
    }
},
{
    "from": [ 6, 16.5, 11.5 ],
    "to": [ 10, 21, 14.5 ],
    "faces": {
        "down":  { "uv": [ 1, 3.75, 3, 5.25 ], "texture": "#snork2" },
        "up":    { "uv": [ 1.25, 6, 3.25, 7.5 ], "texture": "#snork2" },
        "north": { "uv": [ 5.5, 0.25, 7.5, 2.5 ], "texture": "#snork2" },
        "south": { "uv": [ 5.5, 0.25, 7.5, 2.5 ], "texture": "#snork2" },
        "west":  { "uv": [ 4, 0.25, 5.5, 2.5 ], "texture": "#snork2" },
        "east":  { "uv": [ 7.5, 0.25, 9, 2.5 ], "texture": "#snork2" }
    }
},
{
    "from": [ 6.5, 16, 18.5 ],
    "to": [ 7, 18, 19 ],
    "rotation": { "origin": [ 6.5, 18, 18.5 ], "axis": "x", "angle": 22.5 },
    "faces": {
        "down":  { "uv": [ 0.25, 9, 0.5, 9.25 ], "texture": "#snork2" },
        "up":    { "uv": [ 0.25, 8.5, 0.5, 8.75 ], "texture": "#snork2" },
        "north": { "uv": [ 0.25, 8.5, 0.5, 9.25 ], "texture": "#snork2" },
        "south": { "uv": [ 0.25, 8.5, 0.5, 9.25 ], "texture": "#snork2" },
        "west":  { "uv": [ 0.25, 8.5, 0.5, 9.25 ], "texture": "#snork2" },
        "east":  { "uv": [ 0.25, 8.5, 0.5, 9.25 ], "texture": "#snork2" }
    }
},
{
    "from": [ 9, 16, 18.5 ],
    "to": [ 9.5, 18, 19 ],
    "rotation": { "origin": [ 9, 18, 18.5 ], "axis": "x", "angle": 22.5 },
    "faces": {
        "down":  { "uv": [ 0.75, 9, 1, 9.25 ], "texture": "#snork2" },
        "up":    { "uv": [ 0.75, 8.5, 1, 8.75 ], "texture": "#snork2" },
        "north": { "uv": [ 0.75, 8.5, 1, 9.25 ], "texture": "#snork2" },
        "south": { "uv": [ 0.75, 8.5, 1, 9.25 ], "texture": "#snork2" },
        "west":  { "uv": [ 0.75, 8.5, 1, 9.25 ], "texture": "#snork2" },
        "east":  { "uv": [ 0.75, 8.5, 1, 9.25 ], "texture": "#snork2" }
    }
},
{
    "from": [ 11.5, 9.0625, 8 ],
    "to": [ 13.5, 18.0625, 10 ],
    "faces": {
        "down":  { "uv": [ 2, 0, 3, 1 ], "texture": "#snork3" },
        "up":    { "uv": [ 1, 0, 2, 1 ], "texture": "#snork3" },
        "north": { "uv": [ 0, 1, 1, 5.5 ], "texture": "#snork3" },
        "south": { "uv": [ 2, 1, 3, 5.5 ], "texture": "#snork3" },
        "west":  { "uv": [ 1, 1, 2, 5.5 ], "texture": "#snork3" },
        "east":  { "uv": [ 3, 1, 4, 5.5 ], "texture": "#snork3" }
    }
},
{
    "from": [ 2.5, 8.625, 7.5625 ],
    "to": [ 4.5, 17.625, 9.5625 ],
    "rotation": { "origin": [ 2.5, 17.625, 7.5625 ], "axis": "x", "angle": -22.5 },
    "faces": {
        "down":  { "uv": [ 6.25, 0, 7.25, 1 ], "texture": "#snork3" },
        "up":    { "uv": [ 5.25, 0, 6.25, 1 ], "texture": "#snork3" },
        "north": { "uv": [ 4.25, 1, 5.25, 5.5 ], "texture": "#snork3" },
        "south": { "uv": [ 6.25, 1, 7.25, 5.5 ], "texture": "#snork3" },
        "west":  { "uv": [ 5.25, 1, 6.25, 5.5 ], "texture": "#snork3" },
        "east":  { "uv": [ 7.25, 1, 8.25, 5.5 ], "texture": "#snork3" }
    }
},
{
    "from": [ 11.5, 9.1875, 8.3125 ],
    "to": [ 13.5, 18.1875, 10.3125 ],
    "rotation": { "origin": [ 11.5, 18.1875, 8.3125 ], "axis": "x", "angle": 22.5 },
    "faces": {
        "down":  { "uv": [ 6.25, 0, 7.25, 1 ], "texture": "#snork3" },
        "up":    { "uv": [ 5.25, 0, 6.25, 1 ], "texture": "#snork3" },
        "north": { "uv": [ 4.25, 1, 5.25, 5.5 ], "texture": "#snork3" },
        "south": { "uv": [ 6.25, 1, 7.25, 5.5 ], "texture": "#snork3" },
        "west":  { "uv": [ 5.25, 1, 6.25, 5.5 ], "texture": "#snork3" },
        "east":  { "uv": [ 7.25, 1, 8.25, 5.5 ], "texture": "#snork3" }
    }
},
{
    "from": [ 2.5, 8.0625, 7.5625 ],
    "to": [ 4.5, 17.0625, 9.5625 ],
    "rotation": { "origin": [ 2.5, 17.0625, 7.5625 ], "axis": "x", "angle": -45 },
    "faces": {
        "down":  { "uv": [ 10.5, 0, 11.5, 1 ], "texture": "#snork3" },
        "up":    { "uv": [ 9.5, 0, 10.5, 1 ], "texture": "#snork3" },
        "north": { "uv": [ 8.5, 1, 9.5, 5.5 ], "texture": "#snork3" },
        "south": { "uv": [ 10.5, 1, 11.5, 5.5 ], "texture": "#snork3" },
        "west":  { "uv": [ 9.5, 1, 10.5, 5.5 ], "texture": "#snork3" },
        "east":  { "uv": [ 11.5, 1, 12.5, 5.5 ], "texture": "#snork3" }
    }
},
{
    "from": [ 11.5, 9.4375, 8.75 ],
    "to": [ 13.5, 18.4375, 10.75 ],
    "rotation": { "origin": [ 11.5, 18.4375, 8.75 ], "axis": "x", "angle": 45 },
    "faces": {
        "down":  { "uv": [ 10.5, 0, 11.5, 1 ], "texture": "#snork3" },
        "up":    { "uv": [ 9.5, 0, 10.5, 1 ], "texture": "#snork3" },
        "north": { "uv": [ 8.5, 1, 9.5, 5.5 ], "texture": "#snork3" },
        "south": { "uv": [ 10.5, 1, 11.5, 5.5 ], "texture": "#snork3" },
        "west":  { "uv": [ 9.5, 1, 10.5, 5.5 ], "texture": "#snork3" },
        "east":  { "uv": [ 11.5, 1, 12.5, 5.5 ], "texture": "#snork3" }
    }
},
{
    "from": [ 2.5, 9.1875, 8.3125 ],
    "to": [ 4.5, 18.1875, 10.3125 ],
    "rotation": { "origin": [ 2.5, 18.1875, 8.3125 ], "axis": "x", "angle": 22.5 },
    "faces": {
        "down":  { "uv": [ 2, 5.75, 3, 6.75 ], "texture": "#snork3" },
        "up":    { "uv": [ 1, 5.75, 2, 6.75 ], "texture": "#snork3" },
        "north": { "uv": [ 0, 6.75, 1, 11.25 ], "texture": "#snork3" },
        "south": { "uv": [ 2, 6.75, 3, 11.25 ], "texture": "#snork3" },
        "west":  { "uv": [ 1, 6.75, 2, 11.25 ], "texture": "#snork3" },
        "east":  { "uv": [ 3, 6.75, 4, 11.25 ], "texture": "#snork3" }
    }
},
{
    "from": [ 2.5, 9.4375, 8.75 ],
    "to": [ 4.5, 18.4375, 10.75 ],
    "rotation": { "origin": [ 2.5, 18.4375, 8.75 ], "axis": "x", "angle": 45 },
    "faces": {
        "down":  { "uv": [ 6.25, 5.75, 7.25, 6.75 ], "texture": "#snork3" },
        "up":    { "uv": [ 5.25, 5.75, 6.25, 6.75 ], "texture": "#snork3" },
        "north": { "uv": [ 4.25, 6.75, 5.25, 11.25 ], "texture": "#snork3" },
        "south": { "uv": [ 6.25, 6.75, 7.25, 11.25 ], "texture": "#snork3" },
        "west":  { "uv": [ 5.25, 6.75, 6.25, 11.25 ], "texture": "#snork3" },
        "east":  { "uv": [ 7.25, 6.75, 8.25, 11.25 ], "texture": "#snork3" }
    }
},
{
    "from": [ 11.5, 8.625, 7.5625 ],
    "to": [ 13.5, 17.625, 9.5625 ],
    "rotation": { "origin": [ 11.5, 17.625, 7.5625 ], "axis": "x", "angle": -22.5 },
    "faces": {
        "down":  { "uv": [ 2, 5.75, 3, 6.75 ], "texture": "#snork3" },
        "up":    { "uv": [ 1, 5.75, 2, 6.75 ], "texture": "#snork3" },
        "north": { "uv": [ 0, 6.75, 1, 11.25 ], "texture": "#snork3" },
        "south": { "uv": [ 2, 6.75, 3, 11.25 ], "texture": "#snork3" },
        "west":  { "uv": [ 1, 6.75, 2, 11.25 ], "texture": "#snork3" },
        "east":  { "uv": [ 3, 6.75, 4, 11.25 ], "texture": "#snork3" }
    }
},
{
    "from": [ 11.5, 8.0625, 7.5625 ],
    "to": [ 13.5, 17.0625, 9.5625 ],
    "rotation": { "origin": [ 11.5, 17.0625, 7.5625 ], "axis": "x", "angle": -45 },
    "faces": {
        "down":  { "uv": [ 6.25, 5.75, 7.25, 6.75 ], "texture": "#snork3" },
        "up":    { "uv": [ 5.25, 5.75, 6.25, 6.75 ], "texture": "#snork3" },
        "north": { "uv": [ 4.25, 6.75, 5.25, 11.25 ], "texture": "#snork3" },
        "south": { "uv": [ 6.25, 6.75, 7.25, 11.25 ], "texture": "#snork3" },
        "west":  { "uv": [ 5.25, 6.75, 6.25, 11.25 ], "texture": "#snork3" },
        "east":  { "uv": [ 7.25, 6.75, 8.25, 11.25 ], "texture": "#snork3" }
    }
}
],
"display": {
    "thirdperson_righthand": {
        "rotation": [ 10, -45, -77 ],
        "translation": [ 0, 1.5, -2.75 ],
        "scale": [ 0.37, 0.37, 0.37 ]
    },
    "thirdperson_lefthand": {
        "rotation": [ 10, -45, -77 ],
        "translation": [ 0, 1.5, -2.75 ],
        "scale": [ 0.37, 0.37, 0.37 ]
    },
    "head": {
        "rotation": [ -22, -180, 0 ],
        "translation": [ 0, -24, 11.72 ],
        "scale": [ 3.1, 3.1, 3.1 ]
    },
    "ground": {
        "rotation": [ 22, 0, 0 ],
        "translation": [ 0, 3.21, 0 ],
        "scale": [ 0.5, 0.5, 0.5 ]
    },
    "fixed": {
        "rotation": [ 0, -90, 0 ],
        "translation": [ -1.51, -2.83, -0.57 ],
        "scale": [ 0.75, 0.75, 0.75 ]
    },
    "firstperson_righthand": {
        "rotation": [ 0, -74, 0 ],
        "translation": [ 0, 1.32, 0.57 ],
        "scale": [ 0.5, 0.5, 0.5 ]
    },
    "firstperson_lefthand": {
        "rotation": [ 0, -72, 0 ],
        "translation": [ 0, 1.32, 0.56 ],
        "scale": [ 0.5, 0.5, 0.5 ]
    },
    "gui": {
        "rotation": [ 45, 45, 0 ],
        "translation": [ 0, -1.89, 0 ],
        "scale": [ 0.65, 0.65, 0.65 ]
    }
}
}