{
"__comment": "Designed by MasterianoX",
"textures": {
    "particle": "items/plao5v/mind_probe",
    "texture": "entity/skeleton/plao_probe",
    "plao_probe2": "entity/skeleton/plao_probe2",
    "plao_probe3": "entity/skeleton/plao_probe3",
    "plao_probe4": "entity/skeleton/plao_probe4"
},
"elements": [ 
{
    "__comment": "Cube 22.5",
    "from": [ 6.125, 5, 3.4375 ],
    "to": [ 13.125, 9, 10.4375 ],
    "rotation": { "origin": [ 6.125, 5, 3.4375 ], "axis": "y", "angle": -22.5 },
    "faces": {
        "down":  { "uv": [ 4, 0, 5.75, 1.75 ], "texture": "#plao_probe2" },
        "up":    { "uv": [ 4, 0, 5.75, 1.75 ], "texture": "#plao_probe2" },
        "north": { "uv": [ 4, 1.75, 5.75, 2.75 ], "texture": "#plao_probe2" },
        "south": { "uv": [ 4, 1.75, 5.75, 2.75 ], "texture": "#plao_probe2" },
        "west":  { "uv": [ 5.75, 1.75, 4, 2.75 ], "texture": "#plao_probe2" },
        "east":  { "uv": [ 5.75, 1.75, 4, 2.75 ], "texture": "#plao_probe2" }
    }
},
{
    "__comment": "Cube 22.5",
    "from": [ 6.375, 9, 4.0625 ],
    "to": [ 12.375, 14, 10.0625 ],
    "rotation": { "origin": [ 6.375, 9, 4.0625 ], "axis": "y", "angle": -22.5 },
    "faces": {
        "down":  { "uv": [ 6.25, 0, 7.75, 1.5 ], "texture": "#plao_probe2" },
        "up":    { "uv": [ 6.25, 0, 7.75, 1.5 ], "texture": "#plao_probe2" },
        "north": { "uv": [ 6.25, 1.5, 7.75, 2.75 ], "texture": "#plao_probe2" },
        "south": { "uv": [ 8, 1.5, 9.5, 2.75 ], "texture": "#plao_probe2" },
        "west":  { "uv": [ 7.75, 1.5, 6.25, 2.75 ], "texture": "#plao_probe2" },
        "east":  { "uv": [ 7.75, 1.5, 6.25, 2.75 ], "texture": "#plao_probe2" }
    }
},
{
    "__comment": "Cube 22.5",
    "from": [ 6.625, 14, 4.75 ],
    "to": [ 11.625, 16, 9.75 ],
    "rotation": { "origin": [ 6.625, 14, 4.75 ], "axis": "y", "angle": -22.5 },
    "faces": {
        "down":  { "uv": [ 9.75, 0.25, 11, 1.5 ], "texture": "#plao_probe2" },
        "up":    { "uv": [ 9.75, 0.25, 11, 1.5 ], "texture": "#plao_probe2" },
        "north": { "uv": [ 9.75, 1.5, 11, 2 ], "texture": "#plao_probe2" },
        "south": { "uv": [ 9.75, 1.5, 11, 2 ], "texture": "#plao_probe2" },
        "west":  { "uv": [ 11, 1.5, 9.75, 2 ], "texture": "#plao_probe2" },
        "east":  { "uv": [ 11, 1.5, 9.75, 2 ], "texture": "#plao_probe2" }
    }
},
{
    "__comment": "Cube 22.5",
    "from": [ 5.8125, 4.5, 2.75 ],
    "to": [ 13.8125, 5.5, 10.75 ],
    "rotation": { "origin": [ 5.8125, 4.5, 2.75 ], "axis": "y", "angle": -22.5 },
    "faces": {
        "down":  { "uv": [ 0, 2, 2, 4 ], "texture": "#plao_probe2" },
        "up":    { "uv": [ 0, 2, 2, 4 ], "texture": "#plao_probe2" },
        "north": { "uv": [ 2, 2, 0, 2.25 ], "texture": "#plao_probe2" },
        "south": { "uv": [ 0, 3.75, 2, 4 ], "texture": "#plao_probe2" },
        "west":  { "uv": [ 0, 4, 0.25, 2 ], "rotation": 90, "texture": "#plao_probe2" },
        "east":  { "uv": [ 1.75, 2, 2, 4 ], "rotation": 90, "texture": "#plao_probe2" }
    }
},
{
    "__comment": "Cube 22.5",
    "from": [ 6.9375, 2, 5.375 ],
    "to": [ 10.9375, 4.5, 9.375 ],
    "rotation": { "origin": [ 6.9375, 2, 5.375 ], "axis": "y", "angle": -22.5 },
    "faces": {
        "down":  { "uv": [ 2.5, 0, 3.75, 1.25 ], "texture": "#plao_probe2" },
        "up":    { "uv": [ 1.25, 0, 2.5, 1.25 ], "texture": "#plao_probe2" },
        "north": { "uv": [ 0, 1.25, 1.25, 2 ], "texture": "#plao_probe2" },
        "south": { "uv": [ 0, 1.25, 1.25, 2 ], "texture": "#plao_probe2" },
        "west":  { "uv": [ 0, 1.25, 1.25, 2 ], "texture": "#plao_probe2" },
        "east":  { "uv": [ 0, 1.25, 1.25, 2 ], "texture": "#plao_probe2" }
    }
},
{
    "__comment": "Cube 22.5",
    "from": [ 6.5, 0, 4 ],
    "to": [ 12.5, 2, 10 ],
    "rotation": { "origin": [ 6.5, 0, 4 ], "axis": "y", "angle": -22.5 },
    "faces": {
        "down":  { "uv": [ 2, 2.75, 3.25, 4 ], "texture": "#plao_probe2" },
        "up":    { "uv": [ 2, 2.75, 3.25, 4 ], "texture": "#plao_probe2" },
        "north": { "uv": [ 2, 4, 3.25, 4.5 ], "texture": "#plao_probe2" },
        "south": { "uv": [ 2, 4, 3.25, 4.5 ], "texture": "#plao_probe2" },
        "west":  { "uv": [ 2, 4, 3.25, 4.5 ], "texture": "#plao_probe2" },
        "east":  { "uv": [ 2, 4, 3.25, 4.5 ], "texture": "#plao_probe2" }
    }
},
{
    "__comment": "Cube 22.5",
    "from": [ 7.1875, 16, 6.0625 ],
    "to": [ 10.1875, 17, 9.0625 ],
    "rotation": { "origin": [ 7.1875, 16, 6.0625 ], "axis": "y", "angle": -22.5 },
    "faces": {
        "down":  { "uv": [ 0, 2, 0.75, 2.75 ], "texture": "#plao_probe2" },
        "up":    { "uv": [ 0, 2, 0.75, 2.75 ], "texture": "#plao_probe2" },
        "north": { "uv": [ 0.75, 2, 0, 2.25 ], "texture": "#plao_probe2" },
        "south": { "uv": [ 0, 2.5, 0.75, 2.75 ], "texture": "#plao_probe2" },
        "west":  { "uv": [ 0.5, 2, 0.75, 2.75 ], "rotation": 90, "texture": "#plao_probe2" },
        "east":  { "uv": [ 0, 2.75, 0.25, 2 ], "rotation": 90, "texture": "#plao_probe2" }
    }
},
{
    "__comment": "Cube 22.5",
    "from": [ 5, -3.5, 8.5 ],
    "to": [ 6, 0.5, 9.5 ],
    "faces": {
        "down":  { "uv": [ 3.5, 2.75, 3.75, 3 ], "texture": "#plao_probe2" },
        "up":    { "uv": [ 3.5, 2, 3.75, 2.25 ], "texture": "#plao_probe2" },
        "north": { "uv": [ 3.5, 2, 3.75, 3 ], "texture": "#plao_probe2" },
        "south": { "uv": [ 3.5, 2, 3.75, 3 ], "texture": "#plao_probe2" },
        "west":  { "uv": [ 3.5, 2, 3.75, 3 ], "texture": "#plao_probe2" },
        "east":  { "uv": [ 3.5, 2, 3.75, 3 ], "texture": "#plao_probe2" }
    }
},
{
    "__comment": "Cube 22.5",
    "from": [ 5, -8, 8.5 ],
    "to": [ 6, -3, 9.5 ],
    "rotation": { "origin": [ 5, -3, 8.5 ], "axis": "z", "angle": 22.5 },
    "faces": {
        "down":  { "uv": [ 3.5, 4.25, 3.75, 4.5 ], "texture": "#plao_probe2" },
        "up":    { "uv": [ 3.5, 3.25, 3.75, 3.5 ], "texture": "#plao_probe2" },
        "north": { "uv": [ 3.5, 3.25, 3.75, 4.5 ], "texture": "#plao_probe2" },
        "south": { "uv": [ 3.5, 3.25, 3.75, 4.5 ], "texture": "#plao_probe2" },
        "west":  { "uv": [ 3.5, 3.25, 3.75, 4.5 ], "texture": "#plao_probe2" },
        "east":  { "uv": [ 3.5, 3.25, 3.75, 4.5 ], "texture": "#plao_probe2" }
    }
},
{
    "__comment": "Cube 22.5",
    "from": [ 10.5, -4, 6 ],
    "to": [ 11.5, 0, 7 ],
    "faces": {
        "down":  { "uv": [ 3.5, 2.75, 3.75, 3 ], "texture": "#plao_probe2" },
        "up":    { "uv": [ 3.5, 2, 3.75, 2.25 ], "texture": "#plao_probe2" },
        "north": { "uv": [ 3.5, 2, 3.75, 3 ], "texture": "#plao_probe2" },
        "south": { "uv": [ 3.5, 2, 3.75, 3 ], "texture": "#plao_probe2" },
        "west":  { "uv": [ 3.5, 2, 3.75, 3 ], "texture": "#plao_probe2" },
        "east":  { "uv": [ 3.5, 2, 3.75, 3 ], "texture": "#plao_probe2" }
    }
},
{
    "__comment": "Cube 22.5",
    "from": [ 10.5, -8, 6 ],
    "to": [ 11.5, -3, 7 ],
    "rotation": { "origin": [ 10.5, -3, 6 ], "axis": "z", "angle": -22.5 },
    "faces": {
        "down":  { "uv": [ 3.5, 4.25, 3.75, 4.5 ], "texture": "#plao_probe2" },
        "up":    { "uv": [ 3.5, 3.25, 3.75, 3.5 ], "texture": "#plao_probe2" },
        "north": { "uv": [ 3.5, 3.25, 3.75, 4.5 ], "texture": "#plao_probe2" },
        "south": { "uv": [ 3.5, 3.25, 3.75, 4.5 ], "texture": "#plao_probe2" },
        "west":  { "uv": [ 3.5, 3.25, 3.75, 4.5 ], "texture": "#plao_probe2" },
        "east":  { "uv": [ 3.5, 3.25, 3.75, 4.5 ], "texture": "#plao_probe2" }
    }
},
{
    "__comment": "Cube 22.5",
    "from": [ 6.5, -3.5, 4.5 ],
    "to": [ 7.5, 0.5, 5.5 ],
    "faces": {
        "down":  { "uv": [ 3.5, 2.75, 3.75, 3 ], "texture": "#plao_probe2" },
        "up":    { "uv": [ 3.5, 2, 3.75, 2.25 ], "texture": "#plao_probe2" },
        "north": { "uv": [ 3.5, 2, 3.75, 3 ], "texture": "#plao_probe2" },
        "south": { "uv": [ 3.5, 2, 3.75, 3 ], "texture": "#plao_probe2" },
        "west":  { "uv": [ 3.5, 2, 3.75, 3 ], "texture": "#plao_probe2" },
        "east":  { "uv": [ 3.5, 2, 3.75, 3 ], "texture": "#plao_probe2" }
    }
},
{
    "__comment": "Cube 22.5",
    "from": [ 6.5, -8, 4.5 ],
    "to": [ 7.5, -3, 5.5 ],
    "rotation": { "origin": [ 6.5, -3, 4.5 ], "axis": "x", "angle": -22.5 },
    "faces": {
        "down":  { "uv": [ 3.5, 4.25, 3.75, 4.5 ], "texture": "#plao_probe2" },
        "up":    { "uv": [ 3.5, 3.25, 3.75, 3.5 ], "texture": "#plao_probe2" },
        "north": { "uv": [ 3.5, 3.25, 3.75, 4.5 ], "texture": "#plao_probe2" },
        "south": { "uv": [ 3.5, 3.25, 3.75, 4.5 ], "texture": "#plao_probe2" },
        "west":  { "uv": [ 3.5, 3.25, 3.75, 4.5 ], "texture": "#plao_probe2" },
        "east":  { "uv": [ 3.5, 3.25, 3.75, 4.5 ], "texture": "#plao_probe2" }
    }
},
{
    "__comment": "Cube 22.5",
    "from": [ 9, -4, 10 ],
    "to": [ 10, 0, 11 ],
    "faces": {
        "down":  { "uv": [ 3.5, 2.75, 3.75, 3 ], "texture": "#plao_probe2" },
        "up":    { "uv": [ 3.5, 2, 3.75, 2.25 ], "texture": "#plao_probe2" },
        "north": { "uv": [ 3.5, 2, 3.75, 3 ], "texture": "#plao_probe2" },
        "south": { "uv": [ 3.5, 2, 3.75, 3 ], "texture": "#plao_probe2" },
        "west":  { "uv": [ 3.5, 2, 3.75, 3 ], "texture": "#plao_probe2" },
        "east":  { "uv": [ 3.5, 2, 3.75, 3 ], "texture": "#plao_probe2" }
    }
},
{
    "__comment": "Cube 22.5",
    "from": [ 9, -8, 10 ],
    "to": [ 10, -3, 11 ],
    "rotation": { "origin": [ 9, -3, 10 ], "axis": "x", "angle": 22.5 },
    "faces": {
        "down":  { "uv": [ 3.5, 4.25, 3.75, 4.5 ], "texture": "#plao_probe2" },
        "up":    { "uv": [ 3.5, 3.25, 3.75, 3.5 ], "texture": "#plao_probe2" },
        "north": { "uv": [ 3.5, 3.25, 3.75, 4.5 ], "texture": "#plao_probe2" },
        "south": { "uv": [ 3.5, 3.25, 3.75, 4.5 ], "texture": "#plao_probe2" },
        "west":  { "uv": [ 3.5, 3.25, 3.75, 4.5 ], "texture": "#plao_probe2" },
        "east":  { "uv": [ 3.5, 3.25, 3.75, 4.5 ], "texture": "#plao_probe2" }
    }
},
{
    "__comment": "Cube 0",
    "from": [ 4.5, 5, 4.5 ],
    "to": [ 11.5, 9, 11.5 ],
    "faces": {
        "down":  { "uv": [ 4, 0, 5.75, 1.75 ], "texture": "#texture" },
        "up":    { "uv": [ 4, 0, 5.75, 1.75 ], "texture": "#texture" },
        "north": { "uv": [ 4, 1.75, 5.75, 2.75 ], "texture": "#texture" },
        "south": { "uv": [ 4, 1.75, 5.75, 2.75 ], "texture": "#texture" },
        "west":  { "uv": [ 5.75, 1.75, 4, 2.75 ], "texture": "#texture" },
        "east":  { "uv": [ 5.75, 1.75, 4, 2.75 ], "texture": "#texture" }
    }
},
{
    "__comment": "Cube 0",
    "from": [ 5, 9, 5 ],
    "to": [ 11, 14, 11 ],
    "faces": {
        "down":  { "uv": [ 6.25, 0, 7.75, 1.5 ], "texture": "#texture" },
        "up":    { "uv": [ 6.25, 0, 7.75, 1.5 ], "texture": "#texture" },
        "north": { "uv": [ 6.25, 1.5, 7.75, 2.75 ], "texture": "#texture" },
        "south": { "uv": [ 8, 1.5, 9.5, 2.75 ], "texture": "#texture" },
        "west":  { "uv": [ 7.75, 1.5, 6.25, 2.75 ], "texture": "#texture" },
        "east":  { "uv": [ 7.75, 1.5, 6.25, 2.75 ], "texture": "#texture" }
    }
},
{
    "__comment": "Cube 0",
    "from": [ 5.5, 14, 5.5 ],
    "to": [ 10.5, 16, 10.5 ],
    "faces": {
        "down":  { "uv": [ 9.75, 0.25, 11, 1.5 ], "texture": "#texture" },
        "up":    { "uv": [ 9.75, 0.25, 11, 1.5 ], "texture": "#texture" },
        "north": { "uv": [ 9.75, 1.5, 11, 2 ], "texture": "#texture" },
        "south": { "uv": [ 9.75, 1.5, 11, 2 ], "texture": "#texture" },
        "west":  { "uv": [ 11, 1.5, 9.75, 2 ], "texture": "#texture" },
        "east":  { "uv": [ 11, 1.5, 9.75, 2 ], "texture": "#texture" }
    }
},
{
    "__comment": "Cube 0",
    "from": [ 4, 4.5, 4 ],
    "to": [ 12, 5.5, 12 ],
    "faces": {
        "down":  { "uv": [ 0, 2, 2, 4 ], "texture": "#texture" },
        "up":    { "uv": [ 0, 2, 2, 4 ], "texture": "#texture" },
        "north": { "uv": [ 2, 2, 0, 2.25 ], "texture": "#texture" },
        "south": { "uv": [ 0, 3.75, 2, 4 ], "texture": "#texture" },
        "west":  { "uv": [ 0, 4, 0.25, 2 ], "rotation": 90, "texture": "#texture" },
        "east":  { "uv": [ 1.75, 2, 2, 4 ], "rotation": 90, "texture": "#texture" }
    }
},
{
    "__comment": "Cube 0",
    "from": [ 6, 2, 6 ],
    "to": [ 10, 4.5, 10 ],
    "faces": {
        "down":  { "uv": [ 2.5, 0, 3.75, 1.25 ], "texture": "#texture" },
        "up":    { "uv": [ 1.25, 0, 2.5, 1.25 ], "texture": "#texture" },
        "north": { "uv": [ 0, 1.25, 1.25, 2 ], "texture": "#texture" },
        "south": { "uv": [ 0, 1.25, 1.25, 2 ], "texture": "#texture" },
        "west":  { "uv": [ 0, 1.25, 1.25, 2 ], "texture": "#texture" },
        "east":  { "uv": [ 0, 1.25, 1.25, 2 ], "texture": "#texture" }
    }
},
{
    "__comment": "Cube 0",
    "from": [ 5, 0, 5 ],
    "to": [ 11, 2, 11 ],
    "faces": {
        "down":  { "uv": [ 2, 2.75, 3.25, 4 ], "texture": "#texture" },
        "up":    { "uv": [ 2, 2.75, 3.25, 4 ], "texture": "#texture" },
        "north": { "uv": [ 2, 4, 3.25, 4.5 ], "texture": "#texture" },
        "south": { "uv": [ 2, 4, 3.25, 4.5 ], "texture": "#texture" },
        "west":  { "uv": [ 2, 4, 3.25, 4.5 ], "texture": "#texture" },
        "east":  { "uv": [ 2, 4, 3.25, 4.5 ], "texture": "#texture" }
    }
},
{
    "__comment": "Cube 0",
    "from": [ 6.5, 16, 6.5 ],
    "to": [ 9.5, 17, 9.5 ],
    "faces": {
        "down":  { "uv": [ 0, 2, 0.75, 2.75 ], "texture": "#texture" },
        "up":    { "uv": [ 0, 2, 0.75, 2.75 ], "texture": "#texture" },
        "north": { "uv": [ 0.75, 2, 0, 2.25 ], "texture": "#texture" },
        "south": { "uv": [ 0, 2.5, 0.75, 2.75 ], "texture": "#texture" },
        "west":  { "uv": [ 0.5, 2, 0.75, 2.75 ], "rotation": 90, "texture": "#texture" },
        "east":  { "uv": [ 0, 2.75, 0.25, 2 ], "rotation": 90, "texture": "#texture" }
    }
},
{
    "__comment": "Cube 0",
    "from": [ 5, -3.5, 9.5 ],
    "to": [ 6, 0.5, 10.5 ],
    "rotation": { "origin": [ 5, 0.5, 9.5 ], "axis": "z", "angle": -22.5 },
    "faces": {
        "down":  { "uv": [ 3.5, 2.75, 3.75, 3 ], "texture": "#texture" },
        "up":    { "uv": [ 3.5, 2, 3.75, 2.25 ], "texture": "#texture" },
        "north": { "uv": [ 3.5, 2, 3.75, 3 ], "texture": "#texture" },
        "south": { "uv": [ 3.5, 2, 3.75, 3 ], "texture": "#texture" },
        "west":  { "uv": [ 3.5, 2, 3.75, 3 ], "texture": "#texture" },
        "east":  { "uv": [ 3.5, 2, 3.75, 3 ], "texture": "#texture" }
    }
},
{
    "__comment": "Cube 0",
    "from": [ 3.5, -8, 9.5 ],
    "to": [ 4.5, -3, 10.5 ],
    "rotation": { "origin": [ 3.5, -3, 9.5 ], "axis": "z", "angle": 45 },
    "faces": {
        "down":  { "uv": [ 3.5, 4.25, 3.75, 4.5 ], "texture": "#texture" },
        "up":    { "uv": [ 3.5, 3.25, 3.75, 3.5 ], "texture": "#texture" },
        "north": { "uv": [ 3.5, 3.25, 3.75, 4.5 ], "texture": "#texture" },
        "south": { "uv": [ 3.5, 3.25, 3.75, 4.5 ], "texture": "#texture" },
        "west":  { "uv": [ 3.5, 3.25, 3.75, 4.5 ], "texture": "#texture" },
        "east":  { "uv": [ 3.5, 3.25, 3.75, 4.5 ], "texture": "#texture" }
    }
},
{
    "__comment": "Cube 0",
    "from": [ 10, -4, 5.5 ],
    "to": [ 11, 0, 6.5 ],
    "rotation": { "origin": [ 10, 0, 5.5 ], "axis": "z", "angle": 22.5 },
    "faces": {
        "down":  { "uv": [ 3.5, 2.75, 3.75, 3 ], "texture": "#texture" },
        "up":    { "uv": [ 3.5, 2, 3.75, 2.25 ], "texture": "#texture" },
        "north": { "uv": [ 3.5, 2, 3.75, 3 ], "texture": "#texture" },
        "south": { "uv": [ 3.5, 2, 3.75, 3 ], "texture": "#texture" },
        "west":  { "uv": [ 3.5, 2, 3.75, 3 ], "texture": "#texture" },
        "east":  { "uv": [ 3.5, 2, 3.75, 3 ], "texture": "#texture" }
    }
},
{
    "__comment": "Cube 0",
    "from": [ 11.5, -7.5, 5.5 ],
    "to": [ 12.5, -2.5, 6.5 ],
    "rotation": { "origin": [ 11.5, -2.5, 5.5 ], "axis": "z", "angle": -45 },
    "faces": {
        "down":  { "uv": [ 3.5, 4.25, 3.75, 4.5 ], "texture": "#texture" },
        "up":    { "uv": [ 3.5, 3.25, 3.75, 3.5 ], "texture": "#texture" },
        "north": { "uv": [ 3.5, 3.25, 3.75, 4.5 ], "texture": "#texture" },
        "south": { "uv": [ 3.5, 3.25, 3.75, 4.5 ], "texture": "#texture" },
        "west":  { "uv": [ 3.5, 3.25, 3.75, 4.5 ], "texture": "#texture" },
        "east":  { "uv": [ 3.5, 3.25, 3.75, 4.5 ], "texture": "#texture" }
    }
},
{
    "__comment": "Cube 0",
    "from": [ 5.5, -3.5, 5 ],
    "to": [ 6.5, 0.5, 6 ],
    "rotation": { "origin": [ 5.5, 0.5, 5 ], "axis": "x", "angle": 22.5 },
    "faces": {
        "down":  { "uv": [ 3.5, 2.75, 3.75, 3 ], "texture": "#texture" },
        "up":    { "uv": [ 3.5, 2, 3.75, 2.25 ], "texture": "#texture" },
        "north": { "uv": [ 3.5, 2, 3.75, 3 ], "texture": "#texture" },
        "south": { "uv": [ 3.5, 2, 3.75, 3 ], "texture": "#texture" },
        "west":  { "uv": [ 3.5, 2, 3.75, 3 ], "texture": "#texture" },
        "east":  { "uv": [ 3.5, 2, 3.75, 3 ], "texture": "#texture" }
    }
},
{
    "__comment": "Cube 0",
    "from": [ 5.5, -8, 3.5 ],
    "to": [ 6.5, -3, 4.5 ],
    "rotation": { "origin": [ 5.5, -3, 3.5 ], "axis": "x", "angle": -45 },
    "faces": {
        "down":  { "uv": [ 3.5, 4.25, 3.75, 4.5 ], "texture": "#texture" },
        "up":    { "uv": [ 3.5, 3.25, 3.75, 3.5 ], "texture": "#texture" },
        "north": { "uv": [ 3.5, 3.25, 3.75, 4.5 ], "texture": "#texture" },
        "south": { "uv": [ 3.5, 3.25, 3.75, 4.5 ], "texture": "#texture" },
        "west":  { "uv": [ 3.5, 3.25, 3.75, 4.5 ], "texture": "#texture" },
        "east":  { "uv": [ 3.5, 3.25, 3.75, 4.5 ], "texture": "#texture" }
    }
},
{
    "__comment": "Cube 0",
    "from": [ 9.5, -4, 10 ],
    "to": [ 10.5, 0, 11 ],
    "rotation": { "origin": [ 9.5, 0, 10 ], "axis": "x", "angle": -22.5 },
    "faces": {
        "down":  { "uv": [ 3.5, 2.75, 3.75, 3 ], "texture": "#texture" },
        "up":    { "uv": [ 3.5, 2, 3.75, 2.25 ], "texture": "#texture" },
        "north": { "uv": [ 3.5, 2, 3.75, 3 ], "texture": "#texture" },
        "south": { "uv": [ 3.5, 2, 3.75, 3 ], "texture": "#texture" },
        "west":  { "uv": [ 3.5, 2, 3.75, 3 ], "texture": "#texture" },
        "east":  { "uv": [ 3.5, 2, 3.75, 3 ], "texture": "#texture" }
    }
},
{
    "__comment": "Cube 0",
    "from": [ 9.5, -7.5, 11.5 ],
    "to": [ 10.5, -2.5, 12.5 ],
    "rotation": { "origin": [ 9.5, -2.5, 11.5 ], "axis": "x", "angle": 45 },
    "faces": {
        "down":  { "uv": [ 3.5, 4.25, 3.75, 4.5 ], "texture": "#texture" },
        "up":    { "uv": [ 3.5, 3.25, 3.75, 3.5 ], "texture": "#texture" },
        "north": { "uv": [ 3.5, 3.25, 3.75, 4.5 ], "texture": "#texture" },
        "south": { "uv": [ 3.5, 3.25, 3.75, 4.5 ], "texture": "#texture" },
        "west":  { "uv": [ 3.5, 3.25, 3.75, 4.5 ], "texture": "#texture" },
        "east":  { "uv": [ 3.5, 3.25, 3.75, 4.5 ], "texture": "#texture" }
    }
},
{
    "__comment": "Cube 45",
    "from": [ 8, 5, 3.0625 ],
    "to": [ 15, 9, 10.0625 ],
    "rotation": { "origin": [ 8, 5, 3.0625 ], "axis": "y", "angle": -45 },
    "faces": {
        "down":  { "uv": [ 4, 0, 5.75, 1.75 ], "texture": "#plao_probe3" },
        "up":    { "uv": [ 4, 0, 5.75, 1.75 ], "texture": "#plao_probe3" },
        "north": { "uv": [ 4, 1.75, 5.75, 2.75 ], "texture": "#plao_probe3" },
        "south": { "uv": [ 4, 1.75, 5.75, 2.75 ], "texture": "#plao_probe3" },
        "west":  { "uv": [ 5.75, 1.75, 4, 2.75 ], "texture": "#plao_probe3" },
        "east":  { "uv": [ 5.75, 1.75, 4, 2.75 ], "texture": "#plao_probe3" }
    }
},
{
    "__comment": "Cube 45",
    "from": [ 8, 9, 3.75 ],
    "to": [ 14, 14, 9.75 ],
    "rotation": { "origin": [ 8, 9, 3.75 ], "axis": "y", "angle": -45 },
    "faces": {
        "down":  { "uv": [ 6.25, 0, 7.75, 1.5 ], "texture": "#plao_probe3" },
        "up":    { "uv": [ 6.25, 0, 7.75, 1.5 ], "texture": "#plao_probe3" },
        "north": { "uv": [ 6.25, 1.5, 7.75, 2.75 ], "texture": "#plao_probe3" },
        "south": { "uv": [ 8, 1.5, 9.5, 2.75 ], "texture": "#plao_probe3" },
        "west":  { "uv": [ 7.75, 1.5, 6.25, 2.75 ], "texture": "#plao_probe3" },
        "east":  { "uv": [ 7.75, 1.5, 6.25, 2.75 ], "texture": "#plao_probe3" }
    }
},
{
    "__comment": "Cube 45",
    "from": [ 8, 14, 4.5 ],
    "to": [ 13, 16, 9.5 ],
    "rotation": { "origin": [ 8, 14, 4.5 ], "axis": "y", "angle": -45 },
    "faces": {
        "down":  { "uv": [ 9.75, 0.25, 11, 1.5 ], "texture": "#plao_probe3" },
        "up":    { "uv": [ 9.75, 0.25, 11, 1.5 ], "texture": "#plao_probe3" },
        "north": { "uv": [ 9.75, 1.5, 11, 2 ], "texture": "#plao_probe3" },
        "south": { "uv": [ 9.75, 1.5, 11, 2 ], "texture": "#plao_probe3" },
        "west":  { "uv": [ 11, 1.5, 9.75, 2 ], "texture": "#plao_probe3" },
        "east":  { "uv": [ 11, 1.5, 9.75, 2 ], "texture": "#plao_probe3" }
    }
},
{
    "__comment": "Cube 45",
    "from": [ 8, 4.5, 2.3125 ],
    "to": [ 16, 5.5, 10.3125 ],
    "rotation": { "origin": [ 8, 4.5, 2.3125 ], "axis": "y", "angle": -45 },
    "faces": {
        "down":  { "uv": [ 0, 2, 2, 4 ], "texture": "#plao_probe3" },
        "up":    { "uv": [ 0, 2, 2, 4 ], "texture": "#plao_probe3" },
        "north": { "uv": [ 2, 2, 0, 2.25 ], "texture": "#plao_probe3" },
        "south": { "uv": [ 0, 3.75, 2, 4 ], "texture": "#plao_probe3" },
        "west":  { "uv": [ 0, 4, 0.25, 2 ], "rotation": 90, "texture": "#plao_probe3" },
        "east":  { "uv": [ 1.75, 2, 2, 4 ], "rotation": 90, "texture": "#plao_probe3" }
    }
},
{
    "__comment": "Cube 45",
    "from": [ 8, 2, 5.3125 ],
    "to": [ 12, 4.5, 9.3125 ],
    "rotation": { "origin": [ 8, 2, 5.3125 ], "axis": "y", "angle": -45 },
    "faces": {
        "down":  { "uv": [ 2.5, 0, 3.75, 1.25 ], "texture": "#plao_probe3" },
        "up":    { "uv": [ 1.25, 0, 2.5, 1.25 ], "texture": "#plao_probe3" },
        "north": { "uv": [ 0, 1.25, 1.25, 2 ], "texture": "#plao_probe3" },
        "south": { "uv": [ 0, 1.25, 1.25, 2 ], "texture": "#plao_probe3" },
        "west":  { "uv": [ 0, 1.25, 1.25, 2 ], "texture": "#plao_probe3" },
        "east":  { "uv": [ 0, 1.25, 1.25, 2 ], "texture": "#plao_probe3" }
    }
},
{
    "__comment": "Cube 45",
    "from": [ 8.1875, 0, 3.625 ],
    "to": [ 14.1875, 2, 9.625 ],
    "rotation": { "origin": [ 8.1875, 0, 3.625 ], "axis": "y", "angle": -45 },
    "faces": {
        "down":  { "uv": [ 2, 2.75, 3.25, 4 ], "texture": "#plao_probe3" },
        "up":    { "uv": [ 2, 2.75, 3.25, 4 ], "texture": "#plao_probe3" },
        "north": { "uv": [ 2, 4, 3.25, 4.5 ], "texture": "#plao_probe3" },
        "south": { "uv": [ 2, 4, 3.25, 4.5 ], "texture": "#plao_probe3" },
        "west":  { "uv": [ 2, 4, 3.25, 4.5 ], "texture": "#plao_probe3" },
        "east":  { "uv": [ 2, 4, 3.25, 4.5 ], "texture": "#plao_probe3" }
    }
},
{
    "__comment": "Cube 45",
    "from": [ 8, 16, 5.875 ],
    "to": [ 11, 17, 8.875 ],
    "rotation": { "origin": [ 8, 16, 5.875 ], "axis": "y", "angle": -45 },
    "faces": {
        "down":  { "uv": [ 0, 2, 0.75, 2.75 ], "texture": "#plao_probe3" },
        "up":    { "uv": [ 0, 2, 0.75, 2.75 ], "texture": "#plao_probe3" },
        "north": { "uv": [ 0.75, 2, 0, 2.25 ], "texture": "#plao_probe3" },
        "south": { "uv": [ 0, 2.5, 0.75, 2.75 ], "texture": "#plao_probe3" },
        "west":  { "uv": [ 0.5, 2, 0.75, 2.75 ], "rotation": 90, "texture": "#plao_probe3" },
        "east":  { "uv": [ 0, 2.75, 0.25, 2 ], "rotation": 90, "texture": "#plao_probe3" }
    }
},
{
    "__comment": "Cube 45",
    "from": [ 5, -3.5, 7.5 ],
    "to": [ 6, 0.5, 8.5 ],
    "faces": {
        "down":  { "uv": [ 3.5, 2.75, 3.75, 3 ], "texture": "#plao_probe3" },
        "up":    { "uv": [ 3.5, 2, 3.75, 2.25 ], "texture": "#plao_probe3" },
        "north": { "uv": [ 3.5, 2, 3.75, 3 ], "texture": "#plao_probe3" },
        "south": { "uv": [ 3.5, 2, 3.75, 3 ], "texture": "#plao_probe3" },
        "west":  { "uv": [ 3.5, 2, 3.75, 3 ], "texture": "#plao_probe3" },
        "east":  { "uv": [ 3.5, 2, 3.75, 3 ], "texture": "#plao_probe3" }
    }
},
{
    "__comment": "Cube 45",
    "from": [ 5, -8, 7.5 ],
    "to": [ 6, -3, 8.5 ],
    "faces": {
        "down":  { "uv": [ 3.5, 4.25, 3.75, 4.5 ], "texture": "#plao_probe3" },
        "up":    { "uv": [ 3.5, 3.25, 3.75, 3.5 ], "texture": "#plao_probe3" },
        "north": { "uv": [ 3.5, 3.25, 3.75, 4.5 ], "texture": "#plao_probe3" },
        "south": { "uv": [ 3.5, 3.25, 3.75, 4.5 ], "texture": "#plao_probe3" },
        "west":  { "uv": [ 3.5, 3.25, 3.75, 4.5 ], "texture": "#plao_probe3" },
        "east":  { "uv": [ 3.5, 3.25, 3.75, 4.5 ], "texture": "#plao_probe3" }
    }
},
{
    "__comment": "Cube 45",
    "from": [ 10.5, -4, 7.5 ],
    "to": [ 11.5, 0, 8.5 ],
    "faces": {
        "down":  { "uv": [ 3.5, 2.75, 3.75, 3 ], "texture": "#plao_probe3" },
        "up":    { "uv": [ 3.5, 2, 3.75, 2.25 ], "texture": "#plao_probe3" },
        "north": { "uv": [ 3.5, 2, 3.75, 3 ], "texture": "#plao_probe3" },
        "south": { "uv": [ 3.5, 2, 3.75, 3 ], "texture": "#plao_probe3" },
        "west":  { "uv": [ 3.5, 2, 3.75, 3 ], "texture": "#plao_probe3" },
        "east":  { "uv": [ 3.5, 2, 3.75, 3 ], "texture": "#plao_probe3" }
    }
},
{
    "__comment": "Cube 45",
    "from": [ 10.5, -8.5, 7.5 ],
    "to": [ 11.5, -3.5, 8.5 ],
    "faces": {
        "down":  { "uv": [ 3.5, 4.25, 3.75, 4.5 ], "texture": "#plao_probe3" },
        "up":    { "uv": [ 3.5, 3.25, 3.75, 3.5 ], "texture": "#plao_probe3" },
        "north": { "uv": [ 3.5, 3.25, 3.75, 4.5 ], "texture": "#plao_probe3" },
        "south": { "uv": [ 3.5, 3.25, 3.75, 4.5 ], "texture": "#plao_probe3" },
        "west":  { "uv": [ 3.5, 3.25, 3.75, 4.5 ], "texture": "#plao_probe3" },
        "east":  { "uv": [ 3.5, 3.25, 3.75, 4.5 ], "texture": "#plao_probe3" }
    }
},
{
    "__comment": "Cube 45",
    "from": [ 7.75, -3.5, 4.5 ],
    "to": [ 8.75, 0.5, 5.5 ],
    "faces": {
        "down":  { "uv": [ 3.5, 2.75, 3.75, 3 ], "texture": "#plao_probe3" },
        "up":    { "uv": [ 3.5, 2, 3.75, 2.25 ], "texture": "#plao_probe3" },
        "north": { "uv": [ 3.5, 2, 3.75, 3 ], "texture": "#plao_probe3" },
        "south": { "uv": [ 3.5, 2, 3.75, 3 ], "texture": "#plao_probe3" },
        "west":  { "uv": [ 3.5, 2, 3.75, 3 ], "texture": "#plao_probe3" },
        "east":  { "uv": [ 3.5, 2, 3.75, 3 ], "texture": "#plao_probe3" }
    }
},
{
    "__comment": "Cube 45",
    "from": [ 7.75, -8, 4.5 ],
    "to": [ 8.75, -3, 5.5 ],
    "faces": {
        "down":  { "uv": [ 3.5, 4.25, 3.75, 4.5 ], "texture": "#plao_probe3" },
        "up":    { "uv": [ 3.5, 3.25, 3.75, 3.5 ], "texture": "#plao_probe3" },
        "north": { "uv": [ 3.5, 3.25, 3.75, 4.5 ], "texture": "#plao_probe3" },
        "south": { "uv": [ 3.5, 3.25, 3.75, 4.5 ], "texture": "#plao_probe3" },
        "west":  { "uv": [ 3.5, 3.25, 3.75, 4.5 ], "texture": "#plao_probe3" },
        "east":  { "uv": [ 3.5, 3.25, 3.75, 4.5 ], "texture": "#plao_probe3" }
    }
},
{
    "__comment": "Cube 45",
    "from": [ 7.75, -4, 10.75 ],
    "to": [ 8.75, 0, 11.75 ],
    "faces": {
        "down":  { "uv": [ 3.5, 2.75, 3.75, 3 ], "texture": "#plao_probe3" },
        "up":    { "uv": [ 3.5, 2, 3.75, 2.25 ], "texture": "#plao_probe3" },
        "north": { "uv": [ 3.5, 2, 3.75, 3 ], "texture": "#plao_probe3" },
        "south": { "uv": [ 3.5, 2, 3.75, 3 ], "texture": "#plao_probe3" },
        "west":  { "uv": [ 3.5, 2, 3.75, 3 ], "texture": "#plao_probe3" },
        "east":  { "uv": [ 3.5, 2, 3.75, 3 ], "texture": "#plao_probe3" }
    }
},
{
    "__comment": "Cube 45",
    "from": [ 7.75, -8.5, 10.75 ],
    "to": [ 8.75, -3.5, 11.75 ],
    "faces": {
        "down":  { "uv": [ 3.5, 4.25, 3.75, 4.5 ], "texture": "#plao_probe3" },
        "up":    { "uv": [ 3.5, 3.25, 3.75, 3.5 ], "texture": "#plao_probe3" },
        "north": { "uv": [ 3.5, 3.25, 3.75, 4.5 ], "texture": "#plao_probe3" },
        "south": { "uv": [ 3.5, 3.25, 3.75, 4.5 ], "texture": "#plao_probe3" },
        "west":  { "uv": [ 3.5, 3.25, 3.75, 4.5 ], "texture": "#plao_probe3" },
        "east":  { "uv": [ 3.5, 3.25, 3.75, 4.5 ], "texture": "#plao_probe3" }
    }
},
{
    "__comment": "Cube 67.5",
    "from": [ 3.4375, 5, 6.125 ],
    "to": [ 10.4375, 9, 13.125 ],
    "rotation": { "origin": [ 3.4375, 5, 6.125 ], "axis": "y", "angle": 22.5 },
    "faces": {
        "down":  { "uv": [ 4, 0, 5.75, 1.75 ], "texture": "#plao_probe4" },
        "up":    { "uv": [ 4, 0, 5.75, 1.75 ], "texture": "#plao_probe4" },
        "north": { "uv": [ 4, 1.75, 5.75, 2.75 ], "texture": "#plao_probe4" },
        "south": { "uv": [ 4, 1.75, 5.75, 2.75 ], "texture": "#plao_probe4" },
        "west":  { "uv": [ 5.75, 1.75, 4, 2.75 ], "texture": "#plao_probe4" },
        "east":  { "uv": [ 5.75, 1.75, 4, 2.75 ], "texture": "#plao_probe4" }
    }
},
{
    "__comment": "Cube 67.5",
    "from": [ 4.0625, 9, 6.375 ],
    "to": [ 10.0625, 14, 12.375 ],
    "rotation": { "origin": [ 4.0625, 9, 6.375 ], "axis": "y", "angle": 22.5 },
    "faces": {
        "down":  { "uv": [ 6.25, 0, 7.75, 1.5 ], "texture": "#plao_probe4" },
        "up":    { "uv": [ 6.25, 0, 7.75, 1.5 ], "texture": "#plao_probe4" },
        "north": { "uv": [ 6.25, 1.5, 7.75, 2.75 ], "texture": "#plao_probe4" },
        "south": { "uv": [ 8, 1.5, 9.5, 2.75 ], "texture": "#plao_probe4" },
        "west":  { "uv": [ 7.75, 1.5, 6.25, 2.75 ], "texture": "#plao_probe4" },
        "east":  { "uv": [ 7.75, 1.5, 6.25, 2.75 ], "texture": "#plao_probe4" }
    }
},
{
    "__comment": "Cube 67.5",
    "from": [ 4.75, 14, 6.6875 ],
    "to": [ 9.75, 16, 11.6875 ],
    "rotation": { "origin": [ 4.75, 14, 6.6875 ], "axis": "y", "angle": 22.5 },
    "faces": {
        "down":  { "uv": [ 9.75, 0.25, 11, 1.5 ], "texture": "#plao_probe4" },
        "up":    { "uv": [ 9.75, 0.25, 11, 1.5 ], "texture": "#plao_probe4" },
        "north": { "uv": [ 9.75, 1.5, 11, 2 ], "texture": "#plao_probe4" },
        "south": { "uv": [ 9.75, 1.5, 11, 2 ], "texture": "#plao_probe4" },
        "west":  { "uv": [ 11, 1.5, 9.75, 2 ], "texture": "#plao_probe4" },
        "east":  { "uv": [ 11, 1.5, 9.75, 2 ], "texture": "#plao_probe4" }
    }
},
{
    "__comment": "Cube 67.5",
    "from": [ 2.75, 4.5, 5.8125 ],
    "to": [ 10.75, 5.5, 13.8125 ],
    "rotation": { "origin": [ 2.75, 4.5, 5.8125 ], "axis": "y", "angle": 22.5 },
    "faces": {
        "down":  { "uv": [ 0, 2, 2, 4 ], "texture": "#plao_probe4" },
        "up":    { "uv": [ 0, 2, 2, 4 ], "texture": "#plao_probe4" },
        "north": { "uv": [ 2, 2, 0, 2.25 ], "texture": "#plao_probe4" },
        "south": { "uv": [ 0, 3.75, 2, 4 ], "texture": "#plao_probe4" },
        "west":  { "uv": [ 0, 4, 0.25, 2 ], "rotation": 90, "texture": "#plao_probe4" },
        "east":  { "uv": [ 1.75, 2, 2, 4 ], "rotation": 90, "texture": "#plao_probe4" }
    }
},
{
    "__comment": "Cube 67.5",
    "from": [ 5.5, 2, 7 ],
    "to": [ 9.5, 4.5, 11 ],
    "rotation": { "origin": [ 5.5, 2, 7 ], "axis": "y", "angle": 22.5 },
    "faces": {
        "down":  { "uv": [ 2.5, 0, 3.75, 1.25 ], "texture": "#plao_probe4" },
        "up":    { "uv": [ 1.25, 0, 2.5, 1.25 ], "texture": "#plao_probe4" },
        "north": { "uv": [ 0, 1.25, 1.25, 2 ], "texture": "#plao_probe4" },
        "south": { "uv": [ 0, 1.25, 1.25, 2 ], "texture": "#plao_probe4" },
        "west":  { "uv": [ 0, 1.25, 1.25, 2 ], "texture": "#plao_probe4" },
        "east":  { "uv": [ 0, 1.25, 1.25, 2 ], "texture": "#plao_probe4" }
    }
},
{
    "__comment": "Cube 67.5",
    "from": [ 4.4375, 0, 6.25 ],
    "to": [ 10.4375, 2, 12.25 ],
    "rotation": { "origin": [ 4.4375, 0, 6.25 ], "axis": "y", "angle": 22.5 },
    "faces": {
        "down":  { "uv": [ 2, 2.75, 3.25, 4 ], "texture": "#plao_probe4" },
        "up":    { "uv": [ 2, 2.75, 3.25, 4 ], "texture": "#plao_probe4" },
        "north": { "uv": [ 2, 4, 3.25, 4.5 ], "texture": "#plao_probe4" },
        "south": { "uv": [ 2, 4, 3.25, 4.5 ], "texture": "#plao_probe4" },
        "west":  { "uv": [ 2, 4, 3.25, 4.5 ], "texture": "#plao_probe4" },
        "east":  { "uv": [ 2, 4, 3.25, 4.5 ], "texture": "#plao_probe4" }
    }
},
{
    "__comment": "Cube 67.5",
    "from": [ 6.0625, 16, 7.1875 ],
    "to": [ 9.0625, 17, 10.1875 ],
    "rotation": { "origin": [ 6.0625, 16, 7.1875 ], "axis": "y", "angle": 22.5 },
    "faces": {
        "down":  { "uv": [ 0, 2, 0.75, 2.75 ], "texture": "#plao_probe4" },
        "up":    { "uv": [ 0, 2, 0.75, 2.75 ], "texture": "#plao_probe4" },
        "north": { "uv": [ 0.75, 2, 0, 2.25 ], "texture": "#plao_probe4" },
        "south": { "uv": [ 0, 2.5, 0.75, 2.75 ], "texture": "#plao_probe4" },
        "west":  { "uv": [ 0.5, 2, 0.75, 2.75 ], "rotation": 90, "texture": "#plao_probe4" },
        "east":  { "uv": [ 0, 2.75, 0.25, 2 ], "rotation": 90, "texture": "#plao_probe4" }
    }
},
{
    "__comment": "Cube 67.5",
    "from": [ 5, -3.5, 6.25 ],
    "to": [ 6, 0.5, 7.25 ],
    "rotation": { "origin": [ 5, 0.5, 6.25 ], "axis": "x", "angle": 22.5 },
    "faces": {
        "down":  { "uv": [ 3.5, 2.75, 3.75, 3 ], "texture": "#plao_probe4" },
        "up":    { "uv": [ 3.5, 2, 3.75, 2.25 ], "texture": "#plao_probe4" },
        "north": { "uv": [ 3.5, 2, 3.75, 3 ], "texture": "#plao_probe4" },
        "south": { "uv": [ 3.5, 2, 3.75, 3 ], "texture": "#plao_probe4" },
        "west":  { "uv": [ 3.5, 2, 3.75, 3 ], "texture": "#plao_probe4" },
        "east":  { "uv": [ 3.5, 2, 3.75, 3 ], "texture": "#plao_probe4" }
    }
},
{
    "__comment": "Cube 67.5",
    "from": [ 5, -8, 4.75 ],
    "to": [ 6, -3, 5.75 ],
    "rotation": { "origin": [ 5, -3, 4.75 ], "axis": "x", "angle": -45 },
    "faces": {
        "down":  { "uv": [ 3.5, 4.25, 3.75, 4.5 ], "texture": "#plao_probe4" },
        "up":    { "uv": [ 3.5, 3.25, 3.75, 3.5 ], "texture": "#plao_probe4" },
        "north": { "uv": [ 3.5, 3.25, 3.75, 4.5 ], "texture": "#plao_probe4" },
        "south": { "uv": [ 3.5, 3.25, 3.75, 4.5 ], "texture": "#plao_probe4" },
        "west":  { "uv": [ 3.5, 3.25, 3.75, 4.5 ], "texture": "#plao_probe4" },
        "east":  { "uv": [ 3.5, 3.25, 3.75, 4.5 ], "texture": "#plao_probe4" }
    }
},
{
    "__comment": "Cube 67.5",
    "from": [ 10.5, -4, 8.75 ],
    "to": [ 11.5, 0, 9.75 ],
    "rotation": { "origin": [ 10.5, 0, 8.75 ], "axis": "x", "angle": -22.5 },
    "faces": {
        "down":  { "uv": [ 3.5, 2.75, 3.75, 3 ], "texture": "#plao_probe4" },
        "up":    { "uv": [ 3.5, 2, 3.75, 2.25 ], "texture": "#plao_probe4" },
        "north": { "uv": [ 3.5, 2, 3.75, 3 ], "texture": "#plao_probe4" },
        "south": { "uv": [ 3.5, 2, 3.75, 3 ], "texture": "#plao_probe4" },
        "west":  { "uv": [ 3.5, 2, 3.75, 3 ], "texture": "#plao_probe4" },
        "east":  { "uv": [ 3.5, 2, 3.75, 3 ], "texture": "#plao_probe4" }
    }
},
{
    "__comment": "Cube 67.5",
    "from": [ 10.5, -7.75, 10.25 ],
    "to": [ 11.5, -2.75, 11.25 ],
    "rotation": { "origin": [ 10.5, -2.75, 10.25 ], "axis": "x", "angle": 45 },
    "faces": {
        "down":  { "uv": [ 3.5, 4.25, 3.75, 4.5 ], "texture": "#plao_probe4" },
        "up":    { "uv": [ 3.5, 3.25, 3.75, 3.5 ], "texture": "#plao_probe4" },
        "north": { "uv": [ 3.5, 3.25, 3.75, 4.5 ], "texture": "#plao_probe4" },
        "south": { "uv": [ 3.5, 3.25, 3.75, 4.5 ], "texture": "#plao_probe4" },
        "west":  { "uv": [ 3.5, 3.25, 3.75, 4.5 ], "texture": "#plao_probe4" },
        "east":  { "uv": [ 3.5, 3.25, 3.75, 4.5 ], "texture": "#plao_probe4" }
    }
},
{
    "__comment": "Cube 67.5",
    "from": [ 9, -3.5, 4.5 ],
    "to": [ 10, 0.5, 5.5 ],
    "rotation": { "origin": [ 9, 0.5, 4.5 ], "axis": "z", "angle": 22.5 },
    "faces": {
        "down":  { "uv": [ 3.5, 2.75, 3.75, 3 ], "texture": "#plao_probe4" },
        "up":    { "uv": [ 3.5, 2, 3.75, 2.25 ], "texture": "#plao_probe4" },
        "north": { "uv": [ 3.5, 2, 3.75, 3 ], "texture": "#plao_probe4" },
        "south": { "uv": [ 3.5, 2, 3.75, 3 ], "texture": "#plao_probe4" },
        "west":  { "uv": [ 3.5, 2, 3.75, 3 ], "texture": "#plao_probe4" },
        "east":  { "uv": [ 3.5, 2, 3.75, 3 ], "texture": "#plao_probe4" }
    }
},
{
    "__comment": "Cube 67.5",
    "from": [ 10.5, -7.25, 4.5 ],
    "to": [ 11.5, -2.25, 5.5 ],
    "rotation": { "origin": [ 10.5, -2.25, 4.5 ], "axis": "z", "angle": -45 },
    "faces": {
        "down":  { "uv": [ 3.5, 4.25, 3.75, 4.5 ], "texture": "#plao_probe4" },
        "up":    { "uv": [ 3.5, 3.25, 3.75, 3.5 ], "texture": "#plao_probe4" },
        "north": { "uv": [ 3.5, 3.25, 3.75, 4.5 ], "texture": "#plao_probe4" },
        "south": { "uv": [ 3.5, 3.25, 3.75, 4.5 ], "texture": "#plao_probe4" },
        "west":  { "uv": [ 3.5, 3.25, 3.75, 4.5 ], "texture": "#plao_probe4" },
        "east":  { "uv": [ 3.5, 3.25, 3.75, 4.5 ], "texture": "#plao_probe4" }
    }
},
{
    "__comment": "Cube 67.5",
    "from": [ 6.75, -3.5, 10.25 ],
    "to": [ 7.75, 0.5, 11.25 ],
    "rotation": { "origin": [ 6.75, 0.5, 10.25 ], "axis": "z", "angle": -22.5 },
    "faces": {
        "down":  { "uv": [ 3.5, 2.75, 3.75, 3 ], "texture": "#plao_probe4" },
        "up":    { "uv": [ 3.5, 2, 3.75, 2.25 ], "texture": "#plao_probe4" },
        "north": { "uv": [ 3.5, 2, 3.75, 3 ], "texture": "#plao_probe4" },
        "south": { "uv": [ 3.5, 2, 3.75, 3 ], "texture": "#plao_probe4" },
        "west":  { "uv": [ 3.5, 2, 3.75, 3 ], "texture": "#plao_probe4" },
        "east":  { "uv": [ 3.5, 2, 3.75, 3 ], "texture": "#plao_probe4" }
    }
},
{
    "__comment": "Cube 67.5",
    "from": [ 5.25, -8.25, 10.25 ],
    "to": [ 6.25, -3.25, 11.25 ],
    "rotation": { "origin": [ 5.25, -3.25, 10.25 ], "axis": "z", "angle": 45 },
    "faces": {
        "down":  { "uv": [ 3.5, 4.25, 3.75, 4.5 ], "texture": "#plao_probe4" },
        "up":    { "uv": [ 3.5, 3.25, 3.75, 3.5 ], "texture": "#plao_probe4" },
        "north": { "uv": [ 3.5, 3.25, 3.75, 4.5 ], "texture": "#plao_probe4" },
        "south": { "uv": [ 3.5, 3.25, 3.75, 4.5 ], "texture": "#plao_probe4" },
        "west":  { "uv": [ 3.5, 3.25, 3.75, 4.5 ], "texture": "#plao_probe4" },
        "east":  { "uv": [ 3.5, 3.25, 3.75, 4.5 ], "texture": "#plao_probe4" }
    }
}
],
"display": {
    "thirdperson_righthand": {
        "rotation": [ 0, 0, 0 ],
        "translation": [ 0, 0, 0 ],
        "scale": [ 1, 1, 1 ]
    },
    "thirdperson_lefthand": {
        "rotation": [ 0, 0, 0 ],
        "translation": [ 0, 0, 0 ],
        "scale": [ 1, 1, 1 ]
    },
    "head": {
        "rotation": [ 0, 0, 0 ],
        "translation": [ 0, -4.16, 0 ],
        "scale": [ 2.5, 2.5, 2.5 ]
    },
    "ground": {
        "rotation": [ 0, 0, 45 ],
        "translation": [ 0, 7.75, 0 ],
        "scale": [ 0.5, 0.5, 0.5 ]
    },
    "fixed": {
        "rotation": [ 0, 0, 45 ],
        "translation": [ -1.13, 1.32, 0 ],
        "scale": [ 0.75, 0.75, 0.75 ]
    },
    "firstperson_righthand": {
        "rotation": [ -14, 0, 0 ],
        "translation": [ 0, 5.29, 0.38 ],
        "scale": [ 0.5, 0.5, 0.5 ]
    },
    "firstperson_lefthand": {
        "rotation": [ -14, 0, 0 ],
        "translation": [ 0, 5.29, 0.38 ],
        "scale": [ 0.5, 0.5, 0.5 ]
    },
    "gui": {
        "rotation": [ 0, 180, 45 ],
        "translation": [ 0.94, 0.76, 0 ],
        "scale": [ 0.5, 0.5, 0.5 ]
    }
}
}