{
"__comment": "Designed by MasterianoX",
"textures": {
    "particle": "entity/plao_hunter/plao_hunter",
    "texture": "entity/plao_hunter/plao_hunter"
},
"elements": [ 
{
    "from": [ 5, 0, 4 ],
    "to": [ 11, 3, 5 ],
    "faces": {
        "down":  { "uv": [ 1.5, 3, 0, 3.25 ], "texture": "#texture" },
        "up":    { "uv": [ 1.5, 2.5, 0, 2.75 ], "texture": "#texture" },
        "north": { "uv": [ 0, 2.5, 1.5, 3.25 ], "texture": "#texture" },
        "south": { "uv": [ 1.5, 2.5, 0, 3.25 ], "texture": "#texture" },
        "west":  { "uv": [ 1.25, 2.5, 1.5, 3.25 ], "texture": "#texture" },
        "east":  { "uv": [ 0, 2.5, 0.25, 3.25 ], "texture": "#texture" }
    }
},
{
    "from": [ 3.25, 0, 4.75 ],
    "to": [ 5.25, 4, 5.75 ],
    "rotation": { "origin": [ 3.25, 0, 4.75 ], "axis": "y", "angle": 22.5 },
    "faces": {
        "down":  { "uv": [ 0, 4.25, 0.5, 4.5 ], "rotation": 180, "texture": "#texture" },
        "up":    { "uv": [ 0, 3.5, 0.5, 3.75 ], "rotation": 180, "texture": "#texture" },
        "north": { "uv": [ 0, 3.5, 0.5, 4.5 ], "texture": "#texture" },
        "south": { "uv": [ 0, 3.5, 0.5, 4.5 ], "texture": "#texture" },
        "west":  { "uv": [ 0.25, 3.5, 0.5, 4.5 ], "texture": "#texture" },
        "east":  { "uv": [ 0, 3.5, 0.25, 4.5 ], "texture": "#texture" }
    }
},
{
    "from": [ 3.20287, 0, 4.75 ],
    "to": [ 4.20287, 5, 6.75 ],
    "rotation": { "origin": [ 3.20287, 0, 4.75 ], "axis": "y", "angle": -22.5 },
    "faces": {
        "down":  { "uv": [ 0.5, 5.75, 0, 6 ], "rotation": 90, "texture": "#texture" },
        "up":    { "uv": [ 0, 4.75, 0.5, 5 ], "rotation": 90, "texture": "#texture" },
        "north": { "uv": [ 0, 4.75, 0.25, 6 ], "texture": "#texture" },
        "south": { "uv": [ 0.25, 4.75, 0.5, 6 ], "texture": "#texture" },
        "west":  { "uv": [ 0, 4.75, 0.5, 6 ], "texture": "#texture" },
        "east":  { "uv": [ 0, 4.75, 0.5, 6 ], "texture": "#texture" }
    }
},
{
    "from": [ 11, 0, 4 ],
    "to": [ 13, 4, 5 ],
    "rotation": { "origin": [ 11, 0, 4 ], "axis": "y", "angle": -22.5 },
    "faces": {
        "down":  { "uv": [ 1.25, 4.25, 0.75, 4.5 ], "texture": "#texture" },
        "up":    { "uv": [ 1.25, 3.5, 0.75, 3.75 ], "texture": "#texture" },
        "north": { "uv": [ 0.75, 3.5, 1.25, 4.5 ], "texture": "#texture" },
        "south": { "uv": [ 0.75, 3.5, 1.25, 4.5 ], "texture": "#texture" },
        "west":  { "uv": [ 1, 3.5, 1.25, 4.5 ], "texture": "#texture" },
        "east":  { "uv": [ 0.75, 3.5, 1, 4.5 ], "texture": "#texture" }
    }
},
{
    "from": [ 12, 0, 5.125 ],
    "to": [ 13, 5, 7.125 ],
    "rotation": { "origin": [ 12, 0, 5.125 ], "axis": "y", "angle": 22.5 },
    "faces": {
        "down":  { "uv": [ 0.5, 7.25, 0, 7.5 ], "rotation": 90, "texture": "#texture" },
        "up":    { "uv": [ 0, 6.25, 0.5, 6.5 ], "rotation": 90, "texture": "#texture" },
        "north": { "uv": [ 0, 6.25, 0.25, 7.5 ], "texture": "#texture" },
        "south": { "uv": [ 0.25, 6.25, 0.5, 7.5 ], "texture": "#texture" },
        "west":  { "uv": [ 0, 6.25, 0.5, 7.5 ], "texture": "#texture" },
        "east":  { "uv": [ 0, 6.25, 0.5, 7.5 ], "texture": "#texture" }
    }
},
{
    "from": [ 2.5, 0, 8.5 ],
    "to": [ 3.5, 9, 14.5 ],
    "faces": {
        "down":  { "uv": [ 3.25, 4.25, 1.75, 4.5 ], "rotation": 90, "texture": "#texture" },
        "up":    { "uv": [ 1.75, 2.25, 3.25, 2.5 ], "rotation": 90, "texture": "#texture" },
        "north": { "uv": [ 1.75, 2.25, 2, 4.5 ], "texture": "#texture" },
        "south": { "uv": [ 3, 2.25, 3.25, 4.5 ], "texture": "#texture" },
        "west":  { "uv": [ 1.75, 2.25, 3.25, 4.5 ], "texture": "#texture" },
        "east":  { "uv": [ 3.25, 2.25, 1.75, 4.5 ], "texture": "#texture" }
    }
},
{
    "from": [ 3.25, 8.75, 8.5 ],
    "to": [ 4.25, 10.75, 14.5 ],
    "rotation": { "origin": [ 3.25, 10.75, 8.5 ], "axis": "z", "angle": -22.5 },
    "faces": {
        "down":  { "uv": [ 3.25, 5, 1.75, 5.25 ], "texture": "#texture" },
        "up":    { "uv": [ 1.75, 4.75, 3.25, 5 ], "rotation": 90, "texture": "#texture" },
        "north": { "uv": [ 1.75, 4.75, 2, 5.25 ], "texture": "#texture" },
        "south": { "uv": [ 3, 4.75, 3.25, 5.25 ], "texture": "#texture" },
        "west":  { "uv": [ 1.75, 4.75, 3.25, 5.25 ], "texture": "#texture" },
        "east":  { "uv": [ 3.25, 4.75, 1.75, 5.25 ], "texture": "#texture" }
    }
},
{
    "from": [ 3.25, 9.8125, 8.5 ],
    "to": [ 6.25, 10.8125, 14.5 ],
    "rotation": { "origin": [ 3.25, 10.8125, 8.5 ], "axis": "z", "angle": 22.5 },
    "faces": {
        "down":  { "uv": [ 5, 2.25, 3.5, 3 ], "rotation": 90, "texture": "#texture" },
        "up":    { "uv": [ 3.5, 2.25, 5, 3 ], "rotation": 90, "texture": "#texture" },
        "north": { "uv": [ 3.5, 3, 3.75, 2.25 ], "rotation": 90, "texture": "#texture" },
        "south": { "uv": [ 4.5, 2.25, 4.75, 3 ], "rotation": 90, "texture": "#texture" },
        "west":  { "uv": [ 3.5, 2.75, 5, 3 ], "texture": "#texture" },
        "east":  { "uv": [ 5, 2.25, 3.5, 2.5 ], "texture": "#texture" }
    }
},
{
    "from": [ 6.0625, 10.5, 7.5 ],
    "to": [ 10.0625, 12.5, 14.5 ],
    "faces": {
        "down":  { "uv": [ 3.5, 4, 5.25, 5 ], "rotation": 90, "texture": "#texture" },
        "up":    { "uv": [ 3.5, 4, 5.25, 5 ], "rotation": 90, "texture": "#texture" },
        "north": { "uv": [ 3.5, 3.25, 4.5, 3.75 ], "texture": "#texture" },
        "south": { "uv": [ 3.5, 3.25, 4.5, 3.75 ], "texture": "#texture" },
        "west":  { "uv": [ 4.75, 3.25, 6.5, 3.75 ], "texture": "#texture" },
        "east":  { "uv": [ 4.75, 3.25, 6.5, 3.75 ], "texture": "#texture" }
    }
},
{
    "from": [ 2.5, 0, 6.5 ],
    "to": [ 3.5, 6, 8.5 ],
    "faces": {
        "down":  { "uv": [ 1.25, 6, 0.75, 6.25 ], "rotation": 90, "texture": "#texture" },
        "up":    { "uv": [ 0.75, 4.75, 1.25, 5 ], "rotation": 90, "texture": "#texture" },
        "north": { "uv": [ 0.75, 4.75, 1, 6.25 ], "texture": "#texture" },
        "south": { "uv": [ 1, 4.75, 1.25, 6.25 ], "texture": "#texture" },
        "west":  { "uv": [ 0.75, 4.75, 1.25, 6.25 ], "texture": "#texture" },
        "east":  { "uv": [ 0.75, 4.75, 1.25, 6.25 ], "texture": "#texture" }
    }
},
{
    "from": [ 5, 8.9375, 5.9375 ],
    "to": [ 12.25, 9.9375, 8.9375 ],
    "rotation": { "origin": [ 5, 9.9375, 5.9375 ], "axis": "x", "angle": -22.5 },
    "faces": {
        "down":  { "uv": [ 15.75, 0, 16, 0.25 ], "texture": "#texture" },
        "up":    { "uv": [ 3.75, 1.25, 2.25, 0.625 ], "texture": "#texture" },
        "north": { "uv": [ 2.25, 1, 3.75, 1.25 ], "texture": "#texture" },
        "south": { "uv": [ 2.25, 0.5, 3.75, 0.75 ], "texture": "#texture" },
        "west":  { "uv": [ 2.25, 1.25, 2.5, 0.625 ], "rotation": 90, "texture": "#texture" },
        "east":  { "uv": [ 3.5, 1.25, 3.75, 0.625 ], "rotation": 90, "texture": "#texture" }
    }
},
{
    "from": [ 5, 7.875, 4.625 ],
    "to": [ 11, 8.125, 6.875 ],
    "rotation": { "origin": [ 5, 8.125, 4.625 ], "axis": "x", "angle": -45 },
    "faces": {
        "down":  { "uv": [ 15.75, 0, 16, 0.25 ], "texture": "#texture" },
        "up":    { "uv": [ 3.75, 2, 2.25, 1.5 ], "texture": "#texture" },
        "north": { "uv": [ 15.75, 0, 16, 0.25 ], "texture": "#texture" },
        "south": { "uv": [ 15.75, 0, 16, 0.25 ], "texture": "#texture" },
        "west":  { "uv": [ 15.75, 0, 16, 0.25 ], "texture": "#texture" },
        "east":  { "uv": [ 15.75, 0, 16, 0.25 ], "texture": "#texture" }
    }
},
{
    "from": [ 5, 3, 4.625 ],
    "to": [ 11, 8.125, 4.875 ],
    "faces": {
        "down":  { "uv": [ 15.75, 0, 16, 0.25 ], "texture": "#texture" },
        "up":    { "uv": [ 15.75, 0, 16, 0.25 ], "texture": "#texture" },
        "north": { "uv": [ 0, 0, 1.5, 1.25 ], "texture": "#texture" },
        "south": { "uv": [ 15.75, 0, 16, 0.25 ], "texture": "#texture" },
        "west":  { "uv": [ 15.75, 0, 16, 0.25 ], "texture": "#texture" },
        "east":  { "uv": [ 15.75, 0, 16, 0.25 ], "texture": "#texture" }
    }
},
{
    "from": [ 4, 3.125, 5 ],
    "to": [ 5.25, 8.125, 5.25 ],
    "rotation": { "origin": [ 4, 3.125, 5 ], "axis": "y", "angle": 22.5 },
    "faces": {
        "down":  { "uv": [ 15.75, 0, 16, 0.25 ], "texture": "#texture" },
        "up":    { "uv": [ 15.75, 0, 16, 0.25 ], "texture": "#texture" },
        "north": { "uv": [ 1.5, 0, 1.75, 1.25 ], "texture": "#texture" },
        "south": { "uv": [ 15.75, 0, 16, 0.25 ], "texture": "#texture" },
        "west":  { "uv": [ 15.75, 0, 16, 0.25 ], "texture": "#texture" },
        "east":  { "uv": [ 15.75, 0, 16, 0.25 ], "texture": "#texture" }
    }
},
{
    "from": [ 4, 5, 5 ],
    "to": [ 4.25, 8.125, 7 ],
    "rotation": { "origin": [ 4, 5, 5 ], "axis": "y", "angle": -22.5 },
    "faces": {
        "down":  { "uv": [ 15.75, 0, 16, 0.25 ], "texture": "#texture" },
        "up":    { "uv": [ 15.75, 0, 16, 0.25 ], "texture": "#texture" },
        "north": { "uv": [ 15.75, 0, 16, 0.25 ], "texture": "#texture" },
        "south": { "uv": [ 15.75, 0, 16, 0.25 ], "texture": "#texture" },
        "west":  { "uv": [ 1.5, 0, 2, 0.75 ], "texture": "#texture" },
        "east":  { "uv": [ 15.75, 0, 16, 0.25 ], "texture": "#texture" }
    }
},
{
    "from": [ 3.25, 6, 6.8125 ],
    "to": [ 3.5, 8.125, 8.5625 ],
    "faces": {
        "down":  { "uv": [ 15.75, 0, 16, 0.25 ], "texture": "#texture" },
        "up":    { "uv": [ 15.75, 0, 16, 0.25 ], "texture": "#texture" },
        "north": { "uv": [ 15.75, 0, 16, 0.25 ], "texture": "#texture" },
        "south": { "uv": [ 15.75, 0, 16, 0.25 ], "texture": "#texture" },
        "west":  { "uv": [ 1.75, 0, 1.25, 0.5 ], "texture": "#texture" },
        "east":  { "uv": [ 15.75, 0, 16, 0.25 ], "texture": "#texture" }
    }
},
{
    "from": [ 2, 8, 3 ],
    "to": [ 5, 11, 8.5 ],
    "faces": {
        "down":  { "uv": [ 5.5, 0, 4.25, 0.75 ], "rotation": 90, "texture": "#texture" },
        "up":    { "uv": [ 5.5, 0.75, 4.25, 0 ], "rotation": 90, "texture": "#texture" },
        "north": { "uv": [ 5.75, 0, 6.5, 0.75 ], "texture": "#texture" },
        "south": { "uv": [ 6.75, 0, 7.5, 0.75 ], "texture": "#texture" },
        "west":  { "uv": [ 4.25, 0, 5.5, 0.75 ], "texture": "#texture" },
        "east":  { "uv": [ 4.25, 0.75, 5.5, 0 ], "texture": "#texture" }
    }
},
{
    "from": [ 1.5, 7, 6.5 ],
    "to": [ 2.5, 9, 7.5 ],
    "faces": {
        "down":  { "uv": [ 4, 1.25, 4.25, 1.5 ], "texture": "#texture" },
        "up":    { "uv": [ 4, 1, 4.25, 1.25 ], "texture": "#texture" },
        "north": { "uv": [ 4, 1, 4.25, 1.5 ], "texture": "#texture" },
        "south": { "uv": [ 4, 1, 4.25, 1.5 ], "texture": "#texture" },
        "west":  { "uv": [ 4, 1, 4.25, 1.5 ], "texture": "#texture" },
        "east":  { "uv": [ 4, 1, 4.25, 1.5 ], "texture": "#texture" }
    }
},
{
    "from": [ 10.125, 11, 8.5 ],
    "to": [ 13.125, 12, 14.5 ],
    "rotation": { "origin": [ 10.125, 12, 8.5 ], "axis": "z", "angle": -22.5 },
    "faces": {
        "down":  { "uv": [ 5, 2.25, 3.5, 3 ], "rotation": 90, "texture": "#texture" },
        "up":    { "uv": [ 3.5, 2.25, 5, 3 ], "rotation": 90, "texture": "#texture" },
        "north": { "uv": [ 3.5, 3, 3.75, 2.25 ], "rotation": 90, "texture": "#texture" },
        "south": { "uv": [ 4.5, 2.25, 4.75, 3 ], "rotation": 90, "texture": "#texture" },
        "west":  { "uv": [ 3.5, 2.75, 5, 3 ], "texture": "#texture" },
        "east":  { "uv": [ 5, 2.25, 3.5, 2.5 ], "texture": "#texture" }
    }
},
{
    "from": [ 12, 8.4375, 8.5 ],
    "to": [ 13, 10.4375, 14.5 ],
    "rotation": { "origin": [ 12, 10.4375, 8.5 ], "axis": "z", "angle": 22.5 },
    "faces": {
        "down":  { "uv": [ 1.75, 5, 3.25, 5.25 ], "texture": "#texture" },
        "up":    { "uv": [ 3.25, 4.75, 1.75, 5 ], "rotation": 90, "texture": "#texture" },
        "north": { "uv": [ 1.75, 4.75, 2, 5.25 ], "texture": "#texture" },
        "south": { "uv": [ 3, 4.75, 3.25, 5.25 ], "texture": "#texture" },
        "west":  { "uv": [ 1.75, 4.75, 3.25, 5.25 ], "texture": "#texture" },
        "east":  { "uv": [ 3.25, 4.75, 1.75, 5.25 ], "texture": "#texture" }
    }
},
{
    "from": [ 11, 3.125, 4.625 ],
    "to": [ 12.25, 8.125, 4.875 ],
    "rotation": { "origin": [ 11, 3.125, 4.625 ], "axis": "y", "angle": -22.5 },
    "faces": {
        "down":  { "uv": [ 15.75, 0, 16, 0.25 ], "texture": "#texture" },
        "up":    { "uv": [ 15.75, 0, 16, 0.25 ], "texture": "#texture" },
        "north": { "uv": [ 1.5, 0, 1.75, 1.25 ], "texture": "#texture" },
        "south": { "uv": [ 15.75, 0, 16, 0.25 ], "texture": "#texture" },
        "west":  { "uv": [ 15.75, 0, 16, 0.25 ], "texture": "#texture" },
        "east":  { "uv": [ 15.75, 0, 16, 0.25 ], "texture": "#texture" }
    }
},
{
    "from": [ 11.875, 5, 5.0625 ],
    "to": [ 12.125, 8.125, 7.0625 ],
    "rotation": { "origin": [ 11.875, 5, 5.0625 ], "axis": "y", "angle": 22.5 },
    "faces": {
        "down":  { "uv": [ 15.75, 0, 16, 0.25 ], "texture": "#texture" },
        "up":    { "uv": [ 15.75, 0, 16, 0.25 ], "texture": "#texture" },
        "north": { "uv": [ 15.75, 0, 16, 0.25 ], "texture": "#texture" },
        "south": { "uv": [ 15.75, 0, 16, 0.25 ], "texture": "#texture" },
        "west":  { "uv": [ 15.75, 0, 16, 0.25 ], "texture": "#texture" },
        "east":  { "uv": [ 1.5, 0, 2, 0.75 ], "texture": "#texture" }
    }
},
{
    "from": [ 12.6875, 0, 6.5 ],
    "to": [ 13.6875, 6, 8.5 ],
    "faces": {
        "down":  { "uv": [ 1.25, 7.75, 0.75, 8 ], "rotation": 90, "texture": "#texture" },
        "up":    { "uv": [ 0.75, 6.5, 1.25, 6.75 ], "rotation": 90, "texture": "#texture" },
        "north": { "uv": [ 0.75, 6.5, 1, 8 ], "texture": "#texture" },
        "south": { "uv": [ 1, 6.5, 1.25, 8 ], "texture": "#texture" },
        "west":  { "uv": [ 0.75, 6.5, 1.25, 8 ], "texture": "#texture" },
        "east":  { "uv": [ 0.75, 6.5, 1.25, 8 ], "texture": "#texture" }
    }
},
{
    "from": [ 12.625, 6, 6.8125 ],
    "to": [ 12.875, 8.125, 8.5625 ],
    "faces": {
        "down":  { "uv": [ 15.75, 0, 16, 0.25 ], "texture": "#texture" },
        "up":    { "uv": [ 15.75, 0, 16, 0.25 ], "texture": "#texture" },
        "north": { "uv": [ 15.75, 0, 16, 0.25 ], "texture": "#texture" },
        "south": { "uv": [ 15.75, 0, 16, 0.25 ], "texture": "#texture" },
        "west":  { "uv": [ 15.75, 0, 16, 0.25 ], "texture": "#texture" },
        "east":  { "uv": [ 1.75, 0, 1.25, 0.5 ], "texture": "#texture" }
    }
},
{
    "from": [ 12.6875, 0, 8.5 ],
    "to": [ 13.6875, 9, 14.5 ],
    "faces": {
        "down":  { "uv": [ 3.25, 4.25, 1.75, 4.5 ], "rotation": 90, "texture": "#texture" },
        "up":    { "uv": [ 1.75, 2.25, 3.25, 2.5 ], "rotation": 90, "texture": "#texture" },
        "north": { "uv": [ 1.75, 2.25, 2, 4.5 ], "texture": "#texture" },
        "south": { "uv": [ 3, 2.25, 3.25, 4.5 ], "texture": "#texture" },
        "west":  { "uv": [ 1.75, 2.25, 3.25, 4.5 ], "texture": "#texture" },
        "east":  { "uv": [ 3.25, 2.25, 1.75, 4.5 ], "texture": "#texture" }
    }
},
{
    "from": [ 2, -4, 14.5 ],
    "to": [ 14, 14, 23.5 ],
    "faces": {
        "down":  { "uv": [ 14, 16, 2, 14.5 ], "texture": "#texture" },
        "up":    { "uv": [ 2, 14.5, 14, 16 ], "texture": "#texture" },
        "north": { "uv": [ 4, 5.5, 1.75, 10 ], "texture": "#texture" },
        "south": { "uv": [ 4, 5.5, 1.75, 10 ], "texture": "#texture" },
        "west":  { "uv": [ 4.25, 5.5, 6.5, 10 ], "texture": "#texture" },
        "east":  { "uv": [ 1.75, 5.5, 4, 10 ], "texture": "#texture" }
    }
},
{
    "from": [ 1.5, 14, 14 ],
    "to": [ 14.5, 15, 24 ],
    "faces": {
        "down":  { "uv": [ 6.75, 5.5, 10, 8 ], "texture": "#texture" },
        "up":    { "uv": [ 6.75, 5.5, 10, 8 ], "texture": "#texture" },
        "north": { "uv": [ 6.75, 5.5, 10, 5.75 ], "texture": "#texture" },
        "south": { "uv": [ 6.75, 7.75, 10, 8 ], "texture": "#texture" },
        "west":  { "uv": [ 6.75, 5.5, 7, 8 ], "rotation": 90, "texture": "#texture" },
        "east":  { "uv": [ 9.75, 5.5, 10, 8 ], "rotation": 90, "texture": "#texture" }
    }
},
{
    "from": [ 10.5, 11.25, 12.75 ],
    "to": [ 11, 19.25, 13.25 ],
    "faces": {
        "down":  { "uv": [ 7, 5.75, 7.25, 6 ], "texture": "#texture" },
        "up":    { "uv": [ 7, 5.75, 7.25, 6 ], "texture": "#texture" },
        "north": { "uv": [ 7, 5.75, 7.25, 6 ], "texture": "#texture" },
        "south": { "uv": [ 7, 5.75, 7.25, 6 ], "texture": "#texture" },
        "west":  { "uv": [ 7, 5.75, 7.25, 6 ], "texture": "#texture" },
        "east":  { "uv": [ 7, 5.75, 7.25, 6 ], "texture": "#texture" }
    }
},
{
    "from": [ 10, 19.25, 12.25 ],
    "to": [ 11.5, 19.75, 13.75 ],
    "faces": {
        "down":  { "uv": [ 7, 5.75, 7.25, 6 ], "texture": "#texture" },
        "up":    { "uv": [ 7, 5.75, 7.25, 6 ], "texture": "#texture" },
        "north": { "uv": [ 7, 5.75, 7.25, 6 ], "texture": "#texture" },
        "south": { "uv": [ 7, 5.75, 7.25, 6 ], "texture": "#texture" },
        "west":  { "uv": [ 7, 5.75, 7.25, 6 ], "texture": "#texture" },
        "east":  { "uv": [ 7, 5.75, 7.25, 6 ], "texture": "#texture" }
    }
},
{
    "from": [ 12, 11, 12.25 ],
    "to": [ 12.25, 18, 12.5 ],
    "faces": {
        "down":  { "uv": [ 7.25, 7.5, 7.5, 7.75 ], "texture": "#texture" },
        "up":    { "uv": [ 7.25, 7.5, 7.5, 7.75 ], "texture": "#texture" },
        "north": { "uv": [ 7.25, 7.5, 7.5, 7.75 ], "texture": "#texture" },
        "south": { "uv": [ 7.25, 7.5, 7.5, 7.75 ], "texture": "#texture" },
        "west":  { "uv": [ 7.25, 7.5, 7.5, 7.75 ], "texture": "#texture" },
        "east":  { "uv": [ 7.25, 7.5, 7.5, 7.75 ], "texture": "#texture" }
    }
},
{
    "from": [ 11, 8, 4.75 ],
    "to": [ 13, 10, 8.5 ],
    "faces": {
        "down":  { "uv": [ 5.25, 2.75, 6.25, 2.25 ], "rotation": 90, "texture": "#texture" },
        "up":    { "uv": [ 6.25, 2.25, 5.25, 2.75 ], "rotation": 90, "texture": "#texture" },
        "north": { "uv": [ 5.25, 2.25, 5.5, 2.75 ], "texture": "#texture" },
        "south": { "uv": [ 6, 2.25, 6.25, 2.75 ], "texture": "#texture" },
        "west":  { "uv": [ 5.25, 2.75, 6.25, 2.25 ], "texture": "#texture" },
        "east":  { "uv": [ 5.25, 2.25, 6.25, 2.75 ], "texture": "#texture" }
    }
},
{
    "from": [ 10.5, 7.5, 4.25 ],
    "to": [ 13.5, 10.5, 4.75 ],
    "faces": {
        "down":  { "uv": [ 5.25, 1.5, 4.5, 1.75 ], "texture": "#texture" },
        "up":    { "uv": [ 5.25, 1, 4.5, 1.25 ], "texture": "#texture" },
        "north": { "uv": [ 4.5, 1, 5.25, 1.75 ], "texture": "#texture" },
        "south": { "uv": [ 4.5, 1, 5.25, 1.75 ], "texture": "#texture" },
        "west":  { "uv": [ 5, 1, 5.25, 1.75 ], "texture": "#texture" },
        "east":  { "uv": [ 4.5, 1, 4.75, 1.75 ], "texture": "#texture" }
    }
},
{
    "from": [ 0.75, 5.5, 7 ],
    "to": [ 1.75, 7.5, 8 ],
    "faces": {
        "down":  { "uv": [ 4, 1, 4.25, 1.25 ], "texture": "#texture" },
        "up":    { "uv": [ 4, 1, 4.25, 1.25 ], "texture": "#texture" },
        "north": { "uv": [ 4, 1, 4.25, 1.5 ], "texture": "#texture" },
        "south": { "uv": [ 4, 1, 4.25, 1.5 ], "texture": "#texture" },
        "west":  { "uv": [ 4, 1, 4.25, 1.5 ], "texture": "#texture" },
        "east":  { "uv": [ 4, 1, 4.25, 1.5 ], "texture": "#texture" }
    }
},
{
    "from": [ 0.25, 5, 7.5 ],
    "to": [ 1.25, 6, 9.5 ],
    "faces": {
        "down":  { "uv": [ 4, 1.5, 4.25, 1 ], "texture": "#texture" },
        "up":    { "uv": [ 4, 1, 4.25, 1.5 ], "texture": "#texture" },
        "north": { "uv": [ 4, 1, 4.25, 1.25 ], "texture": "#texture" },
        "south": { "uv": [ 4, 1.25, 4.25, 1.5 ], "texture": "#texture" },
        "west":  { "uv": [ 4, 1.5, 4.25, 1 ], "rotation": 90, "texture": "#texture" },
        "east":  { "uv": [ 4, 1, 4.25, 1.5 ], "rotation": 90, "texture": "#texture" }
    }
},
{
    "from": [ 0, 4.5, 9.25 ],
    "to": [ 1, 5.5, 12.25 ],
    "faces": {
        "down":  { "uv": [ 4, 1.75, 4.25, 1 ], "texture": "#texture" },
        "up":    { "uv": [ 4, 1, 4.25, 1.75 ], "texture": "#texture" },
        "north": { "uv": [ 4, 1, 4.25, 1.25 ], "texture": "#texture" },
        "south": { "uv": [ 4, 1.5, 4.25, 1.75 ], "texture": "#texture" },
        "west":  { "uv": [ 4, 1.75, 4.25, 1 ], "rotation": 90, "texture": "#texture" },
        "east":  { "uv": [ 4, 1, 4.25, 1.75 ], "rotation": 90, "texture": "#texture" }
    }
},
{
    "from": [ 0.25, 4, 12.25 ],
    "to": [ 1.25, 5, 14.25 ],
    "faces": {
        "down":  { "uv": [ 4, 1, 4.25, 1.5 ], "texture": "#texture" },
        "up":    { "uv": [ 4, 1.5, 4.25, 1 ], "texture": "#texture" },
        "north": { "uv": [ 4, 1.25, 4.25, 1.5 ], "texture": "#texture" },
        "south": { "uv": [ 4, 1, 4.25, 1.25 ], "texture": "#texture" },
        "west":  { "uv": [ 4, 1, 4.25, 1.5 ], "rotation": 90, "texture": "#texture" },
        "east":  { "uv": [ 4, 1.5, 4.25, 1 ], "rotation": 90, "texture": "#texture" }
    }
},
{
    "from": [ 0.75, 3.75, 14.25 ],
    "to": [ 1.75, 4.75, 17.25 ],
    "faces": {
        "down":  { "uv": [ 4, 1.75, 4.25, 1 ], "texture": "#texture" },
        "up":    { "uv": [ 4, 1, 4.25, 1.75 ], "texture": "#texture" },
        "north": { "uv": [ 4, 1, 4.25, 1.25 ], "texture": "#texture" },
        "south": { "uv": [ 4, 1.5, 4.25, 1.75 ], "texture": "#texture" },
        "west":  { "uv": [ 4, 1.75, 4.25, 1 ], "rotation": 90, "texture": "#texture" },
        "east":  { "uv": [ 4, 1, 4.25, 1.75 ], "rotation": 90, "texture": "#texture" }
    }
},
{
    "from": [ 1, 3.5, 17.25 ],
    "to": [ 2, 4.5, 18.25 ],
    "faces": {
        "down":  { "uv": [ 4, 1.25, 4.25, 1.5 ], "texture": "#texture" },
        "up":    { "uv": [ 4, 1.25, 4.25, 1.5 ], "texture": "#texture" },
        "north": { "uv": [ 4, 1.25, 4.25, 1.5 ], "texture": "#texture" },
        "south": { "uv": [ 4, 1.25, 4.25, 1.5 ], "texture": "#texture" },
        "west":  { "uv": [ 4, 1.25, 4.25, 1.5 ], "texture": "#texture" },
        "east":  { "uv": [ 4, 1.25, 4.25, 1.5 ], "texture": "#texture" }
    }
}
],
"display": {
    "thirdperson_righthand": {
        "rotation": [ 0, 0, 0 ],
        "translation": [ 0, 0, 0 ],
        "scale": [ 0.5, 0.5, 0.5 ]
    },
    "thirdperson_lefthand": {
        "rotation": [ 0, 0, 0 ],
        "translation": [ 0, 0, 0 ],
        "scale": [ 0.5, 0.5, 0.5 ]
    },
    "head": {
        "rotation": [ 0, 0, 0 ],
        "translation": [ 0, 5.29, -3.02 ],
        "scale": [ 1.5, 1.5, 1.5 ]
    },
    "ground": {
        "rotation": [ 0, 0, 0 ],
        "translation": [ 0, 3.59, 0 ],
        "scale": [ 0.25, 0.25, 0.25 ]
    },
    "fixed": {
        "rotation": [ 0, 0, 0 ],
        "translation": [ -0.57, 0.94, -6.61 ],
        "scale": [ 0.5, 0.5, 0.5 ]
    },
    "firstperson_righthand": {
        "rotation": [ 0, 108, 0 ],
        "translation": [ 1.32, 3.78, -3.59 ],
        "scale": [ 1, 1, 1 ]
    },
    "firstperson_lefthand": {
        "rotation": [ 0, 111, 0 ],
        "translation": [ 1.32, 3.78, -3.59 ],
        "scale": [ 1, 1, 1 ]
    },
    "gui": {
        "rotation": [ 45, -135, 0 ],
        "translation": [ 1.13, -0.76, 0 ],
        "scale": [ 0.5, 0.5, 0.5 ]
    }
}
}