{
"__comment": "Designed by MasterianoX",
"textures": {
    "particle": "entity/morph/morph",
    "texture": "entity/morph/morph"
},
"elements": [ 
{
    "from": [ 4, 11, 4 ],
    "to": [ 12, 15, 12 ],
    "faces": {
        "down":  { "uv": [ 4, 5, 6, 7 ], "texture": "#texture" },
        "up":    { "uv": [ 2, 5, 4, 7 ], "texture": "#texture" },
        "north": { "uv": [ 6, 7, 8, 8 ], "texture": "#texture" },
        "south": { "uv": [ 2, 7, 4, 8 ], "texture": "#texture" },
        "west":  { "uv": [ 0, 7, 2, 8 ], "texture": "#texture" },
        "east":  { "uv": [ 4, 7, 6, 8 ], "texture": "#texture" }
    }
},
{
    "from": [ 1, 11, 5 ],
    "to": [ 4, 14, 11 ],
    "faces": {
        "down":  { "uv": [ 2.25, 8.25, 3, 9.75 ], "texture": "#texture" },
        "up":    { "uv": [ 1.5, 8.25, 2.25, 9.75 ], "texture": "#texture" },
        "north": { "uv": [ 3.75, 9.75, 4.5, 10.5 ], "texture": "#texture" },
        "south": { "uv": [ 1.5, 9.75, 2.25, 10.5 ], "texture": "#texture" },
        "west":  { "uv": [ 0, 9.75, 1.5, 10.5 ], "texture": "#texture" },
        "east":  { "uv": [ 2.25, 9.75, 3.75, 10.5 ], "texture": "#texture" }
    }
},
{
    "from": [ 12, 11, 5 ],
    "to": [ 15, 14, 11 ],
    "faces": {
        "down":  { "uv": [ 3, 8.25, 2.25, 9.75 ], "texture": "#texture" },
        "up":    { "uv": [ 2.25, 8.25, 1.5, 9.75 ], "texture": "#texture" },
        "north": { "uv": [ 1.5, 9.75, 2.25, 10.5 ], "texture": "#texture" },
        "south": { "uv": [ 3.75, 9.75, 4.5, 10.5 ], "texture": "#texture" },
        "west":  { "uv": [ 0, 9.75, 1.5, 10.5 ], "texture": "#texture" },
        "east":  { "uv": [ 2.25, 9.75, 3.75, 10.5 ], "texture": "#texture" }
    }
},
{
    "from": [ 0, 11, 7 ],
    "to": [ 1, 12, 9 ],
    "faces": {
        "down":  { "uv": [ 0.5, 7, 0, 7.25 ], "rotation": 90, "texture": "#texture" },
        "up":    { "uv": [ 0, 7, 0.5, 7.25 ], "rotation": 90, "texture": "#texture" },
        "north": { "uv": [ 0, 7, 0.25, 7.25 ], "texture": "#texture" },
        "south": { "uv": [ 0.25, 7, 0.5, 7.25 ], "texture": "#texture" },
        "west":  { "uv": [ 0, 7, 0.5, 7.25 ], "texture": "#texture" },
        "east":  { "uv": [ 0, 7, 0.5, 7.25 ], "texture": "#texture" }
    }
},
{
    "from": [ 15, 11, 7 ],
    "to": [ 16, 12, 9 ],
    "faces": {
        "down":  { "uv": [ 0.5, 7, 0, 7.25 ], "rotation": 90, "texture": "#texture" },
        "up":    { "uv": [ 0, 7, 0.5, 7.25 ], "rotation": 90, "texture": "#texture" },
        "north": { "uv": [ 0, 7, 0.25, 7.25 ], "texture": "#texture" },
        "south": { "uv": [ 0.25, 7, 0.5, 7.25 ], "texture": "#texture" },
        "west":  { "uv": [ 0.5, 7, 0, 7.25 ], "texture": "#texture" },
        "east":  { "uv": [ 0.5, 7, 0, 7.25 ], "texture": "#texture" }
    }
},
{
    "from": [ 4, 8, 6 ],
    "to": [ 12, 11, 10 ],
    "faces": {
        "down":  { "uv": [ 3, 0, 5, 1 ], "texture": "#texture" },
        "up":    { "uv": [ 1, 0, 3, 1 ], "texture": "#texture" },
        "north": { "uv": [ 4, 1, 6, 1.75 ], "texture": "#texture" },
        "south": { "uv": [ 1, 1, 3, 1.75 ], "texture": "#texture" },
        "west":  { "uv": [ 4, 1, 3, 1.75 ], "texture": "#texture" },
        "east":  { "uv": [ 1, 1, 0, 1.75 ], "texture": "#texture" }
    }
},
{
    "from": [ 4, 10, 10 ],
    "to": [ 12, 11, 11 ],
    "faces": {
        "down":  { "uv": [ 1, 1, 3, 1.25 ], "texture": "#texture" },
        "up":    { "uv": [ 1, 1, 3, 1.25 ], "texture": "#texture" },
        "north": { "uv": [ 1, 1, 3, 1.25 ], "texture": "#texture" },
        "south": { "uv": [ 1, 1, 3, 1.25 ], "texture": "#texture" },
        "west":  { "uv": [ 1, 1, 1.25, 1.25 ], "texture": "#texture" },
        "east":  { "uv": [ 2.75, 1, 3, 1.25 ], "texture": "#texture" }
    }
},
{
    "from": [ 7, 8, 10 ],
    "to": [ 9, 10, 11 ],
    "faces": {
        "down":  { "uv": [ 1.75, 1.5, 2.25, 1.75 ], "texture": "#texture" },
        "up":    { "uv": [ 1.75, 1.25, 2.25, 1.5 ], "texture": "#texture" },
        "north": { "uv": [ 1.75, 1.25, 2.25, 1.75 ], "texture": "#texture" },
        "south": { "uv": [ 1.75, 1.25, 2.25, 1.75 ], "texture": "#texture" },
        "west":  { "uv": [ 1.75, 1.25, 2, 1.75 ], "texture": "#texture" },
        "east":  { "uv": [ 2, 1.25, 2.25, 1.75 ], "texture": "#texture" }
    }
},
{
    "from": [ 5, 6, 7 ],
    "to": [ 11, 8, 10 ],
    "faces": {
        "down":  { "uv": [ 3.75, 2, 2.25, 2.75 ], "rotation": 180, "texture": "#texture" },
        "up":    { "uv": [ 0.75, 2, 2.25, 2.75 ], "texture": "#texture" },
        "north": { "uv": [ 3, 2.75, 4.5, 3.25 ], "texture": "#texture" },
        "south": { "uv": [ 0.75, 2.75, 2.25, 3.25 ], "texture": "#texture" },
        "west":  { "uv": [ 3, 2.75, 2.25, 3.25 ], "texture": "#texture" },
        "east":  { "uv": [ 0.75, 2.75, 0, 3.25 ], "texture": "#texture" }
    }
},
{
    "from": [ 6, 3, 8 ],
    "to": [ 10, 6, 10 ],
    "rotation": { "origin": [ 6, 6, 8 ], "axis": "x", "angle": -22.5 },
    "faces": {
        "down":  { "uv": [ 1.5, 3.5, 2.5, 4 ], "texture": "#texture" },
        "up":    { "uv": [ 0.5, 3.5, 1.5, 4 ], "texture": "#texture" },
        "north": { "uv": [ 2, 4, 3, 4.75 ], "texture": "#texture" },
        "south": { "uv": [ 0.5, 4, 1.5, 4.75 ], "texture": "#texture" },
        "west":  { "uv": [ 2, 4, 1.5, 4.75 ], "texture": "#texture" },
        "east":  { "uv": [ 0.5, 4, 0, 4.75 ], "texture": "#texture" }
    }
},
{
    "from": [ 4.5, 13, 10 ],
    "to": [ 5.5, 19, 11 ],
    "rotation": { "origin": [ 4.5, 19, 10 ], "axis": "x", "angle": 22.5 },
    "faces": {
        "down":  { "uv": [ 6.25, 1.25, 6.5, 1.5 ], "texture": "#texture" },
        "up":    { "uv": [ 6.25, 0, 6.5, 0.25 ], "texture": "#texture" },
        "north": { "uv": [ 6.25, 0, 6.5, 1.5 ], "texture": "#texture" },
        "south": { "uv": [ 6.25, 0, 6.5, 1.5 ], "texture": "#texture" },
        "west":  { "uv": [ 6.25, 0, 6.5, 1.5 ], "texture": "#texture" },
        "east":  { "uv": [ 6.25, 0, 6.5, 1.5 ], "texture": "#texture" }
    }
},
{
    "from": [ 4.75, 18.25, 10 ],
    "to": [ 5.25, 18.75, 16 ],
    "rotation": { "origin": [ 4.75, 18.75, 10 ], "axis": "x", "angle": -22.5 },
    "faces": {
        "down":  { "uv": [ 6.25, 0, 6.5, 0.25 ], "texture": "#texture" },
        "up":    { "uv": [ 6.25, 0, 6.5, 0.25 ], "texture": "#texture" },
        "north": { "uv": [ 6.25, 0, 6.5, 0.25 ], "texture": "#texture" },
        "south": { "uv": [ 6.25, 0, 6.5, 0.25 ], "texture": "#texture" },
        "west":  { "uv": [ 6.25, 0, 6.5, 0.25 ], "texture": "#texture" },
        "east":  { "uv": [ 6.25, 0, 6.5, 0.25 ], "texture": "#texture" }
    }
},
{
    "from": [ 4, 19.75, 15.5 ],
    "to": [ 6, 21.75, 17.5 ],
    "rotation": { "origin": [ 4, 21.75, 15.5 ], "axis": "x", "angle": 22.5 },
    "faces": {
        "down":  { "uv": [ 4.75, 2, 5.5, 2.25 ], "texture": "#texture" },
        "up":    { "uv": [ 4.75, 2, 5.5, 2.25 ], "texture": "#texture" },
        "north": { "uv": [ 4.75, 2.5, 5.5, 2.75 ], "texture": "#texture" },
        "south": { "uv": [ 4.75, 2, 5.5, 2.75 ], "texture": "#texture" },
        "west":  { "uv": [ 4.75, 2, 5, 2.75 ], "texture": "#texture" },
        "east":  { "uv": [ 5.25, 2, 5.5, 2.75 ], "texture": "#texture" }
    }
},
{
    "from": [ 10.5, 13, 10 ],
    "to": [ 11.5, 19, 11 ],
    "rotation": { "origin": [ 10.5, 19, 10 ], "axis": "x", "angle": 22.5 },
    "faces": {
        "down":  { "uv": [ 6.75, 1.25, 7, 1.5 ], "texture": "#texture" },
        "up":    { "uv": [ 6.75, 0, 7, 0.25 ], "texture": "#texture" },
        "north": { "uv": [ 6.75, 0, 7, 1.5 ], "texture": "#texture" },
        "south": { "uv": [ 6.75, 0, 7, 1.5 ], "texture": "#texture" },
        "west":  { "uv": [ 6.75, 0, 7, 1.5 ], "texture": "#texture" },
        "east":  { "uv": [ 6.75, 0, 7, 1.5 ], "texture": "#texture" }
    }
},
{
    "from": [ 10.75, 18.25, 10 ],
    "to": [ 11.25, 18.75, 15.5 ],
    "faces": {
        "down":  { "uv": [ 6.75, 0, 7, 0.25 ], "texture": "#texture" },
        "up":    { "uv": [ 6.75, 0, 7, 0.25 ], "texture": "#texture" },
        "north": { "uv": [ 6.75, 0, 7, 0.25 ], "texture": "#texture" },
        "south": { "uv": [ 6.75, 0, 7, 0.25 ], "texture": "#texture" },
        "west":  { "uv": [ 6.75, 0, 7, 0.25 ], "texture": "#texture" },
        "east":  { "uv": [ 6.75, 0, 7, 0.25 ], "texture": "#texture" }
    }
},
{
    "from": [ 10, 17.5, 15 ],
    "to": [ 12, 19.5, 17 ],
    "faces": {
        "down":  { "uv": [ 5.75, 2.5, 6.5, 2.75 ], "texture": "#texture" },
        "up":    { "uv": [ 5.75, 2, 6.5, 2.25 ], "texture": "#texture" },
        "north": { "uv": [ 5.75, 2, 6, 2.75 ], "texture": "#texture" },
        "south": { "uv": [ 5.75, 2, 6.5, 2.75 ], "texture": "#texture" },
        "west":  { "uv": [ 6, 2, 6.25, 2.75 ], "texture": "#texture" },
        "east":  { "uv": [ 6.5, 2, 5.75, 2.75 ], "texture": "#texture" }
    }
}
],
"display": {
    "thirdperson_righthand": {
        "rotation": [ 0, 0, 0 ],
        "translation": [ 0, 0, 0 ],
        "scale": [ 0.5, 0.5, 0.5 ]
    },
    "thirdperson_lefthand": {
        "rotation": [ 0, 0, 0 ],
        "translation": [ 0, 0, 0 ],
        "scale": [ 0.5, 0.5, 0.5 ]
    },
    "head": {
        "rotation": [ 6, 180, 0 ],
        "translation": [ 0, -2.08, 0 ],
        "scale": [ 1.75, 1.75, 1.75 ]
    },
    "ground": {
        "rotation": [ 0, 0, 0 ],
        "translation": [ 0, 2.08, 0 ],
        "scale": [ 0.5, 0.5, 0.5 ]
    },
    "fixed": {
        "rotation": [ 0, -180, 0 ],
        "translation": [ 0, -1.89, -0.76 ],
        "scale": [ 0.5, 0.5, 0.5 ]
    },
    "firstperson_righthand": {
        "rotation": [ 0, -64, 0 ],
        "translation": [ 3.02, -0.57, -5.1 ],
        "scale": [ 1, 1, 1 ]
    },
    "firstperson_lefthand": {
        "rotation": [ 0, -64, 0 ],
        "translation": [ 3.02, -0.57, -5.1 ],
        "scale": [ 1, 1, 1 ]
    },
    "gui": {
        "rotation": [ 45, 45, 0 ],
        "translation": [ 0, -0.76, 0 ],
        "scale": [ 0.5, 0.5, 0.5 ]
    }
}
}