{
"__comment": "Designed by MasterianoX",
"textures": {
    "particle": "entity/merchants/contraband_dealer",
    "texture": "entity/merchants/contraband_dealer"
},
"elements": [ 
{
    "from": [ 6, 15.5, 6 ],
    "to": [ 10, 19.5, 10 ],
    "faces": {
        "down":  { "uv": [ 4, 0, 6, 2 ], "texture": "#texture" },
        "up":    { "uv": [ 2, 0, 4, 2 ], "texture": "#texture" },
        "north": { "uv": [ 2, 2, 4, 4 ], "texture": "#texture" },
        "south": { "uv": [ 6, 2, 8, 4 ], "texture": "#texture" },
        "west":  { "uv": [ 6, 2, 4, 4 ], "texture": "#texture" },
        "east":  { "uv": [ 0, 2, 2, 4 ], "texture": "#texture" }
    }
},
{
    "from": [ 6.25, 16, 10 ],
    "to": [ 9.75, 19.5, 11.5 ],
    "rotation": { "origin": [ 6.25, 19.5, 10 ], "axis": "x", "angle": 22.5 },
    "faces": {
        "down":  { "uv": [ 10.75, 0, 12.5, 0.75 ], "texture": "#texture" },
        "up":    { "uv": [ 9, 0, 10.75, 0.75 ], "texture": "#texture" },
        "north": { "uv": [ 9, 0.75, 10.75, 2.5 ], "texture": "#texture" },
        "south": { "uv": [ 11.5, 0.75, 13.25, 2.5 ], "texture": "#texture" },
        "west":  { "uv": [ 8.25, 0.75, 9, 2.5 ], "texture": "#texture" },
        "east":  { "uv": [ 10.75, 0.75, 11.5, 2.5 ], "texture": "#texture" }
    }
},
{
    "from": [ 6.75, 15.75, 11 ],
    "to": [ 9.25, 18.75, 12.5 ],
    "rotation": { "origin": [ 6.75, 18.75, 11 ], "axis": "x", "angle": 45 },
    "faces": {
        "down":  { "uv": [ 10.25, 2.75, 11.5, 3.5 ], "texture": "#texture" },
        "up":    { "uv": [ 9, 2.75, 10.25, 3.5 ], "texture": "#texture" },
        "north": { "uv": [ 9, 3.5, 10.25, 5 ], "texture": "#texture" },
        "south": { "uv": [ 11, 3.5, 12.25, 5 ], "texture": "#texture" },
        "west":  { "uv": [ 8.25, 3.5, 9, 5 ], "texture": "#texture" },
        "east":  { "uv": [ 10.25, 3.5, 11, 5 ], "texture": "#texture" }
    }
},
{
    "from": [ 7.25, 15.75, 9.75 ],
    "to": [ 8.75, 17.75, 11.75 ],
    "faces": {
        "down":  { "uv": [ 14.25, 2.5, 15, 3.5 ], "texture": "#texture" },
        "up":    { "uv": [ 13.5, 2.5, 14.25, 3.5 ], "texture": "#texture" },
        "north": { "uv": [ 13.5, 3.5, 14.25, 4.5 ], "texture": "#texture" },
        "south": { "uv": [ 15.25, 3.5, 16, 4.5 ], "texture": "#texture" },
        "west":  { "uv": [ 12.5, 3.5, 13.5, 4.5 ], "texture": "#texture" },
        "east":  { "uv": [ 14.25, 3.5, 15.25, 4.5 ], "texture": "#texture" }
    }
},
{
    "from": [ 6.75, 18.5, 5.5 ],
    "to": [ 9.25, 19, 6 ],
    "faces": {
        "down":  { "uv": [ 2.25, 2.25, 3.5, 2.5 ], "texture": "#texture" },
        "up":    { "uv": [ 2.25, 2.25, 3.5, 2.5 ], "texture": "#texture" },
        "north": { "uv": [ 2.25, 2.25, 3.5, 2.5 ], "texture": "#texture" },
        "south": { "uv": [ 2.25, 2.25, 3.5, 2.5 ], "texture": "#texture" },
        "west":  { "uv": [ 2.25, 2.25, 2.5, 2.5 ], "texture": "#texture" },
        "east":  { "uv": [ 3.25, 2.25, 3.5, 2.5 ], "texture": "#texture" }
    }
},
{
    "from": [ 6.5, 16, 5.5 ],
    "to": [ 7, 18.5, 6 ],
    "faces": {
        "down":  { "uv": [ 3.5, 3.5, 3.75, 3.75 ], "texture": "#texture" },
        "up":    { "uv": [ 3.5, 2.5, 3.75, 2.75 ], "texture": "#texture" },
        "north": { "uv": [ 3.5, 2.5, 3.75, 3.75 ], "texture": "#texture" },
        "south": { "uv": [ 3.5, 2.5, 3.75, 3.75 ], "texture": "#texture" },
        "west":  { "uv": [ 3.5, 2.5, 3.75, 3.75 ], "texture": "#texture" },
        "east":  { "uv": [ 3.5, 2.5, 3.75, 3.75 ], "texture": "#texture" }
    }
},
{
    "from": [ 9, 16, 5.5 ],
    "to": [ 9.5, 18.5, 6 ],
    "faces": {
        "down":  { "uv": [ 2.25, 3.5, 2.5, 3.75 ], "texture": "#texture" },
        "up":    { "uv": [ 2.25, 2.5, 2.5, 2.75 ], "texture": "#texture" },
        "north": { "uv": [ 2.25, 2.5, 2.5, 3.75 ], "texture": "#texture" },
        "south": { "uv": [ 2.25, 2.5, 2.5, 3.75 ], "texture": "#texture" },
        "west":  { "uv": [ 2.25, 2.5, 2.5, 3.75 ], "texture": "#texture" },
        "east":  { "uv": [ 2.25, 2.5, 2.5, 3.75 ], "texture": "#texture" }
    }
},
{
    "from": [ 6.5, 15, 6.5 ],
    "to": [ 9.5, 15.5, 9.5 ],
    "faces": {
        "down":  { "uv": [ 2.25, 0.25, 3.75, 1.75 ], "texture": "#texture" },
        "up":    { "uv": [ 2.25, 0.25, 3.75, 1.75 ], "texture": "#texture" },
        "north": { "uv": [ 3.75, 0.25, 2.25, 0.5 ], "texture": "#texture" },
        "south": { "uv": [ 2.25, 1.5, 3.75, 1.75 ], "texture": "#texture" },
        "west":  { "uv": [ 2.25, 0.25, 2.5, 1.75 ], "rotation": 90, "texture": "#texture" },
        "east":  { "uv": [ 3.5, 0.25, 3.75, 1.75 ], "rotation": 90, "texture": "#texture" }
    }
},
{
    "from": [ 9, 15.25, 5.5 ],
    "to": [ 9.5, 16, 6 ],
    "rotation": { "origin": [ 9, 16, 5.5 ], "axis": "x", "angle": -45 },
    "faces": {
        "down":  { "uv": [ 2.25, 3.75, 2.5, 4 ], "texture": "#texture" },
        "up":    { "uv": [ 2.25, 3.75, 2.5, 4 ], "texture": "#texture" },
        "north": { "uv": [ 2.25, 3.75, 2.5, 4 ], "texture": "#texture" },
        "south": { "uv": [ 2.25, 3.75, 2.5, 4 ], "texture": "#texture" },
        "west":  { "uv": [ 2.25, 3.75, 2.5, 4 ], "texture": "#texture" },
        "east":  { "uv": [ 2.25, 3.75, 2.5, 4 ], "texture": "#texture" }
    }
},
{
    "from": [ 6.5, 15.25, 5.5 ],
    "to": [ 7, 16, 6 ],
    "rotation": { "origin": [ 6.5, 16, 5.5 ], "axis": "x", "angle": -45 },
    "faces": {
        "down":  { "uv": [ 3.5, 3.75, 3.75, 4 ], "texture": "#texture" },
        "up":    { "uv": [ 3.5, 3.75, 3.75, 4 ], "texture": "#texture" },
        "north": { "uv": [ 3.5, 3.75, 3.75, 4 ], "texture": "#texture" },
        "south": { "uv": [ 3.5, 3.75, 3.75, 4 ], "texture": "#texture" },
        "west":  { "uv": [ 3.5, 3.75, 3.75, 4 ], "texture": "#texture" },
        "east":  { "uv": [ 3.5, 3.75, 3.75, 4 ], "texture": "#texture" }
    }
},
{
    "from": [ 5, 10.5, 6 ],
    "to": [ 11, 15, 10 ],
    "faces": {
        "down":  { "uv": [ 8, 4.25, 5, 6.25 ], "texture": "#texture" },
        "up":    { "uv": [ 2, 4.25, 5, 6.25 ], "rotation": 180, "texture": "#texture" },
        "north": { "uv": [ 2, 6.25, 5, 8.5 ], "texture": "#texture" },
        "south": { "uv": [ 7, 6.25, 10, 8.5 ], "texture": "#texture" },
        "west":  { "uv": [ 0, 6.25, 2, 8.5 ], "texture": "#texture" },
        "east":  { "uv": [ 5, 6.25, 7, 8.5 ], "texture": "#texture" }
    }
},
{
    "from": [ 3.5, 10.75, 8 ],
    "to": [ 5.5, 14.75, 10 ],
    "rotation": { "origin": [ 3.5, 14.75, 8 ], "axis": "x", "angle": 45 },
    "faces": {
        "down":  { "uv": [ 9, 8.75, 10, 9.75 ], "texture": "#texture" },
        "up":    { "uv": [ 8, 8.75, 9, 9.75 ], "texture": "#texture" },
        "north": { "uv": [ 7, 9.75, 8, 11.75 ], "texture": "#texture" },
        "south": { "uv": [ 9, 9.75, 10, 11.75 ], "texture": "#texture" },
        "west":  { "uv": [ 8, 9.75, 9, 11.75 ], "texture": "#texture" },
        "east":  { "uv": [ 10, 9.75, 11, 11.75 ], "texture": "#texture" }
    }
},
{
    "from": [ 10.5, 10.75, 8 ],
    "to": [ 12.5, 14.75, 10 ],
    "rotation": { "origin": [ 10.5, 14.75, 8 ], "axis": "x", "angle": 45 },
    "faces": {
        "down":  { "uv": [ 9, 8.75, 10, 9.75 ], "texture": "#texture" },
        "up":    { "uv": [ 8, 8.75, 9, 9.75 ], "texture": "#texture" },
        "north": { "uv": [ 7, 9.75, 8, 11.75 ], "texture": "#texture" },
        "south": { "uv": [ 9, 9.75, 10, 11.75 ], "texture": "#texture" },
        "west":  { "uv": [ 8, 9.75, 9, 11.75 ], "texture": "#texture" },
        "east":  { "uv": [ 10, 9.75, 11, 11.75 ], "texture": "#texture" }
    }
},
{
    "from": [ 6, 8, 6.5 ],
    "to": [ 10, 10.5, 9.5 ],
    "faces": {
        "down":  { "uv": [ 3.25, 8.75, 5, 10.25 ], "texture": "#texture" },
        "up":    { "uv": [ 1.5, 8.75, 3.25, 10.25 ], "texture": "#texture" },
        "north": { "uv": [ 1.5, 10.25, 3.25, 11.5 ], "texture": "#texture" },
        "south": { "uv": [ 4.75, 10.25, 6.5, 11.5 ], "texture": "#texture" },
        "west":  { "uv": [ 0, 10.25, 1.5, 11.5 ], "texture": "#texture" },
        "east":  { "uv": [ 3.25, 10.25, 4.75, 11.5 ], "texture": "#texture" }
    }
},
{
    "from": [ 3.5, 8.5, 3.75 ],
    "to": [ 12.5, 10.5, 5.75 ],
    "rotation": { "origin": [ 3.5, 10.5, 3.75 ], "axis": "x", "angle": -45 },
    "faces": {
        "down":  { "uv": [ 0, 13.75, 4.5, 14.75 ], "texture": "#texture" },
        "up":    { "uv": [ 0, 11.75, 4.5, 12.75 ], "texture": "#texture" },
        "north": { "uv": [ 0, 12.75, 4.5, 13.75 ], "texture": "#texture" },
        "south": { "uv": [ 0, 14.75, 4.5, 15.75 ], "texture": "#texture" },
        "west":  { "uv": [ 0, 11.75, 1, 12.75 ], "texture": "#texture" },
        "east":  { "uv": [ 3.5, 12.75, 4.5, 13.75 ], "texture": "#texture" }
    }
},
{
    "from": [ 5.75, -0.5, 8.5 ],
    "to": [ 10.25, 8, 9 ],
    "rotation": { "origin": [ 5.75, 8, 8.5 ], "axis": "x", "angle": -22.5 },
    "faces": {
        "down":  { "uv": [ 9.25, 15.75, 7, 16 ], "texture": "#texture" },
        "up":    { "uv": [ 7, 11.75, 9.25, 12 ], "texture": "#texture" },
        "north": { "uv": [ 7, 11.75, 9.25, 16 ], "texture": "#texture" },
        "south": { "uv": [ 9.25, 11.75, 7, 16 ], "texture": "#texture" },
        "west":  { "uv": [ 9, 11.75, 9.25, 16 ], "texture": "#texture" },
        "east":  { "uv": [ 7, 11.75, 7.25, 16 ], "texture": "#texture" }
    }
},
{
    "from": [ 6, 0, 7 ],
    "to": [ 8, 8, 9 ],
    "faces": {
        "down":  { "uv": [ 13.25, 8.5, 14.25, 9.5 ], "texture": "#texture" },
        "up":    { "uv": [ 12.25, 8.5, 13.25, 9.5 ], "texture": "#texture" },
        "north": { "uv": [ 12.25, 9.5, 13.25, 13.5 ], "texture": "#texture" },
        "south": { "uv": [ 14.25, 9.5, 15.25, 13.5 ], "texture": "#texture" },
        "west":  { "uv": [ 12.25, 9.5, 11.25, 13.5 ], "texture": "#texture" },
        "east":  { "uv": [ 14.25, 9.5, 13.25, 13.5 ], "texture": "#texture" }
    }
},
{
    "from": [ 8, 0, 7 ],
    "to": [ 10, 8, 9 ],
    "faces": {
        "down":  { "uv": [ 13.25, 8.5, 14.25, 9.5 ], "texture": "#texture" },
        "up":    { "uv": [ 12.25, 8.5, 13.25, 9.5 ], "texture": "#texture" },
        "north": { "uv": [ 13.25, 9.5, 12.25, 13.5 ], "texture": "#texture" },
        "south": { "uv": [ 14.25, 9.5, 15.25, 13.5 ], "texture": "#texture" },
        "west":  { "uv": [ 12.25, 9.5, 11.25, 13.5 ], "texture": "#texture" },
        "east":  { "uv": [ 14.25, 9.5, 13.25, 13.5 ], "texture": "#texture" }
    }
},
{
    "from": [ 6, 5.5, 6.5 ],
    "to": [ 6.5, 8.5, 9.5 ],
    "rotation": { "origin": [ 6, 8.5, 6.5 ], "axis": "z", "angle": -22.5 },
    "faces": {
        "down":  { "uv": [ 6.25, 13, 4.75, 13.25 ], "rotation": 90, "texture": "#texture" },
        "up":    { "uv": [ 4.75, 11.75, 6.25, 12 ], "rotation": 90, "texture": "#texture" },
        "north": { "uv": [ 4.75, 11.75, 5, 13.25 ], "texture": "#texture" },
        "south": { "uv": [ 6, 11.75, 6.25, 13.25 ], "texture": "#texture" },
        "west":  { "uv": [ 4.75, 11.75, 6.25, 13.25 ], "texture": "#texture" },
        "east":  { "uv": [ 6.25, 11.75, 4.75, 13.25 ], "texture": "#texture" }
    }
},
{
    "from": [ 9.5, 5.5, 6.5 ],
    "to": [ 10, 8.5, 9.5 ],
    "rotation": { "origin": [ 9.5, 8.5, 6.5 ], "axis": "z", "angle": 22.5 },
    "faces": {
        "down":  { "uv": [ 6.25, 13, 4.75, 13.25 ], "rotation": 90, "texture": "#texture" },
        "up":    { "uv": [ 4.75, 11.75, 6.25, 12 ], "rotation": 90, "texture": "#texture" },
        "north": { "uv": [ 4.75, 11.75, 5, 13.25 ], "texture": "#texture" },
        "south": { "uv": [ 6, 11.75, 6.25, 13.25 ], "texture": "#texture" },
        "west":  { "uv": [ 4.75, 11.75, 6.25, 13.25 ], "texture": "#texture" },
        "east":  { "uv": [ 6.25, 11.75, 4.75, 13.25 ], "texture": "#texture" }
    }
},
{
    "from": [ 5.5, 7.5, 6.25 ],
    "to": [ 10.5, 8.5, 9.75 ],
    "faces": {
        "down":  { "uv": [ 15, 6.5, 12.75, 8.25 ], "texture": "#texture" },
        "up":    { "uv": [ 10.25, 6.5, 12.5, 8.25 ], "rotation": 180, "texture": "#texture" },
        "north": { "uv": [ 12, 5.25, 14.25, 5.75 ], "texture": "#texture" },
        "south": { "uv": [ 12, 5.75, 14.25, 6.25 ], "texture": "#texture" },
        "west":  { "uv": [ 10.25, 5.25, 12, 5.75 ], "texture": "#texture" },
        "east":  { "uv": [ 14.25, 5.25, 16, 5.75 ], "texture": "#texture" }
    }
}
],
"display": {
    "thirdperson_righthand": {
        "rotation": [ 10, -45, -69 ],
        "translation": [ 0, 1.5, -2.75 ],
        "scale": [ 0.37, 0.37, 0.37 ]
    },
    "thirdperson_lefthand": {
        "rotation": [ 10, -45, -69 ],
        "translation": [ 0, 1.5, -2.75 ],
        "scale": [ 0.37, 0.37, 0.37 ]
    },
    "head": {
        "rotation": [ 0, -72, 0 ],
        "translation": [ 0, -16.82, 0 ],
        "scale": [ 3.5, 3.5, 3.5 ]
    },
    "ground": {
        "rotation": [ 0, 0, 0 ],
        "translation": [ 0, 4.16, 0 ],
        "scale": [ 0.5, 0.5, 0.5 ]
    },
    "fixed": {
        "rotation": [ 0, 0, 0 ],
        "translation": [ 0, 0, -1.51 ],
        "scale": [ 0.5, 0.5, 0.5 ]
    },
    "firstperson_righthand": {
        "rotation": [ 0, 96, 0 ],
        "translation": [ 0, 0, 0 ],
        "scale": [ 1, 1, 1 ]
    },
    "firstperson_lefthand": {
        "rotation": [ 0, 96, 0 ],
        "translation": [ 0, 0, 0 ],
        "scale": [ 1, 1, 1 ]
    },
    "gui": {
        "rotation": [ 45, -135, 0 ],
        "translation": [ 0, 0, 0 ],
        "scale": [ 0.5, 0.5, 0.5 ]
    }
}
}