{
"__comment": "Designed by MasterianoX",
"textures": {
    "texture": "entity/zombie/undead_viking",
    "viking_helmet": "entity/zombie/viking_helmet"
},
"elements": [ 
{
    "from": [ 2, 21, 3.5 ],
    "to": [ 11, 22, 12.5 ],
    "faces": {
        "down":  { "uv": [ 10.5, 8, 12.75, 10.25 ], "texture": "#viking_helmet" },
        "up":    { "uv": [ 10.5, 8, 12.75, 10.25 ], "texture": "#viking_helmet" },
        "north": { "uv": [ 12.75, 8, 10.5, 8.25 ], "texture": "#viking_helmet" },
        "south": { "uv": [ 10.5, 10, 12.75, 10.25 ], "texture": "#viking_helmet" },
        "west":  { "uv": [ 10.5, 8, 10.75, 10.25 ], "rotation": 90, "texture": "#viking_helmet" },
        "east":  { "uv": [ 12.5, 8, 12.75, 10.25 ], "rotation": 90, "texture": "#viking_helmet" }
    }
},
{
    "from": [ 2.5, 22, 4 ],
    "to": [ 10.5, 24, 12 ],
    "faces": {
        "down":  { "uv": [ 12.75, 8, 14.75, 10 ], "texture": "#viking_helmet" },
        "up":    { "uv": [ 12.75, 8, 14.75, 10 ], "rotation": 90, "texture": "#viking_helmet" },
        "north": { "uv": [ 12.75, 10, 13.25, 8 ], "rotation": 90, "texture": "#viking_helmet" },
        "south": { "uv": [ 14.75, 8, 14.25, 10 ], "rotation": 90, "texture": "#viking_helmet" },
        "west":  { "uv": [ 12.75, 9.5, 14.75, 10 ], "texture": "#viking_helmet" },
        "east":  { "uv": [ 12.75, 8, 14.75, 8.5 ], "texture": "#viking_helmet" }
    }
},
{
    "from": [ 3.5, 24, 5 ],
    "to": [ 9.5, 25, 11 ],
    "faces": {
        "down":  { "uv": [ 13, 8.25, 14.5, 9.75 ], "texture": "#viking_helmet" },
        "up":    { "uv": [ 14.5, 8.25, 13, 9.75 ], "rotation": 270, "texture": "#viking_helmet" },
        "north": { "uv": [ 13, 8.25, 13.25, 9.75 ], "rotation": 90, "texture": "#viking_helmet" },
        "south": { "uv": [ 14.25, 9.75, 14.5, 8.25 ], "rotation": 90, "texture": "#viking_helmet" },
        "west":  { "uv": [ 13, 8.25, 14.5, 8.5 ], "texture": "#viking_helmet" },
        "east":  { "uv": [ 14.5, 9.5, 13, 9.75 ], "texture": "#viking_helmet" }
    }
},
{
    "from": [ 4.5, 22, 13.9926 ],
    "to": [ 6.5, 28, 15.9926 ],
    "rotation": { "origin": [ 4.5, 28, 13.9926 ], "axis": "x", "angle": 45 },
    "faces": {
        "down":  { "uv": [ 10, 9, 10.5, 9.5 ], "texture": "#viking_helmet" },
        "up":    { "uv": [ 10, 8, 10.5, 8.5 ], "texture": "#viking_helmet" },
        "north": { "uv": [ 10, 8, 10.5, 9.5 ], "texture": "#viking_helmet" },
        "south": { "uv": [ 10, 8, 10.5, 9.5 ], "texture": "#viking_helmet" },
        "west":  { "uv": [ 10, 8, 10.5, 9.5 ], "texture": "#viking_helmet" },
        "east":  { "uv": [ 10, 8, 10.5, 9.5 ], "texture": "#viking_helmet" }
    }
},
{
    "from": [ 5, 26.75, 14.25 ],
    "to": [ 6, 30, 15.25 ],
    "faces": {
        "down":  { "uv": [ 9.5, 8.75, 9.75, 9 ], "texture": "#viking_helmet" },
        "up":    { "uv": [ 9.5, 8, 9.75, 8.25 ], "texture": "#viking_helmet" },
        "north": { "uv": [ 9.5, 8, 9.75, 8.75 ], "texture": "#viking_helmet" },
        "south": { "uv": [ 9.5, 8, 9.75, 8.75 ], "texture": "#viking_helmet" },
        "west":  { "uv": [ 9.5, 8, 9.75, 8.75 ], "texture": "#viking_helmet" },
        "east":  { "uv": [ 9.5, 8, 9.75, 8.75 ], "texture": "#viking_helmet" }
    }
},
{
    "from": [ 4.5, 20.5, 0.75 ],
    "to": [ 6.5, 26.5, 2.75 ],
    "rotation": { "origin": [ 4.5, 26.5, 0.75 ], "axis": "x", "angle": -45 },
    "faces": {
        "down":  { "uv": [ 10, 9, 10.5, 9.5 ], "texture": "#viking_helmet" },
        "up":    { "uv": [ 10, 8, 10.5, 8.5 ], "texture": "#viking_helmet" },
        "north": { "uv": [ 10, 8, 10.5, 9.5 ], "texture": "#viking_helmet" },
        "south": { "uv": [ 10, 8, 10.5, 9.5 ], "texture": "#viking_helmet" },
        "west":  { "uv": [ 10, 8, 10.5, 9.5 ], "texture": "#viking_helmet" },
        "east":  { "uv": [ 10, 8, 10.5, 9.5 ], "texture": "#viking_helmet" }
    }
},
{
    "from": [ 5, 26.75, 1 ],
    "to": [ 6, 30, 2 ],
    "faces": {
        "down":  { "uv": [ 9.5, 8.75, 9.75, 9 ], "texture": "#viking_helmet" },
        "up":    { "uv": [ 9.5, 8, 9.75, 8.25 ], "texture": "#viking_helmet" },
        "north": { "uv": [ 9.5, 8, 9.75, 8.75 ], "texture": "#viking_helmet" },
        "south": { "uv": [ 9.5, 8, 9.75, 8.75 ], "texture": "#viking_helmet" },
        "west":  { "uv": [ 9.5, 8, 9.75, 8.75 ], "texture": "#viking_helmet" },
        "east":  { "uv": [ 9.5, 8, 9.75, 8.75 ], "texture": "#viking_helmet" }
    }
},
{
    "from": [ 2.5, 13.5, 4 ],
    "to": [ 10.5, 21.5, 12 ],
    "faces": {
        "down":  { "uv": [ 4, 0, 6, 2 ], "texture": "#texture" },
        "up":    { "uv": [ 2, 2, 4, 0 ], "texture": "#texture" },
        "north": { "uv": [ 0, 2, 2, 4 ], "texture": "#texture" },
        "south": { "uv": [ 4, 2, 6, 4 ], "texture": "#texture" },
        "west":  { "uv": [ 2, 2, 4, 4 ], "texture": "#texture" },
        "east":  { "uv": [ 6, 2, 8, 4 ], "texture": "#texture" }
    }
},
{
    "from": [ 3, 6.5, 0 ],
    "to": [ 17, 16.5, 16 ],
    "rotation": { "origin": [ 3, 16.5, 0 ], "axis": "z", "angle": 22.5 },
    "faces": {
        "down":  { "uv": [ 11.5, 4.25, 7.5, 7.75 ], "rotation": 90, "texture": "#texture" },
        "up":    { "uv": [ 3.5, 4.25, 7.5, 7.75 ], "rotation": 90, "texture": "#texture" },
        "north": { "uv": [ 0, 7.75, 3.5, 10.25 ], "texture": "#texture" },
        "south": { "uv": [ 7.5, 7.75, 11, 10.25 ], "texture": "#texture" },
        "west":  { "uv": [ 3.5, 7.75, 7.5, 10.25 ], "texture": "#texture" },
        "east":  { "uv": [ 11, 7.75, 15, 10.25 ], "texture": "#texture" }
    }
},
{
    "from": [ 9.5, 5, 2.5 ],
    "to": [ 17.5, 12, 13.5 ],
    "faces": {
        "down":  { "uv": [ 14, 10.5, 11.25, 12.5 ], "rotation": 90, "texture": "#texture" },
        "up":    { "uv": [ 8.5, 10.5, 11.25, 12.5 ], "rotation": 90, "texture": "#texture" },
        "north": { "uv": [ 6.5, 12.5, 8.5, 14.25 ], "texture": "#texture" },
        "south": { "uv": [ 11.25, 12.5, 13.25, 14.25 ], "texture": "#texture" },
        "west":  { "uv": [ 8.5, 12.5, 11.25, 14.25 ], "texture": "#texture" },
        "east":  { "uv": [ 13.25, 12.5, 16, 14.25 ], "texture": "#texture" }
    }
},
{
    "from": [ 11, 1, -4 ],
    "to": [ 15, 18, 0 ],
    "rotation": { "origin": [ 11, 18, -4 ], "axis": "z", "angle": -22.5 },
    "faces": {
        "down":  { "uv": [ 5.5, 2.75, 6.5, 3.75 ], "texture": "#texture" },
        "up":    { "uv": [ 0, 10.5, 1, 11.5 ], "texture": "#texture" },
        "north": { "uv": [ 0, 10.5, 1, 14.75 ], "texture": "#texture" },
        "south": { "uv": [ 0, 10.5, 1, 14.75 ], "texture": "#texture" },
        "west":  { "uv": [ 1, 10.5, 0, 14.75 ], "texture": "#texture" },
        "east":  { "uv": [ 1, 10.5, 0, 14.75 ], "texture": "#texture" }
    }
},
{
    "from": [ 11, 1, 16 ],
    "to": [ 15, 18, 20 ],
    "rotation": { "origin": [ 11, 18, 16 ], "axis": "z", "angle": -22.5 },
    "faces": {
        "down":  { "uv": [ 5.5, 2.75, 6.5, 3.75 ], "texture": "#texture" },
        "up":    { "uv": [ 0, 10.5, 1, 11.5 ], "texture": "#texture" },
        "north": { "uv": [ 1, 10.5, 0, 14.75 ], "texture": "#texture" },
        "south": { "uv": [ 1, 10.5, 0, 14.75 ], "texture": "#texture" },
        "west":  { "uv": [ 0, 10.5, 1, 14.75 ], "texture": "#texture" },
        "east":  { "uv": [ 0, 10.5, 1, 14.75 ], "texture": "#texture" }
    }
},
{
    "from": [ 2.25, 9.5, 4.5 ],
    "to": [ 2.3125, 16.5, 11.5 ],
    "faces": {
        "west":  { "uv": [ 0.25, 4.25, 2, 6 ], "texture": "#texture" },
        "east":  { "uv": [ 15.5, 0.25, 13.75, 2 ], "texture": "#texture" }
    }
}
],
"display": {
    "thirdperson_righthand": {
        "rotation": [ 10, -45, -90 ],
        "translation": [ 0, 1.5, -2.75 ],
        "scale": [ 0.37, 0.37, 0.37 ]
    },
    "thirdperson_lefthand": {
        "rotation": [ 10, -45, 90 ],
        "translation": [ 0, 0, -2.75 ],
        "scale": [ 0.37, 0.37, 0.37 ]
    },
    "head": {
        "rotation": [ 0, -90, 0 ],
        "translation": [ 0, -15, -9.26 ],
        "scale": [ 1.75, 1.75, 1.75 ]
    },
    "ground": {
        "rotation": [ 0, 0, 0 ],
        "translation": [ 0, 5.29, 0 ],
        "scale": [ 0.5, 0.5, 0.5 ]
    },
    "fixed": {
        "rotation": [ 0, -90, 0 ],
        "translation": [ 0, -2.65, -2.65 ],
        "scale": [ 0.5, 0.5, 0.5 ]
    },
    "firstperson_righthand": {
        "rotation": [ 0, 20, 0 ],
        "translation": [ 0, 0, 0 ],
        "scale": [ 0.5, 0.5, 0.5 ]
    },
    "firstperson_lefthand": {
        "rotation": [ 0, -160, 0 ],
        "translation": [ 0, 0, 0 ],
        "scale": [ 0.5, 0.5, 0.5 ]
    },
    "gui": {
        "rotation": [ 45, 135, 0 ],
        "translation": [ 0, -1.32, 0 ],
        "scale": [ 0.5, 0.5, 0.5 ]
    }
}
}