{
"__comment": "Designed by MasterianoX",
"textures": {
    "particle": "entity/skeleton/frozen_being",
    "texture": "entity/skeleton/frozen_being"
},
"elements": [ 
{
    "from": [ 4, 12, 3 ],
    "to": [ 12, 20, 15 ],
    "faces": {
        "down":  { "uv": [ 5, 0, 7, 3 ], "texture": "#texture" },
        "up":    { "uv": [ 3, 0, 5, 3 ], "texture": "#texture" },
        "north": { "uv": [ 5, 3, 3, 5 ], "texture": "#texture" },
        "south": { "uv": [ 8, 3, 10, 5 ], "texture": "#texture" },
        "west":  { "uv": [ 5, 3, 8, 5 ], "texture": "#texture" },
        "east":  { "uv": [ 0, 3, 3, 5 ], "texture": "#texture" }
    }
},
{
    "from": [ -2, 5, 10 ],
    "to": [ 18, 17, 22 ],
    "faces": {
        "down":  { "uv": [ 8, 5.25, 13, 8.25 ], "texture": "#texture" },
        "up":    { "uv": [ 3, 5.25, 8, 8.25 ], "texture": "#texture" },
        "north": { "uv": [ 3, 8.25, 8, 11.25 ], "texture": "#texture" },
        "south": { "uv": [ 11, 8.25, 16, 11.25 ], "texture": "#texture" },
        "west":  { "uv": [ 0, 8.25, 3, 11.25 ], "texture": "#texture" },
        "east":  { "uv": [ 8, 8.25, 11, 11.25 ], "texture": "#texture" }
    }
},
{
    "from": [ 1, -3, 11 ],
    "to": [ 15, 5, 20 ],
    "rotation": { "origin": [ 1, 5, 11 ], "axis": "x", "angle": -22.5 },
    "faces": {
        "down":  { "uv": [ 9, 0, 12.5, 2.25 ], "texture": "#texture" },
        "up":    { "uv": [ 3.75, 5.5, 7.25, 7.75 ], "texture": "#texture" },
        "north": { "uv": [ 9, 0, 12.5, 2 ], "texture": "#texture" },
        "south": { "uv": [ 12.5, 8.75, 16, 10.75 ], "texture": "#texture" },
        "west":  { "uv": [ 0, 8.75, 2.25, 10.75 ], "texture": "#texture" },
        "east":  { "uv": [ 10.5, 8.75, 12.75, 10.75 ], "texture": "#texture" }
    }
},
{
    "from": [ 4, -7, 17 ],
    "to": [ 12, -1, 23 ],
    "rotation": { "origin": [ 4, -1, 17 ], "axis": "x", "angle": -45 },
    "faces": {
        "down":  { "uv": [ 9.5, 5.5, 11.5, 7 ], "texture": "#texture" },
        "up":    { "uv": [ 0, 0, 0.25, 0.25 ], "texture": "#texture" },
        "north": { "uv": [ 11.75, 2.5, 13.75, 4 ], "texture": "#texture" },
        "south": { "uv": [ 13.5, 9, 15.5, 10.5 ], "texture": "#texture" },
        "west":  { "uv": [ 13.75, 2.5, 15.25, 4 ], "texture": "#texture" },
        "east":  { "uv": [ 10.25, 2.5, 11.75, 4 ], "texture": "#texture" }
    }
},
{
    "from": [ 5, 11, 4 ],
    "to": [ 11, 12, 10 ],
    "faces": {
        "down":  { "uv": [ 7.25, 0, 8.75, 1.5 ], "texture": "#texture" },
        "up":    { "uv": [ 7.25, 0, 8.75, 1.5 ], "texture": "#texture" },
        "north": { "uv": [ 8.75, 1.25, 7.25, 1.5 ], "texture": "#texture" },
        "south": { "uv": [ 7.25, 0, 8.75, 0.25 ], "texture": "#texture" },
        "west":  { "uv": [ 7.25, 0, 7.5, 1.5 ], "rotation": 90, "texture": "#texture" },
        "east":  { "uv": [ 8.5, 1.5, 8.75, 0 ], "rotation": 90, "texture": "#texture" }
    }
},
{
    "from": [ 6, -4.25, 23.5 ],
    "to": [ 10, -1.25, 27.5 ],
    "rotation": { "origin": [ 6, -1.25, 23.5 ], "axis": "x", "angle": 22.5 },
    "faces": {
        "down":  { "uv": [ 12.75, 0, 13.75, 1 ], "texture": "#texture" },
        "up":    { "uv": [ 12.75, 0, 13.75, 1 ], "texture": "#texture" },
        "north": { "uv": [ 12.75, 0, 13.75, 0.75 ], "texture": "#texture" },
        "south": { "uv": [ 12.75, 0, 13.75, 0.75 ], "texture": "#texture" },
        "west":  { "uv": [ 13.75, 0, 12.75, 0.75 ], "texture": "#texture" },
        "east":  { "uv": [ 13.75, 0, 12.75, 0.75 ], "texture": "#texture" }
    }
},
{
    "from": [ -6, 8, -3 ],
    "to": [ -2, 12, 16 ],
    "faces": {
        "down":  { "uv": [ 5.5, 11.5, 9.5, 12.5 ], "rotation": 90, "texture": "#texture" },
        "up":    { "uv": [ 0, 11.5, 4, 12.5 ], "rotation": 90, "texture": "#texture" },
        "north": { "uv": [ 4.25, 11.5, 5.25, 12.5 ], "texture": "#texture" },
        "south": { "uv": [ 4.25, 12.75, 5.25, 13.75 ], "texture": "#texture" },
        "west":  { "uv": [ 0, 12.75, 4, 13.75 ], "texture": "#texture" },
        "east":  { "uv": [ 5.5, 12.75, 9.5, 13.75 ], "texture": "#texture" }
    }
},
{
    "from": [ 18, 8, -3 ],
    "to": [ 22, 12, 16 ],
    "faces": {
        "down":  { "uv": [ 5.5, 12.5, 9.5, 11.5 ], "rotation": 90, "texture": "#texture" },
        "up":    { "uv": [ 0, 12.5, 4, 11.5 ], "rotation": 90, "texture": "#texture" },
        "north": { "uv": [ 5.25, 11.5, 4.25, 12.5 ], "texture": "#texture" },
        "south": { "uv": [ 4.25, 12.75, 5.25, 13.75 ], "texture": "#texture" },
        "west":  { "uv": [ 9.5, 12.75, 5.5, 13.75 ], "texture": "#texture" },
        "east":  { "uv": [ 4, 12.75, 0, 13.75 ], "texture": "#texture" }
    }
}
],
"display": {
    "thirdperson_righthand": {
        "rotation": [ 0, 0, 0 ],
        "translation": [ 0, 0, -4.16 ],
        "scale": [ 0.5, 0.5, 0.5 ]
    },
    "thirdperson_lefthand": {
        "rotation": [ 0, 0, 0 ],
        "translation": [ 0, 0, -4.16 ],
        "scale": [ 0.5, 0.5, 0.5 ]
    },
    "head": {
        "rotation": [ 0, 0, 0 ],
        "translation": [ 0, -13.61, -10.58 ],
        "scale": [ 1.5, 1.5, 1.5 ]
    },
    "ground": {
        "rotation": [ 0, 0, 0 ],
        "translation": [ 0, 5.29, 0 ],
        "scale": [ 0.25, 0.25, 0.25 ]
    },
    "fixed": {
        "rotation": [ 0, 0, 0 ],
        "translation": [ 0, 0, -5.86 ],
        "scale": [ 0.5, 0.5, 0.5 ]
    },
    "firstperson_righthand": {
        "rotation": [ 0, 115, 0 ],
        "translation": [ 0, 0, -8.69 ],
        "scale": [ 1, 1, 1 ]
    },
    "firstperson_lefthand": {
        "rotation": [ 0, 115, 0 ],
        "translation": [ 0, 0, -8.69 ],
        "scale": [ 1, 1, 1 ]
    },
    "gui": {
        "rotation": [ 45, -135, 0 ],
        "translation": [ 0, -0.38, 0 ],
        "scale": [ 0.35, 0.35, 0.35 ]
    }
}
}