{
"__comment": "Designed by MasterianoX",
"textures": {
    "particle": "entity/skeleton/frozen_being",
    "texture": "entity/skeleton/frozen_being"
},
"elements": [ 
{
    "from": [ 4, 0, 4 ],
    "to": [ 12, 8, 12 ],
    "faces": {
        "down":  { "uv": [ 6, 0, 4, 2 ], "rotation": 90, "texture": "#texture" },
        "up":    { "uv": [ 2, 0, 4, 2 ], "rotation": 90, "texture": "#texture" },
        "north": { "uv": [ 0, 2, 2, 4 ], "texture": "#texture" },
        "south": { "uv": [ 4, 2, 6, 4 ], "texture": "#texture" },
        "west":  { "uv": [ 2, 2, 4, 4 ], "texture": "#texture" },
        "east":  { "uv": [ 6, 2, 8, 4 ], "texture": "#texture" }
    }
},
{
    "from": [ 3.5, 4, 4 ],
    "to": [ 4, 8, 8 ],
    "faces": {
        "down":  { "uv": [ 2, 2.75, 3, 3 ], "rotation": 90, "texture": "#texture" },
        "up":    { "uv": [ 2, 2, 3, 2.25 ], "rotation": 90, "texture": "#texture" },
        "north": { "uv": [ 2, 2, 2.25, 3 ], "texture": "#texture" },
        "south": { "uv": [ 2.75, 2, 3, 3 ], "texture": "#texture" },
        "west":  { "uv": [ 2, 2, 3, 3 ], "texture": "#texture" },
        "east":  { "uv": [ 2, 2, 3, 3 ], "texture": "#texture" }
    }
},
{
    "from": [ 3.5, 5, 8 ],
    "to": [ 4, 7, 9 ],
    "faces": {
        "down":  { "uv": [ 3, 2.5, 3.25, 2.75 ], "texture": "#texture" },
        "up":    { "uv": [ 3, 2.25, 3.25, 2.5 ], "texture": "#texture" },
        "north": { "uv": [ 3, 2.25, 3.25, 2.75 ], "texture": "#texture" },
        "south": { "uv": [ 3, 2.25, 3.25, 2.75 ], "texture": "#texture" },
        "west":  { "uv": [ 3, 2.25, 3.25, 2.75 ], "texture": "#texture" },
        "east":  { "uv": [ 3, 2.25, 3.25, 2.75 ], "texture": "#texture" }
    }
},
{
    "from": [ 3.5, 0, 4 ],
    "to": [ 4, 3, 7 ],
    "faces": {
        "down":  { "uv": [ 2, 3.75, 2.75, 4 ], "rotation": 90, "texture": "#texture" },
        "up":    { "uv": [ 2, 3.25, 2.75, 3.5 ], "rotation": 90, "texture": "#texture" },
        "north": { "uv": [ 2, 3.25, 2.25, 4 ], "texture": "#texture" },
        "south": { "uv": [ 2.5, 3.25, 2.75, 4 ], "texture": "#texture" },
        "west":  { "uv": [ 2, 3.25, 2.75, 4 ], "texture": "#texture" },
        "east":  { "uv": [ 2, 3.25, 2.75, 4 ], "texture": "#texture" }
    }
},
{
    "from": [ 3, 0, 7 ],
    "to": [ 4, 2, 12 ],
    "faces": {
        "down":  { "uv": [ 4, 3.75, 2.75, 4 ], "rotation": 90, "texture": "#texture" },
        "up":    { "uv": [ 2.75, 3.5, 4, 3.75 ], "rotation": 90, "texture": "#texture" },
        "north": { "uv": [ 2.75, 3.5, 3, 4 ], "texture": "#texture" },
        "south": { "uv": [ 3.75, 3.5, 4, 4 ], "texture": "#texture" },
        "west":  { "uv": [ 2.75, 3.5, 4, 4 ], "texture": "#texture" },
        "east":  { "uv": [ 2.75, 3.5, 4, 4 ], "texture": "#texture" }
    }
},
{
    "from": [ 3.5, 3, 4 ],
    "to": [ 4, 4, 5 ],
    "faces": {
        "down":  { "uv": [ 2, 3, 2.25, 3.25 ], "texture": "#texture" },
        "up":    { "uv": [ 2, 3, 2.25, 3.25 ], "texture": "#texture" },
        "north": { "uv": [ 2, 3, 2.25, 3.25 ], "texture": "#texture" },
        "south": { "uv": [ 2, 3, 2.25, 3.25 ], "texture": "#texture" },
        "west":  { "uv": [ 2, 3, 2.25, 3.25 ], "texture": "#texture" },
        "east":  { "uv": [ 2, 3, 2.25, 3.25 ], "texture": "#texture" }
    }
},
{
    "from": [ 4, 0, 12 ],
    "to": [ 12, 2, 12.5 ],
    "faces": {
        "down":  { "uv": [ 6, 3.75, 4, 4 ], "rotation": 90, "texture": "#texture" },
        "up":    { "uv": [ 4, 3.5, 6, 3.75 ], "rotation": 90, "texture": "#texture" },
        "north": { "uv": [ 4, 3.5, 6, 4 ], "texture": "#texture" },
        "south": { "uv": [ 4, 3.5, 6, 4 ], "texture": "#texture" },
        "west":  { "uv": [ 4, 3.5, 4.25, 4 ], "texture": "#texture" },
        "east":  { "uv": [ 5.75, 3.5, 6, 4 ], "texture": "#texture" }
    }
},
{
    "from": [ 4, 8, 4 ],
    "to": [ 12, 8.5, 8 ],
    "faces": {
        "down":  { "uv": [ 2, 0, 3, 2.25 ], "rotation": 90, "texture": "#texture" },
        "up":    { "uv": [ 2, 0, 3, 2 ], "rotation": 90, "texture": "#texture" },
        "north": { "uv": [ 2, 2, 2.25, 0 ], "rotation": 90, "texture": "#texture" },
        "south": { "uv": [ 2.75, 0, 3, 2 ], "rotation": 90, "texture": "#texture" },
        "west":  { "uv": [ 2, 1.75, 3, 2 ], "texture": "#texture" },
        "east":  { "uv": [ 3, 0, 2, 0.25 ], "texture": "#texture" }
    }
},
{
    "from": [ 5, 8, 8 ],
    "to": [ 7, 8.5, 9 ],
    "faces": {
        "down":  { "uv": [ 3, 1.25, 3.25, 1.75 ], "texture": "#texture" },
        "up":    { "uv": [ 3, 1.25, 3.25, 1.75 ], "texture": "#texture" },
        "north": { "uv": [ 3, 1.25, 3.25, 1.75 ], "texture": "#texture" },
        "south": { "uv": [ 3, 1.25, 3.25, 1.75 ], "texture": "#texture" },
        "west":  { "uv": [ 3, 1.25, 3.25, 1.75 ], "texture": "#texture" },
        "east":  { "uv": [ 3, 1.25, 3.25, 1.75 ], "texture": "#texture" }
    }
},
{
    "from": [ 8, 8, 8 ],
    "to": [ 12, 8.5, 9 ],
    "faces": {
        "down":  { "uv": [ 3, 0, 3.25, 1 ], "rotation": 90, "texture": "#texture" },
        "up":    { "uv": [ 3, 0, 3.25, 1 ], "rotation": 90, "texture": "#texture" },
        "north": { "uv": [ 3, 0, 3.25, 1 ], "rotation": 90, "texture": "#texture" },
        "south": { "uv": [ 3, 0, 3.25, 1 ], "rotation": 90, "texture": "#texture" },
        "west":  { "uv": [ 3, 0.75, 3.25, 1 ], "texture": "#texture" },
        "east":  { "uv": [ 3, 0, 3.25, 0.25 ], "texture": "#texture" }
    }
},
{
    "from": [ 3.5, 7, 9 ],
    "to": [ 7, 8.5, 10 ],
    "faces": {
        "down":  { "uv": [ 3.25, 2, 3.5, 2.25 ], "texture": "#texture" },
        "up":    { "uv": [ 3.25, 2, 3.5, 2.25 ], "texture": "#texture" },
        "north": { "uv": [ 3.25, 2, 3.5, 2.25 ], "texture": "#texture" },
        "south": { "uv": [ 3.25, 2, 3.5, 2.25 ], "texture": "#texture" },
        "west":  { "uv": [ 3.25, 2, 3.5, 2.25 ], "texture": "#texture" },
        "east":  { "uv": [ 3.25, 2, 3.5, 2.25 ], "texture": "#texture" }
    }
},
{
    "from": [ 7, 8, 9 ],
    "to": [ 12, 8.5, 10 ],
    "faces": {
        "down":  { "uv": [ 3.25, 0, 3.5, 1.25 ], "rotation": 90, "texture": "#texture" },
        "up":    { "uv": [ 3.25, 0, 3.5, 1.25 ], "rotation": 90, "texture": "#texture" },
        "north": { "uv": [ 3.25, 0, 3.5, 1.25 ], "rotation": 90, "texture": "#texture" },
        "south": { "uv": [ 3.25, 0, 3.5, 1.25 ], "rotation": 90, "texture": "#texture" },
        "west":  { "uv": [ 3.25, 1, 3.5, 1.25 ], "texture": "#texture" },
        "east":  { "uv": [ 3.25, 0, 3.5, 0.25 ], "texture": "#texture" }
    }
},
{
    "from": [ 4, 0, 3.5 ],
    "to": [ 12, 8, 4 ],
    "faces": {
        "down":  { "uv": [ 2, 3.75, 0, 4 ], "texture": "#texture" },
        "up":    { "uv": [ 2, 2, 0, 2.25 ], "texture": "#texture" },
        "north": { "uv": [ 0, 2, 2, 4 ], "texture": "#texture" },
        "south": { "uv": [ 0, 2, 2, 4 ], "texture": "#texture" },
        "west":  { "uv": [ 1.75, 2, 2, 4 ], "texture": "#texture" },
        "east":  { "uv": [ 0, 2, 0.25, 4 ], "texture": "#texture" }
    }
},
{
    "from": [ 12, 0, 4 ],
    "to": [ 12.5, 8, 8 ],
    "faces": {
        "down":  { "uv": [ 8, 3.75, 7, 4 ], "rotation": 90, "texture": "#texture" },
        "up":    { "uv": [ 8, 2, 7, 2.25 ], "rotation": 90, "texture": "#texture" },
        "north": { "uv": [ 7.75, 2, 8, 4 ], "texture": "#texture" },
        "south": { "uv": [ 7, 2, 7.25, 4 ], "texture": "#texture" },
        "west":  { "uv": [ 7, 2, 8, 4 ], "texture": "#texture" },
        "east":  { "uv": [ 7, 2, 8, 4 ], "texture": "#texture" }
    }
},
{
    "from": [ 12, 6, 8 ],
    "to": [ 12.5, 8, 10 ],
    "faces": {
        "down":  { "uv": [ 6.5, 2.25, 7, 2.5 ], "rotation": 90, "texture": "#texture" },
        "up":    { "uv": [ 7, 2, 6.5, 2.25 ], "rotation": 90, "texture": "#texture" },
        "north": { "uv": [ 6.75, 2, 7, 2.5 ], "texture": "#texture" },
        "south": { "uv": [ 6.5, 2, 6.75, 2.5 ], "texture": "#texture" },
        "west":  { "uv": [ 6.5, 2, 7, 2.5 ], "texture": "#texture" },
        "east":  { "uv": [ 6.5, 2, 7, 2.5 ], "texture": "#texture" }
    }
},
{
    "from": [ 12, 5, 8 ],
    "to": [ 12.5, 6, 9 ],
    "faces": {
        "down":  { "uv": [ 6.75, 2.5, 7, 2.75 ], "texture": "#texture" },
        "up":    { "uv": [ 6.75, 2.5, 7, 2.75 ], "texture": "#texture" },
        "north": { "uv": [ 6.75, 2.5, 7, 2.75 ], "texture": "#texture" },
        "south": { "uv": [ 6.75, 2.5, 7, 2.75 ], "texture": "#texture" },
        "west":  { "uv": [ 6.75, 2.5, 7, 2.75 ], "texture": "#texture" },
        "east":  { "uv": [ 6.75, 2.5, 7, 2.75 ], "texture": "#texture" }
    }
},
{
    "from": [ 12, 0, 10 ],
    "to": [ 12.5, 2, 12 ],
    "faces": {
        "down":  { "uv": [ 6, 3.75, 6.5, 4 ], "rotation": 90, "texture": "#texture" },
        "up":    { "uv": [ 6, 3.5, 6.5, 3.75 ], "rotation": 90, "texture": "#texture" },
        "north": { "uv": [ 6.25, 3.5, 6.5, 4 ], "texture": "#texture" },
        "south": { "uv": [ 6, 3.5, 6.25, 4 ], "texture": "#texture" },
        "west":  { "uv": [ 6, 3.5, 6.5, 4 ], "texture": "#texture" },
        "east":  { "uv": [ 6, 3.5, 6.5, 4 ], "texture": "#texture" }
    }
}
],
"display": {
    "thirdperson_righthand": {
        "rotation": [ 10, -45, 170 ],
        "translation": [ 0, 1.5, -2.75 ],
        "scale": [ 0.375, 0.375, 0.375 ]
    },
    "thirdperson_lefthand": {
        "rotation": [ 10, -45, 170 ],
        "translation": [ 0, 1.5, -2.75 ],
        "scale": [ 0.375, 0.375, 0.375 ]
    },
    "head": {
        "rotation": [ 0, -90, 0 ],
        "translation": [ 0, 9.45, 0 ],
        "scale": [ 2, 2, 2 ]
    },
    "ground": {
        "rotation": [ 0, 0, 0 ],
        "translation": [ 0, 4.16, 0 ],
        "scale": [ 0.5, 0.5, 0.5 ]
    },
    "fixed": {
        "rotation": [ 0, -90, 0 ],
        "translation": [ 0, 4.16, 0 ],
        "scale": [ 1, 1, 1 ]
    },
    "firstperson_righthand": {
        "rotation": [ 0, 23, 0 ],
        "translation": [ 0, 5.1, 0.94 ],
        "scale": [ 0.5, 0.5, 0.5 ]
    },
    "firstperson_lefthand": {
        "rotation": [ 0, -160, 0 ],
        "translation": [ -1.13, 5.09, 0.57 ],
        "scale": [ 0.5, 0.5, 0.5 ]
    },
    "gui": {
        "rotation": [ 45, 135, 0 ],
        "translation": [ 0, 2.83, 0 ],
        "scale": [ 1, 1, 1 ]
    }
}
}