{

"parent": "item/handheld",

"textures": {
        "layer0": "items/diamond_hoe"
}
,
"overrides": [
 {"predicate": {"damage": 0.95774647886}, "model": "item/plant_drops/death_cap_mushroom"},
 {"predicate": {"damage": 0.95838668373}, "model": "item/plant_drops/blue_mushrooms"},
 {"predicate": {"damage": 0.9590268886}, "model": "item/plant_drops/glowshroom"},
 {"predicate": {"damage": 0.95966709347}, "model": "item/plant_drops/plao_spike"},
 {"predicate": {"damage": 0.96030729833}, "model": "item/plant_drops/mystic_bush"},
 {"predicate": {"damage": 0.9609475032}, "model": "item/plant_drops/mystic_herb"},
 {"predicate": {"damage": 0.96158770806}, "model": "item/plant_drops/star_gazer"},
 {"predicate": {"damage": 0.96222791293}, "model": "item/plant_drops/thorns"},
 {"predicate": {"damage": 0.96286811779}, "model": "item/plant_drops/eyebulb"},
 {"predicate": {"damage": 0.96350832266}, "model": "item/plant_drops/bone_sprout"},
 {"predicate": {"damage": 0.96414852752}, "model": "item/plant_drops/night_shade"},
 {"predicate": {"damage": 0.96478873239}, "model": "item/plant_drops/shadow_shroom"},
 {"predicate": {"damage": 0.96542893726}, "model": "item/plant_drops/demon_wart"},
 {"predicate": {"damage": 0.96606914212}, "model": "item/plant_drops/yellow_mushrooms"},
 {"predicate": {"damage": 0.96670934699}, "model": "item/plant_drops/thyme"},
 {"predicate": {"damage": 0.96734955185}, "model": "item/plant_drops/river_tongue"},
 {"predicate": {"damage": 0.96798975672}, "model": "item/plant_drops/swamp_bloom"},

 {"predicate": {"damage": 0.96862996158}, "model": "item/craftable/forging/tungstanium"},
 {"predicate": {"damage": 0.96927016645}, "model": "item/craftable/forging/alumite"},
 {"predicate": {"damage": 0.96991037131}, "model": "item/craftable/forging/steel"},
 {"predicate": {"damage": 0.97055057618}, "model": "item/craftable/forging/solder"},
 {"predicate": {"damage": 0.97119078105}, "model": "item/craftable/forging/dense_aluminum"},
 {"predicate": {"damage": 0.97183098591}, "model": "item/craftable/forging/nickel_alloy"},
 {"predicate": {"damage": 0.97247119078}, "model": "item/craftable/forging/white_gold"},
 {"predicate": {"damage": 0.97311139564}, "model": "item/craftable/forging/dense_gold"},
 {"predicate": {"damage": 0.97375160051}, "model": "item/craftable/forging/gold_alloy"},
 {"predicate": {"damage": 0.97439180537}, "model": "item/craftable/forging/bronze"},
 {"predicate": {"damage": 0.97503201024}, "model": "item/craftable/forging/palladium"},
 {"predicate": {"damage": 0.9756722151}, "model": "item/craftable/forging/ardite_alloy"},
 {"predicate": {"damage": 0.97631241997}, "model": "item/craftable/forging/dense_ardite"},
 {"predicate": {"damage": 0.97695262484}, "model": "item/craftable/forging/hydrite"},
 {"predicate": {"damage": 0.9775928297}, "model": "item/craftable/forging/cobalt_alloy"},
 {"predicate": {"damage": 0.97823303457}, "model": "item/craftable/forging/dense_cobalt"},

 {"predicate": {"damage": 0.97887323943}, "model": "item/ore_drops/plao5v/platinum_ingot"},
 {"predicate": {"damage": 0.9795134443}, "model": "item/ore_drops/plao5v/nickel_ingot"},
 {"predicate": {"damage": 0.98015364916}, "model": "item/ore_drops/plao5v/mithril_ingot"},
 {"predicate": {"damage": 0.98079385403}, "model": "item/ore_drops/uthuma/tungsten_ingot"},
 {"predicate": {"damage": 0.98143405889}, "model": "item/ore_drops/uthuma/aluminum_ingot"},
 {"predicate": {"damage": 0.98207426376}, "model": "item/ore_drops/uthuma/ardite_ingot"},
 {"predicate": {"damage": 0.98271446863}, "model": "item/ore_drops/duratus/gold_ingot"},
 {"predicate": {"damage": 0.98335467349}, "model": "item/ore_drops/duratus/tin_ingot"},
 {"predicate": {"damage": 0.98399487836}, "model": "item/ore_drops/duratus/adamantite_ingot"},
 {"predicate": {"damage": 0.98463508322}, "model": "item/ore_drops/aquis/iron_ingot"},
 {"predicate": {"damage": 0.98527528809}, "model": "item/ore_drops/aquis/cobalt_ingot"},
 {"predicate": {"damage": 0.98591549295}, "model": "item/ore_drops/aquis/silver_ingot"},
 {"predicate": {"damage": 0.98655569782}, "model": "item/ore_drops/aquis/copper_ingot"},

 {"predicate": {"damage": 0.98719590268}, "model": "item/ore_drops/plao5v/platinum_clod"},
 {"predicate": {"damage": 0.98783610755}, "model": "item/ore_drops/plao5v/ruby"},
 {"predicate": {"damage": 0.98847631242}, "model": "item/ore_drops/plao5v/nickel_clod"},
 {"predicate": {"damage": 0.98911651728}, "model": "item/ore_drops/plao5v/osmium"},
 {"predicate": {"damage": 0.98975672215}, "model": "item/ore_drops/plao5v/mithril_clod"},
 {"predicate": {"damage": 0.99039692701}, "model": "item/ore_drops/uthuma/tungsten_clod"},
 {"predicate": {"damage": 0.99103713188}, "model": "item/ore_drops/uthuma/aluminum_clod"},
 {"predicate": {"damage": 0.99167733674}, "model": "item/ore_drops/uthuma/opal"},
 {"predicate": {"damage": 0.99231754161}, "model": "item/ore_drops/uthuma/ardite_clod"},
 {"predicate": {"damage": 0.99295774647}, "model": "item/ore_drops/duratus/gold_clod"},
 {"predicate": {"damage": 0.99359795134}, "model": "item/ore_drops/duratus/tin_clod"},
 {"predicate": {"damage": 0.99423815621}, "model": "item/ore_drops/duratus/frostite"},
 {"predicate": {"damage": 0.99487836107}, "model": "item/ore_drops/duratus/sapphire"},
 {"predicate": {"damage": 0.99551856594}, "model": "item/ore_drops/duratus/adamantite_clod"},
 {"predicate": {"damage": 0.9961587708}, "model": "item/ore_drops/aquis/topaz"},
 {"predicate": {"damage": 0.99679897567}, "model": "item/ore_drops/aquis/iron_clod"},
 {"predicate": {"damage": 0.99743918053}, "model": "item/ore_drops/aquis/amethyst"},
 {"predicate": {"damage": 0.9980793854}, "model": "item/ore_drops/aquis/cobalt_clod"},
 {"predicate": {"damage": 0.99871959026}, "model": "item/ore_drops/aquis/silver_clod"},
 {"predicate": {"damage": 0.999359795}, "model": "item/ore_drops/aquis/copper_clod"}
]
}