{
   
"parent": "item/handheld",

"textures": {
        "layer0": "items/iron_sword"

}
,
"overrides": [
 {"predicate": {"damage": 0.88446215139}, "model": "item/weapons_tools/swords/copper_sword"},
 {"predicate": {"damage": 0.88844621513}, "model": "item/weapons_tools/swords/stellar"},
 {"predicate": {"damage": 0.89243027888}, "model": "item/weapons_tools/swords/anti_cyberman"},
 {"predicate": {"damage": 0.89641434262}, "model": "item/weapons_tools/swords/slicer_3000"},
 {"predicate": {"damage": 0.90039840637}, "model": "item/weapons_tools/swords/mutated_blade"},
 {"predicate": {"damage": 0.90438247012}, "model": "item/weapons_tools/swords/ice_shank"},
 {"predicate": {"damage": 0.90836653386}, "model": "item/weapons_tools/swords/ice_saber"},
 {"predicate": {"damage": 0.91235059761}, "model": "item/weapons_tools/swords/viking_sword"},
 {"predicate": {"damage": 0.91633466135}, "model": "item/weapons_tools/swords/yeti"},
 {"predicate": {"damage": 0.9203187251}, "model": "item/weapons_tools/swords/cursed_staff"},
 {"predicate": {"damage": 0.92430278884}, "model": "item/weapons_tools/swords/poisonous_knife"},
 {"predicate": {"damage": 0.92828685259}, "model": "item/weapons_tools/swords/demon_mace"},
 {"predicate": {"damage": 0.93227091633}, "model": "item/weapons_tools/swords/molten_sword"},
 {"predicate": {"damage": 0.93625498008}, "model": "item/weapons_tools/swords/untamed"},
 {"predicate": {"damage": 0.94023904382}, "model": "item/weapons_tools/swords/silent_rapier"},
 {"predicate": {"damage": 0.94422310757}, "model": "item/weapons_tools/swords/decayed_blade"},
 {"predicate": {"damage": 0.94820717131}, "model": "item/weapons_tools/swords/living_wood_sword"},
 {"predicate": {"damage": 0.95219123506}, "model": "item/weapons_tools/swords/hags_doom"},
 {"predicate": {"damage": 0.9561752988}, "model": "item/weapons_tools/swords/platinum_sword"},
 {"predicate": {"damage": 0.96015936255}, "model": "item/weapons_tools/swords/mithril_sword"},
 {"predicate": {"damage": 0.96414342629}, "model": "item/weapons_tools/swords/nickel_sword"},
 {"predicate": {"damage": 0.96812749004}, "model": "item/weapons_tools/swords/tin_sword"},
 {"predicate": {"damage": 0.97211155378}, "model": "item/weapons_tools/swords/gold_sword"},
 {"predicate": {"damage": 0.97609561753}, "model": "item/weapons_tools/swords/adamantite_sword"},
 {"predicate": {"damage": 0.98007968127}, "model": "item/weapons_tools/swords/tungsten_sword"},
 {"predicate": {"damage": 0.98406374502}, "model": "item/weapons_tools/swords/ardite_sword"},
 {"predicate": {"damage": 0.98804780876}, "model": "item/weapons_tools/swords/aluminum_sword"},
 {"predicate": {"damage": 0.99203187251}, "model": "item/weapons_tools/swords/cobalt_sword"},
 {"predicate": {"damage": 0.99601593625}, "model": "item/weapons_tools/swords/silver_sword"}
]
}