{
   
"parent": "item/handheld",

"textures": {
        "layer0": "items/iron_axe"

}
,
"overrides": [
 {"predicate": {"damage": 0.88446215139}, "model": "item/weapons_tools/axes/copper_axe"},
 {"predicate": {"damage": 0.88844621513}, "model": "item/weapons_tools/axes/"},
 {"predicate": {"damage": 0.89243027888}, "model": "item/weapons_tools/axes/"},
 {"predicate": {"damage": 0.89641434262}, "model": "item/weapons_tools/axes/"},
 {"predicate": {"damage": 0.90039840637}, "model": "item/weapons_tools/axes/"},
 {"predicate": {"damage": 0.90438247012}, "model": "item/weapons_tools/axes/"},
 {"predicate": {"damage": 0.90836653386}, "model": "item/weapons_tools/axes/"},
 {"predicate": {"damage": 0.91235059761}, "model": "item/weapons_tools/axes/"},
 {"predicate": {"damage": 0.91633466135}, "model": "item/weapons_tools/axes/"},
 {"predicate": {"damage": 0.9203187251}, "model": "item/weapons_tools/axes/"},
 {"predicate": {"damage": 0.92430278884}, "model": "item/weapons_tools/axes/"},
 {"predicate": {"damage": 0.92828685259}, "model": "item/weapons_tools/axes/"},
 {"predicate": {"damage": 0.93227091633}, "model": "item/weapons_tools/axes/"},
 {"predicate": {"damage": 0.93625498008}, "model": "item/weapons_tools/axes/"},
 {"predicate": {"damage": 0.94023904382}, "model": "item/weapons_tools/axes/"},
 {"predicate": {"damage": 0.94422310757}, "model": "item/weapons_tools/axes/"},
 {"predicate": {"damage": 0.94820717131}, "model": "item/weapons_tools/axes/winters_bite"},
 {"predicate": {"damage": 0.95219123506}, "model": "item/weapons_tools/axes/sea_monster"},
 {"predicate": {"damage": 0.9561752988}, "model": "item/weapons_tools/axes/platinum_axe"},
 {"predicate": {"damage": 0.96015936255}, "model": "item/weapons_tools/axes/mithril_axe"},
 {"predicate": {"damage": 0.96414342629}, "model": "item/weapons_tools/axes/nickel_axe"},
 {"predicate": {"damage": 0.96812749004}, "model": "item/weapons_tools/axes/tin_axe"},
 {"predicate": {"damage": 0.97211155378}, "model": "item/weapons_tools/axes/gold_axe"},
 {"predicate": {"damage": 0.97609561753}, "model": "item/weapons_tools/axes/adamantite_axe"},
 {"predicate": {"damage": 0.98007968127}, "model": "item/weapons_tools/axes/tungsten_axe"},
 {"predicate": {"damage": 0.98406374502}, "model": "item/weapons_tools/axes/ardite_axe"},
 {"predicate": {"damage": 0.98804780876}, "model": "item/weapons_tools/axes/aluminum_axe"},
 {"predicate": {"damage": 0.99203187251}, "model": "item/weapons_tools/axes/cobalt_axe"},
 {"predicate": {"damage": 0.99601593625}, "model": "item/weapons_tools/axes/silver_axe"}
]
}