{
"__comment": "Designed by MasterianoX",
"textures": {
    "particle": "entity/npcs/guard",
    "texture": "entity/npcs/guard"
},
"elements": [ 
{
    "from": [ 5, 18, 4.5 ],
    "to": [ 11, 23, 11.5 ],
    "faces": {
        "down":  { "uv": [ 7.25, 0, 8.75, 1.75 ], "texture": "#texture" },
        "up":    { "uv": [ 5.75, 0, 7.25, 1.75 ], "texture": "#texture" },
        "north": { "uv": [ 9, 1.75, 10.5, 3 ], "texture": "#texture" },
        "south": { "uv": [ 5.75, 1.75, 7.25, 3 ], "texture": "#texture" },
        "west":  { "uv": [ 4, 1.75, 5.75, 3 ], "texture": "#texture" },
        "east":  { "uv": [ 9, 1.75, 7.25, 3 ], "texture": "#texture" }
    }
},
{
    "from": [ 4, 16, 4 ],
    "to": [ 12, 18, 12 ],
    "faces": {
        "down":  { "uv": [ 4, 8.25, 6, 10.25 ], "texture": "#texture" },
        "up":    { "uv": [ 2, 8.25, 4, 10.25 ], "texture": "#texture" },
        "north": { "uv": [ 6, 10.25, 8, 10.75 ], "texture": "#texture" },
        "south": { "uv": [ 2, 10.25, 4, 10.75 ], "texture": "#texture" },
        "west":  { "uv": [ 0, 10.25, 2, 10.75 ], "texture": "#texture" },
        "east":  { "uv": [ 4, 10.25, 6, 10.75 ], "texture": "#texture" }
    }
},
{
    "from": [ 4, 18, 4 ],
    "to": [ 5, 23, 8 ],
    "faces": {
        "down":  { "uv": [ 6, 9, 7, 9.25 ], "rotation": 90, "texture": "#texture" },
        "up":    { "uv": [ 6, 9, 7, 9.25 ], "rotation": 90, "texture": "#texture" },
        "north": { "uv": [ 6, 9, 6.25, 10.25 ], "texture": "#texture" },
        "south": { "uv": [ 6.75, 9, 7, 10.25 ], "texture": "#texture" },
        "west":  { "uv": [ 6, 9, 7, 10.25 ], "texture": "#texture" },
        "east":  { "uv": [ 6, 9, 7, 10.25 ], "texture": "#texture" }
    }
},
{
    "from": [ 11, 18, 4 ],
    "to": [ 12, 23, 8 ],
    "faces": {
        "down":  { "uv": [ 6, 10, 7, 10.25 ], "rotation": 90, "texture": "#texture" },
        "up":    { "uv": [ 6, 9, 7, 9.25 ], "rotation": 90, "texture": "#texture" },
        "north": { "uv": [ 6, 9, 6.25, 10.25 ], "texture": "#texture" },
        "south": { "uv": [ 6.75, 9, 7, 10.25 ], "texture": "#texture" },
        "west":  { "uv": [ 7, 9, 6, 10.25 ], "texture": "#texture" },
        "east":  { "uv": [ 7, 9, 6, 10.25 ], "texture": "#texture" }
    }
},
{
    "from": [ 5, 18, 4 ],
    "to": [ 11, 23, 5 ],
    "faces": {
        "down":  { "uv": [ 7.5, 10, 9, 10.25 ], "texture": "#texture" },
        "up":    { "uv": [ 7.5, 9, 9, 9.25 ], "texture": "#texture" },
        "north": { "uv": [ 7.5, 9, 9, 10.25 ], "texture": "#texture" },
        "south": { "uv": [ 7.5, 9, 9, 10.25 ], "texture": "#texture" },
        "west":  { "uv": [ 7.5, 9, 7.75, 10.25 ], "texture": "#texture" },
        "east":  { "uv": [ 8.75, 9, 9, 10.25 ], "texture": "#texture" }
    }
},
{
    "from": [ 4.5, 23, 4.5 ],
    "to": [ 11.5, 24, 11.5 ],
    "faces": {
        "down":  { "uv": [ 7.25, 7.25, 9, 9 ], "texture": "#texture" },
        "up":    { "uv": [ 7.25, 7.25, 9, 9 ], "rotation": 180, "texture": "#texture" },
        "north": { "uv": [ 7.25, 8.75, 9, 9 ], "texture": "#texture" },
        "south": { "uv": [ 7.25, 7.25, 9, 7.5 ], "texture": "#texture" },
        "west":  { "uv": [ 8.75, 7.25, 9, 9 ], "rotation": 90, "texture": "#texture" },
        "east":  { "uv": [ 7.25, 9, 7.5, 7.25 ], "rotation": 90, "texture": "#texture" }
    }
},
{
    "from": [ 5, 24, 5 ],
    "to": [ 11, 24.5, 11 ],
    "faces": {
        "down":  { "uv": [ 9.25, 7.25, 10.75, 8.75 ], "texture": "#texture" },
        "up":    { "uv": [ 9.25, 7.25, 10.75, 8.75 ], "texture": "#texture" },
        "north": { "uv": [ 9.25, 7.25, 10.75, 7.5 ], "texture": "#texture" },
        "south": { "uv": [ 9.25, 8.5, 10.75, 8.75 ], "texture": "#texture" },
        "west":  { "uv": [ 9.25, 7.25, 9.5, 8.75 ], "rotation": 90, "texture": "#texture" },
        "east":  { "uv": [ 10.5, 7.25, 10.75, 8.75 ], "rotation": 90, "texture": "#texture" }
    }
},
{
    "from": [ 4, 18, 8 ],
    "to": [ 5, 20, 10 ],
    "faces": {
        "down":  { "uv": [ 7, 10, 7.5, 10.25 ], "texture": "#texture" },
        "up":    { "uv": [ 7, 9.75, 7.5, 10 ], "texture": "#texture" },
        "north": { "uv": [ 7, 9.75, 7.25, 10.25 ], "texture": "#texture" },
        "south": { "uv": [ 7.25, 9.75, 7.5, 10.25 ], "texture": "#texture" },
        "west":  { "uv": [ 7, 9.75, 7.5, 10.25 ], "texture": "#texture" },
        "east":  { "uv": [ 7, 9.75, 7.5, 10.25 ], "texture": "#texture" }
    }
},
{
    "from": [ 11, 18, 8 ],
    "to": [ 12, 20, 10 ],
    "faces": {
        "down":  { "uv": [ 7, 10, 7.5, 10.25 ], "texture": "#texture" },
        "up":    { "uv": [ 7, 9.75, 7.5, 10 ], "texture": "#texture" },
        "north": { "uv": [ 7, 9.75, 7.25, 10.25 ], "texture": "#texture" },
        "south": { "uv": [ 7.25, 9.75, 7.5, 10.25 ], "texture": "#texture" },
        "west":  { "uv": [ 7, 9.75, 7.5, 10.25 ], "texture": "#texture" },
        "east":  { "uv": [ 7, 9.75, 7.5, 10.25 ], "texture": "#texture" }
    }
},
{
    "from": [ 4, 7, 5 ],
    "to": [ 12, 16, 10 ],
    "faces": {
        "down":  { "uv": [ 7.5, 3.25, 9.5, 4.5 ], "texture": "#texture" },
        "up":    { "uv": [ 5.5, 3.25, 7.5, 4.5 ], "texture": "#texture" },
        "north": { "uv": [ 8.75, 4.5, 10.75, 6.75 ], "texture": "#texture" },
        "south": { "uv": [ 5.5, 4.5, 7.5, 6.75 ], "texture": "#texture" },
        "west":  { "uv": [ 4.25, 4.5, 5.5, 6.75 ], "texture": "#texture" },
        "east":  { "uv": [ 7.5, 4.5, 8.75, 6.75 ], "texture": "#texture" }
    }
},
{
    "from": [ -1, 11, 4 ],
    "to": [ 4, 16, 9 ],
    "rotation": { "origin": [ -1, 16, 4 ], "axis": "x", "angle": -22.5 },
    "faces": {
        "down":  { "uv": [ 13, 0, 14.25, 1.25 ], "texture": "#texture" },
        "up":    { "uv": [ 13, 0, 14.25, 1.25 ], "texture": "#texture" },
        "north": { "uv": [ 13, 0, 14.25, 1.25 ], "texture": "#texture" },
        "south": { "uv": [ 13, 0, 14.25, 1.25 ], "texture": "#texture" },
        "west":  { "uv": [ 13, 0, 14.25, 1.25 ], "texture": "#texture" },
        "east":  { "uv": [ 13, 0, 14.25, 1.25 ], "texture": "#texture" }
    }
},
{
    "from": [ 12, 13, 6.5 ],
    "to": [ 17, 18, 11.5 ],
    "rotation": { "origin": [ 12, 18, 6.5 ], "axis": "x", "angle": 22.5 },
    "faces": {
        "down":  { "uv": [ 13, 0, 14.25, 1.25 ], "texture": "#texture" },
        "up":    { "uv": [ 13, 0, 14.25, 1.25 ], "texture": "#texture" },
        "north": { "uv": [ 13, 0, 14.25, 1.25 ], "texture": "#texture" },
        "south": { "uv": [ 13, 0, 14.25, 1.25 ], "texture": "#texture" },
        "west":  { "uv": [ 13, 0, 14.25, 1.25 ], "texture": "#texture" },
        "east":  { "uv": [ 13, 0, 14.25, 1.25 ], "texture": "#texture" }
    }
},
{
    "from": [ -0.5, 1.5, 5.5 ],
    "to": [ 4, 13.5, 9.5 ],
    "faces": {
        "down":  { "uv": [ 2, 4, 3, 5 ], "texture": "#texture" },
        "up":    { "uv": [ 1, 4, 2, 5 ], "texture": "#texture" },
        "north": { "uv": [ 3, 5, 4, 8 ], "texture": "#texture" },
        "south": { "uv": [ 1, 5, 2, 8 ], "texture": "#texture" },
        "west":  { "uv": [ 0, 5, 1, 8 ], "texture": "#texture" },
        "east":  { "uv": [ 2, 5, 3, 8 ], "texture": "#texture" }
    }
},
{
    "from": [ 12.5, 13, 7 ],
    "to": [ 16.5, 17, 14 ],
    "rotation": { "origin": [ 12.5, 17, 7 ], "axis": "x", "angle": 22.5 },
    "faces": {
        "down":  { "uv": [ 3, 5, 4, 6.75 ], "texture": "#texture" },
        "up":    { "uv": [ 1, 5, 2, 6.75 ], "texture": "#texture" },
        "north": { "uv": [ 1, 4, 2, 5 ], "texture": "#texture" },
        "south": { "uv": [ 1, 4, 2, 5 ], "texture": "#texture" },
        "west":  { "uv": [ 0, 5, 1, 6.75 ], "rotation": 90, "texture": "#texture" },
        "east":  { "uv": [ 2, 5, 3, 6.75 ], "rotation": 90, "texture": "#texture" }
    }
},
{
    "from": [ -1, 7, 5 ],
    "to": [ 4, 9, 10 ],
    "faces": {
        "down":  { "uv": [ 10.5, 0.25, 10.75, 0.5 ], "texture": "#texture" },
        "up":    { "uv": [ 10.5, 0.25, 10.75, 0.5 ], "texture": "#texture" },
        "north": { "uv": [ 10.5, 0.25, 10.75, 0.5 ], "texture": "#texture" },
        "south": { "uv": [ 10.5, 0.25, 10.75, 0.5 ], "texture": "#texture" },
        "west":  { "uv": [ 10.5, 0.25, 10.75, 0.5 ], "texture": "#texture" },
        "east":  { "uv": [ 10.5, 0.25, 10.75, 0.5 ], "texture": "#texture" }
    }
},
{
    "from": [ 12, 10, 12 ],
    "to": [ 17, 15, 14 ],
    "faces": {
        "down":  { "uv": [ 10.5, 0.25, 10.75, 0.5 ], "texture": "#texture" },
        "up":    { "uv": [ 10.5, 0.25, 10.75, 0.5 ], "texture": "#texture" },
        "north": { "uv": [ 10.5, 0.25, 10.75, 0.5 ], "texture": "#texture" },
        "south": { "uv": [ 10.5, 0.25, 10.75, 0.5 ], "texture": "#texture" },
        "west":  { "uv": [ 10.5, 0.25, 10.75, 0.5 ], "texture": "#texture" },
        "east":  { "uv": [ 10.5, 0.25, 10.75, 0.5 ], "texture": "#texture" }
    }
},
{
    "from": [ 12.5625, 11.5, 15.5 ],
    "to": [ 16.4375, 17.5, 19.5 ],
    "rotation": { "origin": [ 12.5625, 17.5, 15.5 ], "axis": "x", "angle": 45 },
    "faces": {
        "down":  { "uv": [ 2, 4, 3, 5 ], "texture": "#texture" },
        "up":    { "uv": [ 2, 4, 3, 5 ], "texture": "#texture" },
        "north": { "uv": [ 3, 8, 4, 6.5 ], "texture": "#texture" },
        "south": { "uv": [ 1, 8, 2, 6.5 ], "texture": "#texture" },
        "west":  { "uv": [ 0, 8, 1, 6.5 ], "texture": "#texture" },
        "east":  { "uv": [ 2, 8, 3, 6.5 ], "texture": "#texture" }
    }
},
{
    "from": [ 3.5, 5, 4.5 ],
    "to": [ 12.5, 7, 10.5 ],
    "faces": {
        "down":  { "uv": [ 10.5, 0.25, 12.75, 1.75 ], "texture": "#texture" },
        "up":    { "uv": [ 10.5, 1.75, 12.75, 0.25 ], "texture": "#texture" },
        "north": { "uv": [ 12.75, 1.5, 10.5, 2 ], "texture": "#texture" },
        "south": { "uv": [ 10.5, 0.5, 12.75, 0 ], "texture": "#texture" },
        "west":  { "uv": [ 10.75, 0.25, 10.25, 1.75 ], "rotation": 90, "texture": "#texture" },
        "east":  { "uv": [ 12.5, 0.25, 13, 1.75 ], "rotation": 90, "texture": "#texture" }
    }
},
{
    "from": [ 4, -7, 5.5 ],
    "to": [ 8, 5, 9.5 ],
    "faces": {
        "down":  { "uv": [ 2, 0, 3, 1 ], "texture": "#texture" },
        "up":    { "uv": [ 1, 0, 2, 1 ], "texture": "#texture" },
        "north": { "uv": [ 3, 1, 4, 4 ], "texture": "#texture" },
        "south": { "uv": [ 1, 1, 2, 4 ], "texture": "#texture" },
        "west":  { "uv": [ 0, 1, 1, 4 ], "texture": "#texture" },
        "east":  { "uv": [ 2, 1, 3, 4 ], "texture": "#texture" }
    }
},
{
    "from": [ 8, -7, 5.5 ],
    "to": [ 12, 5, 9.5 ],
    "faces": {
        "down":  { "uv": [ 2, 0, 3, 1 ], "texture": "#texture" },
        "up":    { "uv": [ 1, 0, 2, 1 ], "texture": "#texture" },
        "north": { "uv": [ 3, 1, 4, 4 ], "texture": "#texture" },
        "south": { "uv": [ 2, 1, 1, 4 ], "texture": "#texture" },
        "west":  { "uv": [ 0, 1, 1, 4 ], "texture": "#texture" },
        "east":  { "uv": [ 2, 1, 3, 4 ], "texture": "#texture" }
    }
}
],
"display": {
    "thirdperson_righthand": {
        "rotation": [ 10, -45, -45 ],
        "translation": [ 0, 1.5, -2.75 ],
        "scale": [ 0.37, 0.37, 0.37 ]
    },
    "thirdperson_lefthand": {
        "rotation": [ 10, -45, -45 ],
        "translation": [ 0, 1.5, -2.75 ],
        "scale": [ 0.37, 0.37, 0.37 ]
    },
    "head": {
        "rotation": [ 0, 180, 0 ],
        "translation": [ 0, -18.71, -0.76 ],
        "scale": [ 1.65, 1.65, 1.65 ]
    },
    "ground": {
        "rotation": [ 0, 0, 0 ],
        "translation": [ 0, 6.8, 0 ],
        "scale": [ 0.35, 0.35, 0.35 ]
    },
    "fixed": {
        "rotation": [ 0, -180, 0 ],
        "translation": [ 0, 0, -0.94 ],
        "scale": [ 0.35, 0.35, 0.35 ]
    },
    "firstperson_righthand": {
        "rotation": [ 0, -69, 0 ],
        "translation": [ 6.8, 0, -10.2 ],
        "scale": [ 1, 1, 1 ]
    },
    "firstperson_lefthand": {
        "rotation": [ 0, -69, 0 ],
        "translation": [ 6.8, 0, -10.2 ],
        "scale": [ 1, 1, 1 ]
    },
    "gui": {
        "rotation": [ 45, 45, 0 ],
        "translation": [ 0, 0, 0 ],
        "scale": [ 0.35, 0.35, 0.35 ]
    }
}
}