{
"__comment": "Designed by MasterianoX",
"textures": {
    "particle": "entity/merchants/carpenter",
    "texture": "entity/merchants/carpenter"
},
"elements": [ 
{
    "from": [ 8, -5, 4 ],
    "to": [ 12, 0, 8 ],
    "faces": {
        "down":  { "uv": [ 2, 9.5, 3, 10.5 ], "texture": "#texture" },
        "up":    { "uv": [ 1, 9.5, 2, 10.5 ], "texture": "#texture" },
        "north": { "uv": [ 0, 10.5, 1, 11.75 ], "texture": "#texture" },
        "south": { "uv": [ 2, 10.5, 3, 11.75 ], "texture": "#texture" },
        "west":  { "uv": [ 1, 10.5, 2, 11.75 ], "texture": "#texture" },
        "east":  { "uv": [ 3, 10.5, 4, 11.75 ], "texture": "#texture" }
    }
},
{
    "from": [ 8, -5, 8 ],
    "to": [ 12, 0, 12 ],
    "faces": {
        "down":  { "uv": [ 2, 9.5, 3, 10.5 ], "texture": "#texture" },
        "up":    { "uv": [ 1, 9.5, 2, 10.5 ], "texture": "#texture" },
        "north": { "uv": [ 0, 10.5, 1, 11.75 ], "texture": "#texture" },
        "south": { "uv": [ 2, 10.5, 3, 11.75 ], "texture": "#texture" },
        "west":  { "uv": [ 1, 10.5, 2, 11.75 ], "texture": "#texture" },
        "east":  { "uv": [ 4, 10.5, 3, 11.75 ], "texture": "#texture" }
    }
},
{
    "from": [ 4, 0, 2 ],
    "to": [ 16, 11, 14 ],
    "faces": {
        "down":  { "uv": [ 5.75, 3.75, 8.75, 6.5 ], "texture": "#texture" },
        "up":    { "uv": [ 2.75, 3.75, 5.75, 6.5 ], "rotation": 90, "texture": "#texture" },
        "north": { "uv": [ 0, 6.5, 2.75, 9.25 ], "texture": "#texture" },
        "south": { "uv": [ 5.75, 6.5, 8.5, 9.25 ], "texture": "#texture" },
        "west":  { "uv": [ 2.75, 6.5, 5.75, 9.25 ], "texture": "#texture" },
        "east":  { "uv": [ 8.5, 6.5, 11.5, 9.25 ], "texture": "#texture" }
    }
},
{
    "from": [ 7, -3, -2 ],
    "to": [ 11, 9, 2 ],
    "faces": {
        "down":  { "uv": [ 11, 0, 12, 1 ], "texture": "#texture" },
        "up":    { "uv": [ 10, 0, 11, 1 ], "texture": "#texture" },
        "north": { "uv": [ 9, 1, 10, 4 ], "texture": "#texture" },
        "south": { "uv": [ 11, 1, 12, 4 ], "texture": "#texture" },
        "west":  { "uv": [ 10, 1, 11, 4 ], "texture": "#texture" },
        "east":  { "uv": [ 12, 1, 13, 4 ], "texture": "#texture" }
    }
},
{
    "from": [ 7, -3, 14 ],
    "to": [ 11, 9, 18 ],
    "rotation": { "origin": [ 7, 9, 14 ], "axis": "z", "angle": -22.5 },
    "faces": {
        "down":  { "uv": [ 11, 0, 12, 1 ], "texture": "#texture" },
        "up":    { "uv": [ 10, 0, 11, 1 ], "texture": "#texture" },
        "north": { "uv": [ 9, 1, 10, 4 ], "texture": "#texture" },
        "south": { "uv": [ 11, 1, 12, 4 ], "texture": "#texture" },
        "west":  { "uv": [ 10, 1, 11, 4 ], "texture": "#texture" },
        "east":  { "uv": [ 12, 1, 13, 4 ], "texture": "#texture" }
    }
},
{
    "from": [ 1, 6, 4 ],
    "to": [ 8, 13, 12 ],
    "faces": {
        "down":  { "uv": [ 3.75, 0, 5.75, 1.75 ], "rotation": 90, "texture": "#texture" },
        "up":    { "uv": [ 1.75, 0, 3.75, 1.75 ], "rotation": 90, "texture": "#texture" },
        "north": { "uv": [ 0, 1.75, 1.75, 3.5 ], "texture": "#texture" },
        "south": { "uv": [ 3.75, 1.75, 5.5, 3.5 ], "texture": "#texture" },
        "west":  { "uv": [ 1.75, 1.75, 3.75, 3.5 ], "texture": "#texture" },
        "east":  { "uv": [ 5.5, 1.75, 7.5, 3.5 ], "texture": "#texture" }
    }
},
{
    "from": [ -1, 7, 6.5 ],
    "to": [ 1, 10, 9.5 ],
    "faces": {
        "down":  { "uv": [ 0, 0, 0.5, 0.5 ], "texture": "#texture" },
        "up":    { "uv": [ 0, 0, 0.5, 0.5 ], "texture": "#texture" },
        "north": { "uv": [ 0, 0, 0.5, 0.5 ], "texture": "#texture" },
        "south": { "uv": [ 0, 0, 0.5, 0.5 ], "texture": "#texture" },
        "west":  { "uv": [ 0, 0, 0.5, 0.5 ], "texture": "#texture" },
        "east":  { "uv": [ 0, 0, 0.5, 0.5 ], "texture": "#texture" }
    }
},
{
    "from": [ -0.5, 13, 3.5 ],
    "to": [ 8.5, 14, 12.5 ],
    "faces": {
        "down":  { "uv": [ 4.25, 9.5, 6.5, 11.75 ], "rotation": 90, "texture": "#texture" },
        "up":    { "uv": [ 4.25, 9.5, 6.5, 11.75 ], "rotation": 90, "texture": "#texture" },
        "north": { "uv": [ 4.25, 11.75, 4.5, 9.5 ], "rotation": 90, "texture": "#texture" },
        "south": { "uv": [ 6.25, 9.5, 6.5, 11.75 ], "rotation": 90, "texture": "#texture" },
        "west":  { "uv": [ 4.25, 11.5, 6.5, 11.75 ], "texture": "#texture" },
        "east":  { "uv": [ 4.25, 9.5, 6.5, 9.75 ], "texture": "#texture" }
    }
},
{
    "from": [ 1, 14, 4 ],
    "to": [ 8, 16, 12 ],
    "faces": {
        "down":  { "uv": [ 10.5, 9.5, 12.5, 11.25 ], "texture": "#texture" },
        "up":    { "uv": [ 8.5, 9.5, 10.5, 11.25 ], "texture": "#texture" },
        "north": { "uv": [ 6.75, 11.25, 8.5, 11.75 ], "texture": "#texture" },
        "south": { "uv": [ 10.5, 11.25, 12.25, 11.75 ], "texture": "#texture" },
        "west":  { "uv": [ 8.5, 11.25, 10.5, 11.75 ], "texture": "#texture" },
        "east":  { "uv": [ 12.25, 11.25, 14.25, 11.75 ], "texture": "#texture" }
    }
},
{
    "from": [ 2, 16, 5 ],
    "to": [ 7, 17, 11 ],
    "faces": {
        "down":  { "uv": [ 0, 12, 1.5, 13.25 ], "rotation": 90, "texture": "#texture" },
        "up":    { "uv": [ 0, 12, 1.5, 13.25 ], "rotation": 90, "texture": "#texture" },
        "north": { "uv": [ 0, 12, 0.25, 13.25 ], "rotation": 90, "texture": "#texture" },
        "south": { "uv": [ 1.25, 12, 1.5, 13.25 ], "rotation": 90, "texture": "#texture" },
        "west":  { "uv": [ 0, 13, 1.5, 13.25 ], "texture": "#texture" },
        "east":  { "uv": [ 0, 12, 1.5, 12.25 ], "texture": "#texture" }
    }
}
],
"display": {
    "thirdperson_righthand": {
        "rotation": [ 10, -45, -35 ],
        "translation": [ 0, 1.5, -2.75 ],
        "scale": [ 0.37, 0.37, 0.37 ]
    },
    "thirdperson_lefthand": {
        "rotation": [ 10, -45, -35 ],
        "translation": [ 0, 1.5, -2.75 ],
        "scale": [ 0.37, 0.37, 0.37 ]
    },
    "head": {
        "rotation": [ 0, 67, 0 ],
        "translation": [ 0, -24, -3.21 ],
        "scale": [ 1.6, 1.6, 1.6 ]
    },
    "ground": {
        "rotation": [ 0, 0, 0 ],
        "translation": [ 0, 5.86, 0 ],
        "scale": [ 0.5, 0.5, 0.5 ]
    },
    "fixed": {
        "rotation": [ 0, -90, 0 ],
        "translation": [ 0, 1.7, -1.32 ],
        "scale": [ 0.5, 0.5, 0.5 ]
    },
    "firstperson_righthand": {
        "rotation": [ 0, 24, 0 ],
        "translation": [ 5.67, 0, -8.5 ],
        "scale": [ 1, 1, 1 ]
    },
    "firstperson_lefthand": {
        "rotation": [ 0, -157, 0 ],
        "translation": [ 7.37, 0, -9.83 ],
        "scale": [ 1, 1, 1 ]
    },
    "gui": {
        "rotation": [ 45, 135, 0 ],
        "translation": [ 0, 0.94, 0 ],
        "scale": [ 0.5, 0.5, 0.5 ]
    }
}
}