{
"__comment": "Designed by MasterianoX",
"textures": {
    "particle": "entity/merchants/blacksmith",
    "texture": "entity/merchants/blacksmith"
},
"elements": [ 
{
    "from": [ 6, 15, 6 ],
    "to": [ 10, 20, 10 ],
    "faces": {
        "down":  { "uv": [ 4, 0, 6, 2 ], "texture": "#texture" },
        "up":    { "uv": [ 2, 0, 4, 2 ], "texture": "#texture" },
        "north": { "uv": [ 0, 2, 2, 4.5 ], "texture": "#texture" },
        "south": { "uv": [ 4, 2, 6, 4.5 ], "texture": "#texture" },
        "west":  { "uv": [ 2, 2, 4, 4.5 ], "texture": "#texture" },
        "east":  { "uv": [ 6, 2, 8, 4.5 ], "texture": "#texture" }
    }
},
{
    "from": [ 5.5, 15.5, 7 ],
    "to": [ 6, 16.5, 9 ],
    "faces": {
        "down":  { "uv": [ 0.25, 0.25, 1.25, 0.5 ], "rotation": 90, "texture": "#texture" },
        "up":    { "uv": [ 0.25, 0, 1.25, 0.25 ], "rotation": 90, "texture": "#texture" },
        "north": { "uv": [ 0.25, 0, 0.5, 0.5 ], "texture": "#texture" },
        "south": { "uv": [ 1, 0, 1.25, 0.5 ], "texture": "#texture" },
        "west":  { "uv": [ 0.25, 0, 1.25, 0.5 ], "texture": "#texture" },
        "east":  { "uv": [ 0.25, 0, 1.25, 0.5 ], "texture": "#texture" }
    }
},
{
    "from": [ 5.5, 15, 6.5 ],
    "to": [ 6, 16, 7 ],
    "faces": {
        "down":  { "uv": [ 0, 0.5, 0.25, 0.75 ], "texture": "#texture" },
        "up":    { "uv": [ 0, 0.25, 0.25, 0.5 ], "texture": "#texture" },
        "north": { "uv": [ 0, 0.25, 0.25, 0.75 ], "texture": "#texture" },
        "south": { "uv": [ 0, 0.25, 0.25, 0.75 ], "texture": "#texture" },
        "west":  { "uv": [ 0, 0.25, 0.25, 0.75 ], "texture": "#texture" },
        "east":  { "uv": [ 0, 0.25, 0.25, 0.75 ], "texture": "#texture" }
    }
},
{
    "from": [ 5.5, 15, 9 ],
    "to": [ 6, 16, 9.5 ],
    "faces": {
        "down":  { "uv": [ 0, 0.5, 0.25, 0.75 ], "texture": "#texture" },
        "up":    { "uv": [ 0, 0.25, 0.25, 0.5 ], "texture": "#texture" },
        "north": { "uv": [ 0, 0.25, 0.25, 0.75 ], "texture": "#texture" },
        "south": { "uv": [ 0, 0.25, 0.25, 0.75 ], "texture": "#texture" },
        "west":  { "uv": [ 0, 0.25, 0.25, 0.75 ], "texture": "#texture" },
        "east":  { "uv": [ 0, 0.25, 0.25, 0.75 ], "texture": "#texture" }
    }
},
{
    "from": [ 6.5, 10.5, 4 ],
    "to": [ 11, 15, 12 ],
    "faces": {
        "down":  { "uv": [ 6.25, 4.75, 10.25, 7 ], "rotation": 90, "texture": "#texture" },
        "up":    { "uv": [ 2.25, 4.75, 6.25, 7 ], "rotation": 90, "texture": "#texture" },
        "north": { "uv": [ 0, 7, 2.25, 9.25 ], "texture": "#texture" },
        "south": { "uv": [ 6.25, 7, 8.5, 9.25 ], "texture": "#texture" },
        "west":  { "uv": [ 2.25, 7, 6.25, 9.25 ], "texture": "#texture" },
        "east":  { "uv": [ 8.5, 7, 12.5, 9.25 ], "texture": "#texture" }
    }
},
{
    "from": [ 7, 7, 5 ],
    "to": [ 10.5, 10.5, 11 ],
    "faces": {
        "down":  { "uv": [ 8, 9.5, 11, 11.25 ], "rotation": 90, "texture": "#texture" },
        "up":    { "uv": [ 5, 9.5, 8, 11.25 ], "texture": "#texture" },
        "north": { "uv": [ 3.25, 11.25, 5, 13 ], "texture": "#texture" },
        "south": { "uv": [ 8, 11.25, 9.75, 13 ], "texture": "#texture" },
        "west":  { "uv": [ 5, 11.25, 8, 13 ], "texture": "#texture" },
        "east":  { "uv": [ 9.75, 11.25, 12.75, 13 ], "texture": "#texture" }
    }
},
{
    "from": [ 6, 12, 5 ],
    "to": [ 6.5, 15, 6 ],
    "faces": {
        "down":  { "uv": [ 0, 10.75, 0.5, 11 ], "texture": "#texture" },
        "up":    { "uv": [ 0, 9.5, 0.5, 9.75 ], "texture": "#texture" },
        "north": { "uv": [ 0, 9.5, 0.25, 11 ], "texture": "#texture" },
        "south": { "uv": [ 0.25, 9.5, 0.5, 11 ], "texture": "#texture" },
        "west":  { "uv": [ 0, 9.5, 0.5, 11 ], "texture": "#texture" },
        "east":  { "uv": [ 0, 9.5, 0.5, 11 ], "texture": "#texture" }
    }
},
{
    "from": [ 6, 12, 10 ],
    "to": [ 6.5, 15, 11 ],
    "faces": {
        "down":  { "uv": [ 0.5, 10.75, 0, 11 ], "texture": "#texture" },
        "up":    { "uv": [ 0.5, 9.5, 0, 9.75 ], "texture": "#texture" },
        "north": { "uv": [ 0.25, 9.5, 0.5, 11 ], "texture": "#texture" },
        "south": { "uv": [ 0, 9.5, 0.25, 11 ], "texture": "#texture" },
        "west":  { "uv": [ 0.5, 9.5, 0, 11 ], "texture": "#texture" },
        "east":  { "uv": [ 0, 9.5, 0.5, 11 ], "texture": "#texture" }
    }
},
{
    "from": [ 6, 15, 5 ],
    "to": [ 11, 15.5, 6 ],
    "faces": {
        "down":  { "uv": [ 0, 9.5, 0.5, 12 ], "rotation": 90, "texture": "#texture" },
        "up":    { "uv": [ 0, 9.5, 0.5, 12 ], "rotation": 90, "texture": "#texture" },
        "north": { "uv": [ 0, 9.5, 0.25, 12 ], "rotation": 90, "texture": "#texture" },
        "south": { "uv": [ 0.25, 9.5, 0.5, 12 ], "rotation": 90, "texture": "#texture" },
        "west":  { "uv": [ 0, 9.5, 0.5, 9.75 ], "texture": "#texture" },
        "east":  { "uv": [ 0.5, 11.75, 0, 12 ], "texture": "#texture" }
    }
},
{
    "from": [ 6, 15, 10 ],
    "to": [ 11, 15.5, 11 ],
    "faces": {
        "down":  { "uv": [ 0.5, 9.5, 0, 12 ], "rotation": 90, "texture": "#texture" },
        "up":    { "uv": [ 0.5, 9.5, 0, 12 ], "rotation": 90, "texture": "#texture" },
        "north": { "uv": [ 0.25, 9.5, 0.5, 12 ], "rotation": 90, "texture": "#texture" },
        "south": { "uv": [ 0, 9.5, 0.25, 12 ], "rotation": 90, "texture": "#texture" },
        "west":  { "uv": [ 0.5, 9.5, 0, 9.75 ], "texture": "#texture" },
        "east":  { "uv": [ 0, 11.75, 0.5, 12 ], "texture": "#texture" }
    }
},
{
    "from": [ 6, 2, 5 ],
    "to": [ 6.5, 12, 11 ],
    "faces": {
        "down":  { "uv": [ 3, 14.25, 0, 14.5 ], "rotation": 90, "texture": "#texture" },
        "up":    { "uv": [ 0, 9.5, 3, 9.75 ], "rotation": 90, "texture": "#texture" },
        "north": { "uv": [ 0, 9.5, 0.25, 14.5 ], "texture": "#texture" },
        "south": { "uv": [ 2.75, 9.5, 3, 14.5 ], "texture": "#texture" },
        "west":  { "uv": [ 0, 9.5, 3, 14.5 ], "texture": "#texture" },
        "east":  { "uv": [ 3, 9.5, 0, 14.5 ], "texture": "#texture" }
    }
},
{
    "from": [ 7.5, 0, 5.5 ],
    "to": [ 10, 7, 8 ],
    "faces": {
        "down":  { "uv": [ 12.75, 8.5, 14, 9.75 ], "texture": "#texture" },
        "up":    { "uv": [ 14, 8.5, 15.25, 9.75 ], "texture": "#texture" },
        "north": { "uv": [ 12.75, 5, 14, 8.5 ], "texture": "#texture" },
        "south": { "uv": [ 12.75, 5, 14, 8.5 ], "texture": "#texture" },
        "west":  { "uv": [ 14, 5, 15.25, 8.5 ], "texture": "#texture" },
        "east":  { "uv": [ 14, 5, 15.25, 8.5 ], "texture": "#texture" }
    }
},
{
    "from": [ 7.5, 0, 8 ],
    "to": [ 10, 7, 10.5 ],
    "faces": {
        "down":  { "uv": [ 12.75, 8.5, 14, 9.75 ], "texture": "#texture" },
        "up":    { "uv": [ 14, 8.5, 15.25, 9.75 ], "texture": "#texture" },
        "north": { "uv": [ 12.75, 5, 14, 8.5 ], "texture": "#texture" },
        "south": { "uv": [ 12.75, 5, 14, 8.5 ], "texture": "#texture" },
        "west":  { "uv": [ 14, 5, 15.25, 8.5 ], "texture": "#texture" },
        "east":  { "uv": [ 14, 5, 15.25, 8.5 ], "texture": "#texture" }
    }
},
{
    "from": [ 8.5, 7, 2 ],
    "to": [ 10.5, 14.5, 4 ],
    "rotation": { "origin": [ 8.5, 14.5, 2 ], "axis": "z", "angle": -45 },
    "faces": {
        "down":  { "uv": [ 12.25, 0, 13.25, 1 ], "texture": "#texture" },
        "up":    { "uv": [ 11.25, 0, 12.25, 1 ], "texture": "#texture" },
        "north": { "uv": [ 10.25, 1, 11.25, 4.75 ], "texture": "#texture" },
        "south": { "uv": [ 12.25, 1, 13.25, 4.75 ], "texture": "#texture" },
        "west":  { "uv": [ 11.25, 1, 12.25, 4.75 ], "texture": "#texture" },
        "east":  { "uv": [ 13.25, 1, 14.25, 4.75 ], "texture": "#texture" }
    }
},
{
    "from": [ 10, 14.5, 6 ],
    "to": [ 11, 15, 10 ],
    "faces": {
        "down":  { "uv": [ 6, 10, 5, 6 ], "texture": "#texture" },
        "up":    { "uv": [ 10, 6, 11, 10 ], "texture": "#texture" },
        "north": { "uv": [ 5, 1, 6, 1.5 ], "texture": "#texture" },
        "south": { "uv": [ 10, 1, 11, 1.5 ], "texture": "#texture" },
        "west":  { "uv": [ 6, 1, 10, 1.5 ], "texture": "#texture" },
        "east":  { "uv": [ 6, 1, 10, 1.5 ], "texture": "#texture" }
    }
},
{
    "from": [ 7.5, 6.5, 12 ],
    "to": [ 9.5, 14, 14 ],
    "faces": {
        "down":  { "uv": [ 12.25, 0, 13.25, 1 ], "texture": "#texture" },
        "up":    { "uv": [ 11.25, 0, 12.25, 1 ], "texture": "#texture" },
        "north": { "uv": [ 10.25, 1, 11.25, 4.75 ], "texture": "#texture" },
        "south": { "uv": [ 12.25, 1, 13.25, 4.75 ], "texture": "#texture" },
        "west":  { "uv": [ 11.25, 1, 12.25, 4.75 ], "texture": "#texture" },
        "east":  { "uv": [ 13.25, 1, 14.25, 4.75 ], "texture": "#texture" }
    }
},
{
    "from": [ 10, 15, 6 ],
    "to": [ 11, 15.5, 10 ],
    "faces": {
        "down":  { "uv": [ 0.5, 9.5, 2.5, 10 ], "rotation": 90, "texture": "#texture" },
        "up":    { "uv": [ 0.5, 9.5, 2.5, 10 ], "rotation": 90, "texture": "#texture" },
        "north": { "uv": [ 0.5, 9.5, 0.75, 10 ], "rotation": 90, "texture": "#texture" },
        "south": { "uv": [ 2.25, 9.5, 2.5, 10 ], "rotation": 90, "texture": "#texture" },
        "west":  { "uv": [ 0.5, 9.5, 2.5, 9.75 ], "texture": "#texture" },
        "east":  { "uv": [ 0.5, 9.75, 2.5, 10 ], "texture": "#texture" }
    }
},
{
    "from": [ -0.25, 4, 3.25 ],
    "to": [ 0.25, 13, 3.75 ],
    "rotation": { "origin": [ -0.25, 13, 3.25 ], "axis": "z", "angle": 45 },
    "faces": {
        "down":  { "uv": [ 13, 14.25, 13.25, 14.5 ], "texture": "#texture" },
        "up":    { "uv": [ 13, 10, 13.25, 10.25 ], "texture": "#texture" },
        "north": { "uv": [ 13, 10, 13.25, 14.5 ], "texture": "#texture" },
        "south": { "uv": [ 13, 10, 13.25, 14.5 ], "texture": "#texture" },
        "west":  { "uv": [ 13, 10, 13.25, 14.5 ], "texture": "#texture" },
        "east":  { "uv": [ 13, 10, 13.25, 14.5 ], "texture": "#texture" }
    }
},
{
    "from": [ -1, 8.25, 2 ],
    "to": [ 3, 11.25, 5 ],
    "rotation": { "origin": [ -1, 11.25, 2 ], "axis": "z", "angle": 45 },
    "faces": {
        "down":  { "uv": [ 4.75, 13.25, 6.75, 14.75 ], "texture": "#texture" },
        "up":    { "uv": [ 4.75, 13.25, 6.75, 14.75 ], "texture": "#texture" },
        "north": { "uv": [ 4.75, 13.25, 6.75, 14.75 ], "texture": "#texture" },
        "south": { "uv": [ 4.75, 13.25, 6.75, 14.75 ], "texture": "#texture" },
        "west":  { "uv": [ 3.25, 13.25, 4.75, 14.75 ], "texture": "#texture" },
        "east":  { "uv": [ 3.25, 13.25, 4.75, 14.75 ], "texture": "#texture" }
    }
}
],
"display": {
    "thirdperson_righthand": {
        "rotation": [ 10, -45, -35 ],
        "translation": [ 0, 1.5, -2.75 ],
        "scale": [ 0.37, 0.37, 0.37 ]
    },
    "thirdperson_lefthand": {
        "rotation": [ 10, -45, -35 ],
        "translation": [ 0, 1.5, -2.75 ],
        "scale": [ 0.37, 0.37, 0.37 ]
    },
    "head": {
        "rotation": [ 0, -52, 0 ],
        "translation": [ 0, -16.82, -3.4 ],
        "scale": [ 3.5, 3.5, 3.5 ]
    },
    "ground": {
        "rotation": [ 0, 0, 0 ],
        "translation": [ 0, 4.91, 0 ],
        "scale": [ 0.5, 0.5, 0.5 ]
    },
    "fixed": {
        "rotation": [ 0, -90, 0 ],
        "translation": [ 0, -1.13, -1.13 ],
        "scale": [ 0.5, 0.5, 0.5 ]
    },
    "firstperson_righthand": {
        "rotation": [ 0, 0, 0 ],
        "translation": [ 0, 0, 0 ],
        "scale": [ 1, 1, 1 ]
    },
    "firstperson_lefthand": {
        "rotation": [ 0, 180, 0 ],
        "translation": [ 0, 0, 0 ],
        "scale": [ 1, 1, 1 ]
    },
    "gui": {
        "rotation": [ 45, 135, 0 ],
        "translation": [ 0, 0, 0 ],
        "scale": [ 0.5, 0.5, 0.5 ]
    }
}
}