{
"__comment": "Designed by MasterianoX",
"textures": {
    "particle": "entity/merchants/rare_items_merchant",
    "texture": "entity/merchants/rare_items_merchant"
},
"elements": [ 
{
    "from": [ 6, 14.5, 6 ],
    "to": [ 10, 18.5, 10 ],
    "faces": {
        "down":  { "uv": [ 11.5, 5.75, 13.5, 7.75 ], "texture": "#texture" },
        "up":    { "uv": [ 9.5, 5.75, 11.5, 7.75 ], "texture": "#texture" },
        "north": { "uv": [ 13.5, 7.75, 15.5, 9.75 ], "texture": "#texture" },
        "south": { "uv": [ 9.5, 7.75, 11.5, 9.75 ], "texture": "#texture" },
        "west":  { "uv": [ 7.5, 7.75, 9.5, 9.75 ], "texture": "#texture" },
        "east":  { "uv": [ 11.5, 7.75, 13.5, 9.75 ], "texture": "#texture" }
    }
},
{
    "from": [ 5.75, 18.5, 5.75 ],
    "to": [ 10.25, 19, 10.25 ],
    "faces": {
        "down":  { "uv": [ 12, 0, 14.25, 2.25 ], "texture": "#texture" },
        "up":    { "uv": [ 12, 0, 14.25, 2.25 ], "texture": "#texture" },
        "north": { "uv": [ 12, 0, 14.25, 0.25 ], "texture": "#texture" },
        "south": { "uv": [ 12, 2, 14.25, 2.25 ], "texture": "#texture" },
        "west":  { "uv": [ 12, 0, 12.25, 2.25 ], "rotation": 90, "texture": "#texture" },
        "east":  { "uv": [ 14, 0, 14.25, 2.25 ], "rotation": 90, "texture": "#texture" }
    }
},
{
    "from": [ 5, 19, 5 ],
    "to": [ 11, 22.5, 11 ],
    "faces": {
        "down":  { "uv": [ 10, 9.75, 13, 12.75 ], "texture": "#texture" },
        "up":    { "uv": [ 10, 9.75, 13, 12.75 ], "texture": "#texture" },
        "north": { "uv": [ 12, 2.25, 15, 4 ], "texture": "#texture" },
        "south": { "uv": [ 12, 2.25, 15, 4 ], "texture": "#texture" },
        "west":  { "uv": [ 15, 2.25, 12, 4 ], "texture": "#texture" },
        "east":  { "uv": [ 15, 2.25, 12, 4 ], "texture": "#texture" }
    }
},
{
    "from": [ 5.5, 22.5, 5.5 ],
    "to": [ 10.5, 23.5, 10.5 ],
    "faces": {
        "down":  { "uv": [ 10, 9.75, 10.25, 10 ], "texture": "#texture" },
        "up":    { "uv": [ 10, 9.75, 10.25, 10 ], "texture": "#texture" },
        "north": { "uv": [ 10, 9.75, 10.25, 10 ], "texture": "#texture" },
        "south": { "uv": [ 10, 9.75, 10.25, 10 ], "texture": "#texture" },
        "west":  { "uv": [ 10, 9.75, 10.25, 10 ], "texture": "#texture" },
        "east":  { "uv": [ 10, 9.75, 10.25, 10 ], "texture": "#texture" }
    }
},
{
    "from": [ 6.5, 23.5, 6.5 ],
    "to": [ 9.5, 24, 9.5 ],
    "faces": {
        "down":  { "uv": [ 10, 9.75, 13, 12.75 ], "texture": "#texture" },
        "up":    { "uv": [ 10, 9.75, 13, 12.75 ], "texture": "#texture" },
        "north": { "uv": [ 10, 9.75, 13, 10.25 ], "texture": "#texture" },
        "south": { "uv": [ 10, 9.75, 13, 10.25 ], "texture": "#texture" },
        "west":  { "uv": [ 10, 9.75, 13, 10.25 ], "texture": "#texture" },
        "east":  { "uv": [ 10, 9.75, 13, 10.25 ], "texture": "#texture" }
    }
},
{
    "from": [ 3, 12.5, 6.5 ],
    "to": [ 6.5, 13.5, 9.5 ],
    "rotation": { "origin": [ 3, 13.5, 6.5 ], "axis": "z", "angle": 22.5 },
    "faces": {
        "down":  { "uv": [ 3.5, 7.25, 3.75, 7.5 ], "texture": "#texture" },
        "up":    { "uv": [ 0.25, 8, 2, 9.5 ], "texture": "#texture" },
        "north": { "uv": [ 0.25, 8.25, 2, 7.75 ], "texture": "#texture" },
        "south": { "uv": [ 0.25, 9.25, 2, 9.75 ], "texture": "#texture" },
        "west":  { "uv": [ 0.5, 8, 0, 9.5 ], "rotation": 90, "texture": "#texture" },
        "east":  { "uv": [ 1.75, 8, 2.25, 9.5 ], "rotation": 90, "texture": "#texture" }
    }
},
{
    "from": [ 10, 14, 6.5 ],
    "to": [ 13.5, 15, 9.5 ],
    "rotation": { "origin": [ 10, 15, 6.5 ], "axis": "z", "angle": -22.5 },
    "faces": {
        "down":  { "uv": [ 3.5, 7.25, 3.75, 7.5 ], "texture": "#texture" },
        "up":    { "uv": [ 0.25, 8, 2, 9.5 ], "texture": "#texture" },
        "north": { "uv": [ 0.25, 8.25, 2, 7.75 ], "texture": "#texture" },
        "south": { "uv": [ 0.25, 9.25, 2, 9.75 ], "texture": "#texture" },
        "west":  { "uv": [ 0.5, 8, 0, 9.5 ], "rotation": 90, "texture": "#texture" },
        "east":  { "uv": [ 1.75, 8, 2.25, 9.5 ], "rotation": 90, "texture": "#texture" }
    }
},
{
    "from": [ 5.5, 8.5, 5.4375 ],
    "to": [ 10.5, 14.5, 10.4375 ],
    "faces": {
        "down":  { "uv": [ 5, 7.5, 7.5, 10 ], "texture": "#texture" },
        "up":    { "uv": [ 2.5, 7.5, 5, 10 ], "texture": "#texture" },
        "north": { "uv": [ 7.5, 10, 10, 13 ], "texture": "#texture" },
        "south": { "uv": [ 2.5, 10, 5, 13 ], "texture": "#texture" },
        "west":  { "uv": [ 0, 10, 2.5, 13 ], "texture": "#texture" },
        "east":  { "uv": [ 5, 10, 7.5, 13 ], "texture": "#texture" }
    }
},
{
    "from": [ 3.5, 6.25, 7 ],
    "to": [ 5.5, 12.25, 9 ],
    "rotation": { "origin": [ 3.5, 12.25, 7 ], "axis": "x", "angle": -45 },
    "faces": {
        "down":  { "uv": [ 7.5, 4.75, 8.5, 5.75 ], "texture": "#texture" },
        "up":    { "uv": [ 7, 0, 8, 1 ], "texture": "#texture" },
        "north": { "uv": [ 4.5, 4.5, 5.5, 7.5 ], "texture": "#texture" },
        "south": { "uv": [ 6.5, 4.5, 7.5, 7.5 ], "texture": "#texture" },
        "west":  { "uv": [ 5.5, 4.5, 6.5, 7.5 ], "texture": "#texture" },
        "east":  { "uv": [ 5.5, 4.5, 6.5, 7.5 ], "texture": "#texture" }
    }
},
{
    "from": [ 10.5, 7.6875, 7 ],
    "to": [ 12.5, 13.6875, 9 ],
    "faces": {
        "down":  { "uv": [ 7.5, 4.75, 8.5, 5.75 ], "texture": "#texture" },
        "up":    { "uv": [ 7, 0, 8, 1 ], "texture": "#texture" },
        "north": { "uv": [ 4.5, 4.5, 5.5, 7.5 ], "texture": "#texture" },
        "south": { "uv": [ 6.5, 4.5, 7.5, 7.5 ], "texture": "#texture" },
        "west":  { "uv": [ 5.5, 4.5, 6.5, 7.5 ], "texture": "#texture" },
        "east":  { "uv": [ 5.5, 4.5, 6.5, 7.5 ], "texture": "#texture" }
    }
},
{
    "from": [ 5, 6.25, 5.5 ],
    "to": [ 11, 8.75, 13 ],
    "faces": {
        "down":  { "uv": [ 8, 0, 11, 3.75 ], "texture": "#texture" },
        "up":    { "uv": [ 8, 0, 11, 3.75 ], "texture": "#texture" },
        "north": { "uv": [ 8, 3.5, 11, 4.75 ], "texture": "#texture" },
        "south": { "uv": [ 8, 3.5, 11, 4.75 ], "texture": "#texture" },
        "west":  { "uv": [ 10.75, 0, 12, 3.75 ], "rotation": 90, "texture": "#texture" },
        "east":  { "uv": [ 10.75, 0, 12, 3.75 ], "rotation": 90, "texture": "#texture" }
    }
},
{
    "from": [ -5, 1, 8 ],
    "to": [ -4, 16, 9 ],
    "faces": {
        "down":  { "uv": [ 1, 3.5, 1.5, 4 ], "texture": "#texture" },
        "up":    { "uv": [ 0, 7, 0.5, 7.5 ], "texture": "#texture" },
        "north": { "uv": [ 0, 0, 0.5, 7.5 ], "texture": "#texture" },
        "south": { "uv": [ 1, 0, 1.5, 7.5 ], "texture": "#texture" },
        "west":  { "uv": [ 1.5, 0, 2, 7.5 ], "texture": "#texture" },
        "east":  { "uv": [ 0.5, 0, 1, 7.5 ], "texture": "#texture" }
    }
},
{
    "from": [ 20, 1, 8 ],
    "to": [ 21, 16, 9 ],
    "faces": {
        "down":  { "uv": [ 1, 3.5, 1.5, 4 ], "texture": "#texture" },
        "up":    { "uv": [ 0, 7, 0.5, 7.5 ], "texture": "#texture" },
        "north": { "uv": [ 0, 0, 0.5, 7.5 ], "texture": "#texture" },
        "south": { "uv": [ 1, 0, 1.5, 7.5 ], "texture": "#texture" },
        "west":  { "uv": [ 1.5, 0, 2, 7.5 ], "texture": "#texture" },
        "east":  { "uv": [ 0.5, 0, 1, 7.5 ], "texture": "#texture" }
    }
},
{
    "from": [ -4.5, 10, 7 ],
    "to": [ -4, 16, 10 ],
    "rotation": { "origin": [ -4.5, 16, 7 ], "axis": "z", "angle": 22.5 },
    "faces": {
        "down":  { "uv": [ 2, 4.25, 3.5, 4.5 ], "rotation": 90, "texture": "#texture" },
        "up":    { "uv": [ 3.5, 1.5, 2, 1.75 ], "rotation": 90, "texture": "#texture" },
        "north": { "uv": [ 3.25, 1.5, 3.5, 4.5 ], "texture": "#texture" },
        "south": { "uv": [ 2, 1.5, 2.25, 4.5 ], "texture": "#texture" },
        "west":  { "uv": [ 3.5, 1.5, 2, 4.5 ], "texture": "#texture" },
        "east":  { "uv": [ 2, 1.5, 3.5, 4.5 ], "texture": "#texture" }
    }
},
{
    "from": [ -2.25, 5, 6 ],
    "to": [ -1.75, 10.5, 11 ],
    "rotation": { "origin": [ -2.25, 10.5, 6 ], "axis": "z", "angle": 45 },
    "faces": {
        "down":  { "uv": [ 2, 7, 4.5, 7.25 ], "rotation": 90, "texture": "#texture" },
        "up":    { "uv": [ 2, 4.5, 4.5, 4.75 ], "rotation": 90, "texture": "#texture" },
        "north": { "uv": [ 4.25, 4.5, 4.5, 7.25 ], "texture": "#texture" },
        "south": { "uv": [ 2, 4.5, 2.25, 7.25 ], "texture": "#texture" },
        "west":  { "uv": [ 2, 4.5, 4.5, 7.25 ], "texture": "#texture" },
        "east":  { "uv": [ 2, 4.5, 4.5, 7.25 ], "texture": "#texture" }
    }
},
{
    "from": [ 3.5, 5.75, 4.5 ],
    "to": [ 12.5, 6.25, 12.5 ],
    "faces": {
        "down":  { "uv": [ 3.5, 4.5, 8, 1 ], "texture": "#texture" },
        "up":    { "uv": [ 3.5, 1, 8, 4.5 ], "texture": "#texture" },
        "north": { "uv": [ 3.5, 1, 8, 1.25 ], "texture": "#texture" },
        "south": { "uv": [ 3.5, 4.25, 8, 4.5 ], "texture": "#texture" },
        "west":  { "uv": [ 3.5, 1, 3.75, 4.5 ], "texture": "#texture" },
        "east":  { "uv": [ 7.75, 1, 8, 4.5 ], "texture": "#texture" }
    }
},
{
    "from": [ 1.75, 6.5, 5 ],
    "to": [ 4, 7, 12 ],
    "rotation": { "origin": [ 1.75, 7, 5 ], "axis": "z", "angle": -22.5 },
    "faces": {
        "down":  { "uv": [ 7, 0, 3.5, 1 ], "rotation": 90, "texture": "#texture" },
        "up":    { "uv": [ 7, 0, 3.5, 1 ], "rotation": 90, "texture": "#texture" },
        "north": { "uv": [ 6.75, 0, 7, 1 ], "rotation": 90, "texture": "#texture" },
        "south": { "uv": [ 3.5, 0, 3.75, 1 ], "rotation": 90, "texture": "#texture" },
        "west":  { "uv": [ 7, 0, 3.5, 0.25 ], "texture": "#texture" },
        "east":  { "uv": [ 3.5, 0.75, 7, 1 ], "texture": "#texture" }
    }
},
{
    "from": [ 20, 10.25, 7 ],
    "to": [ 20.5, 16.25, 10 ],
    "rotation": { "origin": [ 20, 16.25, 7 ], "axis": "z", "angle": -22.5 },
    "faces": {
        "down":  { "uv": [ 2, 4.25, 3.5, 4.5 ], "rotation": 90, "texture": "#texture" },
        "up":    { "uv": [ 3.5, 1.5, 2, 1.75 ], "rotation": 90, "texture": "#texture" },
        "north": { "uv": [ 3.25, 1.5, 3.5, 4.5 ], "texture": "#texture" },
        "south": { "uv": [ 2, 1.5, 2.25, 4.5 ], "texture": "#texture" },
        "west":  { "uv": [ 3.5, 1.5, 2, 4.5 ], "texture": "#texture" },
        "east":  { "uv": [ 2, 1.5, 3.5, 4.5 ], "texture": "#texture" }
    }
},
{
    "from": [ 18, 5.5, 6 ],
    "to": [ 18.5, 11, 11 ],
    "rotation": { "origin": [ 18, 11, 6 ], "axis": "z", "angle": -45 },
    "faces": {
        "down":  { "uv": [ 2, 7, 4.5, 7.25 ], "rotation": 90, "texture": "#texture" },
        "up":    { "uv": [ 2, 4.5, 4.5, 4.75 ], "rotation": 90, "texture": "#texture" },
        "north": { "uv": [ 4.25, 4.5, 4.5, 7.25 ], "texture": "#texture" },
        "south": { "uv": [ 2, 4.5, 2.25, 7.25 ], "texture": "#texture" },
        "west":  { "uv": [ 2, 4.5, 4.5, 7.25 ], "texture": "#texture" },
        "east":  { "uv": [ 2, 4.5, 4.5, 7.25 ], "texture": "#texture" }
    }
},
{
    "from": [ 12.25, 5.75, 5 ],
    "to": [ 14.5, 6.25, 12 ],
    "rotation": { "origin": [ 12.25, 6.25, 5 ], "axis": "z", "angle": 22.5 },
    "faces": {
        "down":  { "uv": [ 7, 0, 3.5, 1 ], "rotation": 90, "texture": "#texture" },
        "up":    { "uv": [ 7, 0, 3.5, 1 ], "rotation": 90, "texture": "#texture" },
        "north": { "uv": [ 6.75, 0, 7, 1 ], "rotation": 90, "texture": "#texture" },
        "south": { "uv": [ 3.5, 0, 3.75, 1 ], "rotation": 90, "texture": "#texture" },
        "west":  { "uv": [ 7, 0, 3.5, 0.25 ], "texture": "#texture" },
        "east":  { "uv": [ 3.5, 0.75, 7, 1 ], "texture": "#texture" }
    }
},
{
    "from": [ -5.5, 0, 7.5 ],
    "to": [ -3.5, 1, 9.5 ],
    "faces": {
        "down":  { "uv": [ 2.25, 0.25, 3.25, 1.25 ], "texture": "#texture" },
        "up":    { "uv": [ 2.25, 0.25, 3.25, 1.25 ], "texture": "#texture" },
        "north": { "uv": [ 3.25, 0.5, 2.25, 0 ], "texture": "#texture" },
        "south": { "uv": [ 2.25, 1, 3.25, 1.5 ], "texture": "#texture" },
        "west":  { "uv": [ 2.5, 1.25, 2, 0.25 ], "rotation": 90, "texture": "#texture" },
        "east":  { "uv": [ 3, 0.25, 3.5, 1.25 ], "rotation": 90, "texture": "#texture" }
    }
},
{
    "from": [ 19.5, 0, 7.5 ],
    "to": [ 21.5, 1, 9.5 ],
    "faces": {
        "down":  { "uv": [ 2.25, 0.25, 3.25, 1.25 ], "texture": "#texture" },
        "up":    { "uv": [ 2.25, 0.25, 3.25, 1.25 ], "texture": "#texture" },
        "north": { "uv": [ 3.25, 0.5, 2.25, 0 ], "texture": "#texture" },
        "south": { "uv": [ 2.25, 1, 3.25, 1.5 ], "texture": "#texture" },
        "west":  { "uv": [ 2.5, 1.25, 2, 0.25 ], "rotation": 90, "texture": "#texture" },
        "east":  { "uv": [ 3, 0.25, 3.5, 1.25 ], "rotation": 90, "texture": "#texture" }
    }
},
{
    "from": [ 7.5, 19.5, 11 ],
    "to": [ 8.5, 20.5, 11.5 ],
    "faces": {
        "down":  { "uv": [ 7.5, 6.25, 8, 6.5 ], "texture": "#texture" },
        "up":    { "uv": [ 7.5, 6, 8, 6.25 ], "texture": "#texture" },
        "north": { "uv": [ 7.5, 6, 8, 6.5 ], "texture": "#texture" },
        "south": { "uv": [ 7.5, 6, 8, 6.5 ], "texture": "#texture" },
        "west":  { "uv": [ 7.5, 6, 7.75, 6.5 ], "texture": "#texture" },
        "east":  { "uv": [ 7.75, 6, 8, 6.5 ], "texture": "#texture" }
    }
},
{
    "from": [ 7.25, 20.5, 11.25 ],
    "to": [ 8.75, 25.5, 11.3125 ],
    "faces": {
        "north": { "uv": [ 9.25, 4.75, 8.5, 7.25 ], "texture": "#texture" },
        "south": { "uv": [ 8.5, 4.75, 9.25, 7.25 ], "texture": "#texture" }
    }
}
],
"display": {
    "thirdperson_righthand": {
        "rotation": [ 10, -45, -45 ],
        "translation": [ 0, 1.5, -2.75 ],
        "scale": [ 0.37, 0.37, 0.37 ]
    },
    "thirdperson_lefthand": {
        "rotation": [ 10, -45, -45 ],
        "translation": [ 0, 1.5, -2.75 ],
        "scale": [ 0.37, 0.37, 0.37 ]
    },
    "head": {
        "rotation": [ 0, 109, 0 ],
        "translation": [ 0, -17.95, 0 ],
        "scale": [ 3.2, 3.2, 3.2 ]
    },
    "ground": {
        "rotation": [ 0, 0, 0 ],
        "translation": [ 0, 3.78, 0 ],
        "scale": [ 0.5, 0.5, 0.5 ]
    },
    "fixed": {
        "rotation": [ 0, -180, 0 ],
        "translation": [ 0, -1.7, 0 ],
        "scale": [ 0.5, 0.5, 0.5 ]
    },
    "firstperson_righthand": {
        "rotation": [ 0, 0, 0 ],
        "translation": [ 0, 0, 0 ],
        "scale": [ 1, 1, 1 ]
    },
    "firstperson_lefthand": {
        "rotation": [ 0, 0, 0 ],
        "translation": [ 0, 0, 0 ],
        "scale": [ 1, 1, 1 ]
    },
    "gui": {
        "rotation": [ 45, 45, 0 ],
        "translation": [ 0, 0, 0 ],
        "scale": [ 0.5, 0.5, 0.5 ]
    }
}
}