{
   
"parent": "item/handheld",

"textures": {
        "layer0": "items/diamond_pickaxe"

}
,
"overrides": [
 {"predicate": {"damage": 0.00064020486}, "model": "item/craftable/food/mre"},
 {"predicate": {"damage": 0.00128040973}, "model": "item/craftable/food/vitamins"},
 {"predicate": {"damage": 0.00192061459}, "model": "item/craftable/food/hearty_soup"},
 {"predicate": {"damage": 0.00256081946}, "model": "item/craftable/food/veggie_salad"},
 {"predicate": {"damage": 0.00320102432}, "model": "item/craftable/food/frog_soup"},
 {"predicate": {"damage": 0.00384122919}, "model": "item/craftable/food/glowing_soup"},
 {"predicate": {"damage": 0.00448143405}, "model": "item/craftable/food/fried_egg"},
 {"predicate": {"damage": 0.00512163892}, "model": "item/craftable/food/toast"},
 {"predicate": {"damage": 0.00576184379}, "model": "item/craftable/food/mashed_potatoes"},
 {"predicate": {"damage": 0.00640204865}, "model": "item/craftable/food/chicken_dinner"},
 {"predicate": {"damage": 0.00704225352}, "model": "item/craftable/food/abstract_meal"},
 {"predicate": {"damage": 0.00768245838}, "model": "item/craftable/food/burger"},
 {"predicate": {"damage": 0.00832266325}, "model": "item/craftable/food/cheese"},
 {"predicate": {"damage": 0.00896286811}, "model": "item/craftable/food/icey"},
 {"predicate": {"damage": 0.00960307298}, "model": "item/mob_drops/aquis/duck_meat"},
 {"predicate": {"damage": 0.01024327784}, "model": "item/mob_drops/aquis/manatee_meat"},
 {"predicate": {"damage": 0.01088348271}, "model": "item/mob_drops/aquis/frog_leg"},
 {"predicate": {"damage": 0.01152368758}, "model": "item/mob_drops/duratus/tern_meat"},
 {"predicate": {"damage": 0.01216389244}, "model": "item/mob_drops/duratus/frozen_flesh"},
 {"predicate": {"damage": 0.01280409731}, "model": "item/mob_drops/uthuma/charred_flesh"},
 {"predicate": {"damage": 0.01344430217}, "model": "item/mob_drops/uthuma/burnt_porkchop"},
 {"predicate": {"damage": 0.01408450704}, "model": "item/mob_drops/plao5v/glowing_meat"},
 {"predicate": {"damage": 0.0147247119}, "model": "item/craftable/food/cooked_duck_meat"},
 {"predicate": {"damage": 0.01536491677}, "model": "item/craftable/food/cooked_manatee_meat"},
 {"predicate": {"damage": 0.01600512163}, "model": "item/craftable/food/cooked_tern_meat"},
 {"predicate": {"damage": 0.0166453265}, "model": "item/mob_drops/plao5v/grunt_flesh"},

 {"predicate": {"damage": 0.93213828425}, "model": "item/craftable/"},
 {"predicate": {"damage": 0.93277848911}, "model": "item/craftable/"},
 {"predicate": {"damage": 0.93341869398}, "model": "item/craftable/"},
 {"predicate": {"damage": 0.93405889884}, "model": "item/craftable/"},
 {"predicate": {"damage": 0.93469910371}, "model": "item/craftable/"},
 {"predicate": {"damage": 0.93533930857}, "model": "item/craftable/"},
 {"predicate": {"damage": 0.93597951344}, "model": "item/craftable/"},
 {"predicate": {"damage": 0.93661971831}, "model": "item/craftable/"},
 {"predicate": {"damage": 0.93725992317}, "model": "item/craftable/"},
 {"predicate": {"damage": 0.93790012804}, "model": "item/craftable/"},
 {"predicate": {"damage": 0.9385403329}, "model": "item/craftable/"},
 {"predicate": {"damage": 0.93918053777}, "model": "item/craftable/"},
 {"predicate": {"damage": 0.93982074263}, "model": "item/craftable/"},
 {"predicate": {"damage": 0.9404609475}, "model": "item/craftable/"},
 {"predicate": {"damage": 0.94110115236}, "model": "item/craftable/"},
 {"predicate": {"damage": 0.94174135723}, "model": "item/craftable/"},
 {"predicate": {"damage": 0.9423815621}, "model": "item/craftable/"},
 {"predicate": {"damage": 0.94302176696}, "model": "item/craftable/"},
 {"predicate": {"damage": 0.94366197183}, "model": "item/craftable/"},
 {"predicate": {"damage": 0.94430217669}, "model": "item/craftable/"},
 {"predicate": {"damage": 0.94494238156}, "model": "item/craftable/"},
 {"predicate": {"damage": 0.94558258642}, "model": "item/craftable/"},
 {"predicate": {"damage": 0.94622279129}, "model": "item/craftable/"},
 {"predicate": {"damage": 0.94686299615}, "model": "item/craftable/"},
 {"predicate": {"damage": 0.94750320102}, "model": "item/craftable/"},
 {"predicate": {"damage": 0.94814340589}, "model": "item/craftable/"},
 {"predicate": {"damage": 0.94878361075}, "model": "item/craftable/"},
 {"predicate": {"damage": 0.94942381562}, "model": "item/craftable/"},
 {"predicate": {"damage": 0.95006402048}, "model": "item/craftable/"},
 {"predicate": {"damage": 0.95070422535}, "model": "item/craftable/"},
 {"predicate": {"damage": 0.95134443021}, "model": "item/craftable/"},
 {"predicate": {"damage": 0.95198463508}, "model": "item/craftable/"},
 {"predicate": {"damage": 0.95262483994}, "model": "item/craftable/"},
 {"predicate": {"damage": 0.95326504481}, "model": "item/craftable/"},
 {"predicate": {"damage": 0.95390524968}, "model": "item/craftable/"},
 {"predicate": {"damage": 0.95454545454}, "model": "item/craftable/"},
 {"predicate": {"damage": 0.95518565941}, "model": "item/craftable/"},
 {"predicate": {"damage": 0.95582586427}, "model": "item/craftable/"},
 {"predicate": {"damage": 0.95646606914}, "model": "item/craftable/"},
 {"predicate": {"damage": 0.957106274}, "model": "item/craftable/"},
 {"predicate": {"damage": 0.95774647887}, "model": "item/craftable/"},
 {"predicate": {"damage": 0.95838668373}, "model": "item/craftable/"},
 {"predicate": {"damage": 0.9590268886}, "model": "item/craftable/"},
 {"predicate": {"damage": 0.95966709347}, "model": "item/craftable/"},
 {"predicate": {"damage": 0.96030729833}, "model": "item/craftable/"},
 {"predicate": {"damage": 0.9609475032}, "model": "item/craftable/"},
 {"predicate": {"damage": 0.96158770806}, "model": "item/craftable/"},
 {"predicate": {"damage": 0.96222791293}, "model": "item/craftable/"},
 {"predicate": {"damage": 0.96286811779}, "model": "item/craftable/"},
 {"predicate": {"damage": 0.96350832266}, "model": "item/craftable/"},
 {"predicate": {"damage": 0.96414852752}, "model": "item/craftable/"},
 {"predicate": {"damage": 0.96478873239}, "model": "item/craftable/"},
 {"predicate": {"damage": 0.96542893726}, "model": "item/craftable/"},
 {"predicate": {"damage": 0.96606914212}, "model": "item/craftable/"},
 {"predicate": {"damage": 0.96670934699}, "model": "item/craftable/"},
 {"predicate": {"damage": 0.96734955185}, "model": "item/craftable/"},
 {"predicate": {"damage": 0.96798975672}, "model": "item/craftable/"},
 {"predicate": {"damage": 0.96862996158}, "model": "item/craftable/"},
 {"predicate": {"damage": 0.96927016645}, "model": "item/craftable/"},
 {"predicate": {"damage": 0.96991037131}, "model": "item/craftable/tech_tool_box"},
 {"predicate": {"damage": 0.97055057618}, "model": "item/craftable/tech/r_e_k"},
 {"predicate": {"damage": 0.97119078105}, "model": "item/craftable/tech/capacitor"},
 {"predicate": {"damage": 0.97183098591}, "model": "item/craftable/tech/pipe"},
 {"predicate": {"damage": 0.97247119078}, "model": "item/craftable/tech/bulb"},
 {"predicate": {"damage": 0.97311139564}, "model": "item/craftable/tech/motor"},
 {"predicate": {"damage": 0.97375160051}, "model": "item/craftable/tech/jetpack"},
 {"predicate": {"damage": 0.97439180537}, "model": "item/craftable/tech/plasma_bomb"},
 {"predicate": {"damage": 0.97503201024}, "model": "item/craftable/tech/fire_bomb"},
 {"predicate": {"damage": 0.9756722151}, "model": "item/craftable/tech/frost_bomb"},
 {"predicate": {"damage": 0.97631241997}, "model": "item/craftable/tech/extractinator"},
 {"predicate": {"damage": 0.97695262484}, "model": "item/craftable/tech/battery"},
 {"predicate": {"damage": 0.9775928297}, "model": "item/craftable/tech/circuit"},
 {"predicate": {"damage": 0.97823303457}, "model": "item/craftable/tech/reactant"},
 {"predicate": {"damage": 0.97887323943}, "model": "item/craftable/tech/insulated_cable"},
 {"predicate": {"damage": 0.9795134443}, "model": "item/craftable/tech/insulation"},
 {"predicate": {"damage": 0.98015364916}, "model": "item/craftable/tech/gear_box"},
 {"predicate": {"damage": 0.98079385403}, "model": "item/craftable/tech/mechanic_box"},
 {"predicate": {"damage": 0.98143405889}, "model": "item/craftable/tech/gear"},
 {"predicate": {"damage": 0.98207426376}, "model": "item/craftable/tech/wire"},
 {"predicate": {"damage": 0.98271446863}, "model": "item/craftable/salt"},
 {"predicate": {"damage": 0.98335467349}, "model": "item/craftable/cashmere"},
 {"predicate": {"damage": 0.98399487836}, "model": "item/craftable/glue"},
 {"predicate": {"damage": 0.98463508322}, "model": "item/craftable/white_gold_string"},
 {"predicate": {"damage": 0.98527528809}, "model": "item/craftable/plate"},
 {"predicate": {"damage": 0.98591549295}, "model": "item/craftable/gold_heart"},
 {"predicate": {"damage": 0.98655569782}, "model": "item/craftable/armor_polish"},
 {"predicate": {"damage": 0.98719590268}, "model": "item/craftable/polish"},
 {"predicate": {"damage": 0.98783610755}, "model": "item/craftable/tanned_hide"},
 {"predicate": {"damage": 0.98847631242}, "model": "item/craftable/bound_hide"},
 {"predicate": {"damage": 0.98911651728}, "model": "item/craftable/tungsten_rod"},
 {"predicate": {"damage": 0.98975672215}, "model": "item/craftable/aluminum_rod"},
 {"predicate": {"damage": 0.99039692701}, "model": "item/craftable/nickel_rod"},
 {"predicate": {"damage": 0.99103713188}, "model": "item/craftable/gold_rod"},
 {"predicate": {"damage": 0.99167733674}, "model": "item/craftable/iron_rod"},
 {"predicate": {"damage": 0.99231754161}, "model": "item/craftable/copper_rod"},
 {"predicate": {"damage": 0.99295774647}, "model": "item/craftable/mithril_rod"},
 {"predicate": {"damage": 0.99359795134}, "model": "item/craftable/platinum_rod"},
 {"predicate": {"damage": 0.99423815621}, "model": "item/craftable/tin_rod"},
 {"predicate": {"damage": 0.99487836107}, "model": "item/craftable/adamantite_rod"},
 {"predicate": {"damage": 0.99551856594}, "model": "item/craftable/ardite_rod"},
 {"predicate": {"damage": 0.9961587708}, "model": "item/craftable/silver_rod"},
 {"predicate": {"damage": 0.99679897567}, "model": "item/craftable/cobalt_rod"},
 {"predicate": {"damage": 0.99743918053}, "model": "item/craftable/scale_ingot"},
 {"predicate": {"damage": 0.9980793854}, "model": "item/craftable/swamp_element"},
 {"predicate": {"damage": 0.99871959026}, "model": "item/craftable/ruler"},
 {"predicate": {"damage": 0.999359795}, "model": "item/craftable/ice_totem"}
]
}