{
"__comment": "Designed by MasterianoX",
"textures": {
    "particle": "entity/zombie/tainted_ghoul",
    "texture": "entity/zombie/tainted_ghoul"
},
"elements": [ 
{
    "from": [ 4, 8, 4 ],
    "to": [ 12, 16, 12 ],
    "faces": {
        "down":  { "uv": [ 4, 0, 6, 2 ], "texture": "#texture" },
        "up":    { "uv": [ 2, 0, 4, 2 ], "texture": "#texture" },
        "north": { "uv": [ 4, 2, 6, 4 ], "texture": "#texture" },
        "south": { "uv": [ 0, 2, 2, 4 ], "texture": "#texture" },
        "west":  { "uv": [ 6, 2, 8, 4 ], "texture": "#texture" },
        "east":  { "uv": [ 2, 2, 4, 4 ], "texture": "#texture" }
    }
},
{
    "from": [ 2, 7.5, 3 ],
    "to": [ 7, 15.5, 13 ],
    "rotation": { "origin": [ 2, 15.5, 3 ], "axis": "z", "angle": -22.5 },
    "faces": {
        "down":  { "uv": [ 7.5, 5.75, 10, 7 ], "rotation": 90, "texture": "#texture" },
        "up":    { "uv": [ 7.5, 6.25, 10, 5 ], "rotation": 90, "texture": "#texture" },
        "north": { "uv": [ 7, 5, 8.25, 7 ], "texture": "#texture" },
        "south": { "uv": [ 8.25, 5, 7, 7 ], "texture": "#texture" },
        "west":  { "uv": [ 7.5, 5, 10, 7 ], "texture": "#texture" },
        "east":  { "uv": [ 4.75, 5, 7.25, 7 ], "texture": "#texture" }
    }
},
{
    "from": [ -0.5, 0.5, 4 ],
    "to": [ 3.5, 8, 12 ],
    "faces": {
        "down":  { "uv": [ 7, 4, 9, 5 ], "texture": "#texture" },
        "up":    { "uv": [ 5, 4, 7, 5 ], "texture": "#texture" },
        "north": { "uv": [ 7, 6.5, 8, 8.5 ], "texture": "#texture" },
        "south": { "uv": [ 4, 6.5, 5, 8.5 ], "texture": "#texture" },
        "west":  { "uv": [ 8, 6.5, 10, 8.5 ], "texture": "#texture" },
        "east":  { "uv": [ 5, 6.5, 7, 8.5 ], "texture": "#texture" }
    }
},
{
    "from": [ 11.9375, 4, 6 ],
    "to": [ 12, 8, 10 ],
    "faces": {
        "west":  { "uv": [ 15, 0, 16, 1 ], "texture": "#texture" },
        "east":  { "uv": [ 0, 0, 1, 1 ], "texture": "#texture" }
    }
}
],
"display": {
    "thirdperson_righthand": {
        "rotation": [ 0, 0, 0 ],
        "translation": [ 0, 0, 0 ],
        "scale": [ 0.5, 0.5, 0.5 ]
    },
    "thirdperson_lefthand": {
        "rotation": [ 0, 0, 0 ],
        "translation": [ 0, 0, 0 ],
        "scale": [ 0.5, 0.5, 0.5 ]
    },
    "head": {
        "rotation": [ 0, 90, -3 ],
        "translation": [ 0, -13.23, -11.91 ],
        "scale": [ 1.75, 1.75, 1.75 ]
    },
    "ground": {
        "rotation": [ 0, 0, 0 ],
        "translation": [ 0, 5.29, 0 ],
        "scale": [ 0.5, 0.5, 0.5 ]
    },
    "fixed": {
        "rotation": [ 0, 90, 0 ],
        "translation": [ 0, 0, -5.86 ],
        "scale": [ 1, 1, 1 ]
    },
    "firstperson_righthand": {
        "rotation": [ 0, 180, 0 ],
        "translation": [ 0, 2.46, 0 ],
        "scale": [ 0.5, 0.5, 0.5 ]
    },
    "firstperson_lefthand": {
        "rotation": [ 0, 14, 0 ],
        "translation": [ 0, 2.46, 0 ],
        "scale": [ 0.5, 0.5, 0.5 ]
    },
    "gui": {
        "rotation": [ 45, -45, 0 ],
        "translation": [ 0, 0, 0 ],
        "scale": [ 0.5, 0.5, 0.5 ]
    }
}
}