{
"__comment": "Designed by MasterianoX",
"textures": {
    "particle": "blocks/jewelers_table",
    "texture": "blocks/jewelers_table"
},
"elements": [ 
{
    "from": [ 0, 0, 0 ],
    "to": [ 16, 15, 16 ],
    "faces": {
        "down":  { "uv": [ 8.25, 0, 12.25, 4 ], "texture": "#texture" },
        "up":    { "uv": [ 4.25, 0, 8.25, 4 ], "texture": "#texture" },
        "north": { "uv": [ 0, 0, 4, 3.75 ], "texture": "#texture" },
        "south": { "uv": [ 0, 0, 4, 3.75 ], "texture": "#texture" },
        "west":  { "uv": [ 0, 0, 4, 3.75 ], "texture": "#texture" },
        "east":  { "uv": [ 0, 0, 4, 3.75 ], "texture": "#texture" }
    }
},
{
    "__comment": "front",
    "from": [ 8, 11.5, 16 ],
    "to": [ 15, 14.5, 16.5 ],
    "faces": {
        "down":  { "uv": [ 6.5, 4.75, 8.25, 5 ], "texture": "#texture" },
        "up":    { "uv": [ 6.5, 4.25, 8.25, 4.5 ], "texture": "#texture" },
        "north": { "uv": [ 6.5, 4.25, 8.25, 5 ], "texture": "#texture" },
        "south": { "uv": [ 6.5, 4.25, 8.25, 5 ], "texture": "#texture" },
        "west":  { "uv": [ 6.5, 4.25, 6.75, 5 ], "texture": "#texture" },
        "east":  { "uv": [ 8, 4.25, 8.25, 5 ], "texture": "#texture" }
    }
},
{
    "__comment": "front",
    "from": [ 8, 8, 16 ],
    "to": [ 15, 11, 16.5 ],
    "faces": {
        "down":  { "uv": [ 6.5, 5.75, 8.25, 6 ], "texture": "#texture" },
        "up":    { "uv": [ 6.5, 5.25, 8.25, 5.5 ], "texture": "#texture" },
        "north": { "uv": [ 6.5, 5.25, 8.25, 6 ], "texture": "#texture" },
        "south": { "uv": [ 6.5, 5.25, 8.25, 6 ], "texture": "#texture" },
        "west":  { "uv": [ 6.5, 5.25, 6.75, 6 ], "texture": "#texture" },
        "east":  { "uv": [ 8, 5.25, 8.25, 6 ], "texture": "#texture" }
    }
},
{
    "from": [ -1, 15, -1 ],
    "to": [ 17, 16.0625, 17 ],
    "faces": {
        "down":  { "uv": [ 0, 8.5, 4.25, 4.25 ], "texture": "#texture" },
        "up":    { "uv": [ 0, 4.25, 4.25, 8.5 ], "texture": "#texture" },
        "north": { "uv": [ 4.25, 4.25, 0, 4.5 ], "texture": "#texture" },
        "south": { "uv": [ 0, 8.25, 4.25, 8.5 ], "texture": "#texture" },
        "west":  { "uv": [ 0, 8.5, 0.25, 4.25 ], "rotation": 90, "texture": "#texture" },
        "east":  { "uv": [ 4, 4.25, 4.25, 8.5 ], "rotation": 90, "texture": "#texture" }
    }
},
{
    "__comment": "front",
    "from": [ 8, 0.5, 16 ],
    "to": [ 15, 7.5, 16.5 ],
    "faces": {
        "down":  { "uv": [ 8.5, 5.75, 10.25, 6 ], "texture": "#texture" },
        "up":    { "uv": [ 8.5, 4.25, 10.25, 4.5 ], "texture": "#texture" },
        "north": { "uv": [ 8.5, 4.25, 10.25, 6 ], "texture": "#texture" },
        "south": { "uv": [ 8.5, 4.25, 10.25, 6 ], "texture": "#texture" },
        "west":  { "uv": [ 8.5, 4.25, 8.75, 6 ], "texture": "#texture" },
        "east":  { "uv": [ 10, 4.25, 10.25, 6 ], "texture": "#texture" }
    }
},
{
    "from": [ -1, 0, -1 ],
    "to": [ 0, 15, 0 ],
    "faces": {
        "down":  { "uv": [ 12.25, 3.5, 12.5, 3.75 ], "texture": "#texture" },
        "up":    { "uv": [ 12.25, 0, 12.5, 0.25 ], "texture": "#texture" },
        "north": { "uv": [ 12.25, 0, 12.5, 3.75 ], "texture": "#texture" },
        "south": { "uv": [ 12.25, 0, 12.5, 3.75 ], "texture": "#texture" },
        "west":  { "uv": [ 12.25, 0, 12.5, 3.75 ], "texture": "#texture" },
        "east":  { "uv": [ 12.25, 0, 12.5, 3.75 ], "texture": "#texture" }
    }
},
{
    "from": [ -1, 0, 16 ],
    "to": [ 0, 15, 17 ],
    "faces": {
        "down":  { "uv": [ 12.5, 3.5, 12.75, 3.75 ], "texture": "#texture" },
        "up":    { "uv": [ 12.5, 0, 12.75, 0.25 ], "texture": "#texture" },
        "north": { "uv": [ 12.5, 0, 12.75, 3.75 ], "texture": "#texture" },
        "south": { "uv": [ 12.5, 0, 12.75, 3.75 ], "texture": "#texture" },
        "west":  { "uv": [ 12.5, 0, 12.75, 3.75 ], "texture": "#texture" },
        "east":  { "uv": [ 12.5, 0, 12.75, 3.75 ], "texture": "#texture" }
    }
},
{
    "from": [ 16, 0, -1 ],
    "to": [ 17, 15, 0 ],
    "faces": {
        "down":  { "uv": [ 13, 3.5, 13.25, 3.75 ], "texture": "#texture" },
        "up":    { "uv": [ 13, 0, 13.25, 0.25 ], "texture": "#texture" },
        "north": { "uv": [ 13, 0, 13.25, 3.75 ], "texture": "#texture" },
        "south": { "uv": [ 13, 0, 13.25, 3.75 ], "texture": "#texture" },
        "west":  { "uv": [ 13, 0, 13.25, 3.75 ], "texture": "#texture" },
        "east":  { "uv": [ 13, 0, 13.25, 3.75 ], "texture": "#texture" }
    }
},
{
    "from": [ 16, 0, 16 ],
    "to": [ 17, 15, 17 ],
    "faces": {
        "down":  { "uv": [ 12.75, 3.5, 13, 3.75 ], "texture": "#texture" },
        "up":    { "uv": [ 12.75, 0, 13, 0.25 ], "texture": "#texture" },
        "north": { "uv": [ 12.75, 0, 13, 3.75 ], "texture": "#texture" },
        "south": { "uv": [ 12.75, 0, 13, 3.75 ], "texture": "#texture" },
        "west":  { "uv": [ 12.75, 0, 13, 3.75 ], "texture": "#texture" },
        "east":  { "uv": [ 12.75, 0, 13, 3.75 ], "texture": "#texture" }
    }
},
{
    "__comment": "front",
    "from": [ 6.5, 13, 16 ],
    "to": [ 7, 14.5, 17.5 ],
    "faces": {
        "down":  { "uv": [ 3.25, 8.25, 3.5, 8.5 ], "texture": "#texture" },
        "up":    { "uv": [ 3.25, 8.25, 3.5, 8.5 ], "texture": "#texture" },
        "north": { "uv": [ 3.25, 8.25, 3.5, 8.5 ], "texture": "#texture" },
        "south": { "uv": [ 3.25, 8.25, 3.5, 8.5 ], "texture": "#texture" },
        "west":  { "uv": [ 3.25, 8.25, 3.5, 8.5 ], "texture": "#texture" },
        "east":  { "uv": [ 3.25, 8.25, 3.5, 8.5 ], "texture": "#texture" }
    }
},
{
    "__comment": "front",
    "from": [ 0, 13.5, 16.5 ],
    "to": [ 6.5, 14, 17 ],
    "faces": {
        "down":  { "uv": [ 4.75, 4.5, 6.25, 4.75 ], "texture": "#texture" },
        "up":    { "uv": [ 4.75, 4.5, 6.25, 4.75 ], "texture": "#texture" },
        "north": { "uv": [ 6.25, 4.5, 4.75, 4.75 ], "texture": "#texture" },
        "south": { "uv": [ 4.75, 4.5, 6.25, 4.75 ], "texture": "#texture" },
        "west":  { "uv": [ 4.75, 4.5, 5, 4.75 ], "texture": "#texture" },
        "east":  { "uv": [ 6, 4.5, 6.25, 4.75 ], "texture": "#texture" }
    }
},
{
    "__comment": "front",
    "from": [ 0, 7, 16 ],
    "to": [ 7, 8, 18 ],
    "faces": {
        "down":  { "uv": [ 4.5, 4.75, 6.25, 4.25 ], "texture": "#texture" },
        "up":    { "uv": [ 4.5, 4.25, 6.25, 4.75 ], "texture": "#texture" },
        "north": { "uv": [ 4.5, 4.25, 6.25, 4.5 ], "texture": "#texture" },
        "south": { "uv": [ 4.5, 4.5, 6.25, 4.75 ], "texture": "#texture" },
        "west":  { "uv": [ 4.5, 4.25, 4.75, 4.75 ], "rotation": 90, "texture": "#texture" },
        "east":  { "uv": [ 6, 4.25, 6.25, 4.75 ], "rotation": 90, "texture": "#texture" }
    }
},
{
    "from": [ 0, 16.0625, 15.5 ],
    "to": [ 0.5, 17.0625, 16 ],
    "faces": {
        "down":  { "uv": [ 4.5, 6, 4.75, 6.25 ], "texture": "#texture" },
        "up":    { "uv": [ 4.5, 6, 4.75, 6.25 ], "texture": "#texture" },
        "north": { "uv": [ 4.5, 6, 4.75, 6.25 ], "texture": "#texture" },
        "south": { "uv": [ 4.5, 6, 4.75, 6.25 ], "texture": "#texture" },
        "west":  { "uv": [ 4.5, 6, 4.75, 6.25 ], "texture": "#texture" },
        "east":  { "uv": [ 4.5, 6, 4.75, 6.25 ], "texture": "#texture" }
    }
},
{
    "from": [ 5.25, 16.0625, 15.5 ],
    "to": [ 5.75, 17.0625, 16 ],
    "faces": {
        "down":  { "uv": [ 6, 6, 6.25, 6.25 ], "texture": "#texture" },
        "up":    { "uv": [ 6, 6, 6.25, 6.25 ], "texture": "#texture" },
        "north": { "uv": [ 6, 6, 6.25, 6.25 ], "texture": "#texture" },
        "south": { "uv": [ 6, 6, 6.25, 6.25 ], "texture": "#texture" },
        "west":  { "uv": [ 6, 6, 6.25, 6.25 ], "texture": "#texture" },
        "east":  { "uv": [ 6, 6, 6.25, 6.25 ], "texture": "#texture" }
    }
},
{
    "from": [ 0, 16.0625, 9 ],
    "to": [ 0.5, 17.0625, 9.5 ],
    "faces": {
        "down":  { "uv": [ 4.5, 4.25, 4.75, 4.5 ], "texture": "#texture" },
        "up":    { "uv": [ 4.5, 4.25, 4.75, 4.5 ], "texture": "#texture" },
        "north": { "uv": [ 4.5, 4.25, 4.75, 4.5 ], "texture": "#texture" },
        "south": { "uv": [ 4.5, 4.25, 4.75, 4.5 ], "texture": "#texture" },
        "west":  { "uv": [ 4.5, 4.25, 4.75, 4.5 ], "texture": "#texture" },
        "east":  { "uv": [ 4.5, 4.25, 4.75, 4.5 ], "texture": "#texture" }
    }
},
{
    "from": [ 5.5, 16.0625, 9 ],
    "to": [ 6, 17.0625, 9.5 ],
    "faces": {
        "down":  { "uv": [ 6, 4.25, 6.25, 4.5 ], "texture": "#texture" },
        "up":    { "uv": [ 6, 4.25, 6.25, 4.5 ], "texture": "#texture" },
        "north": { "uv": [ 6, 4.25, 6.25, 4.5 ], "texture": "#texture" },
        "south": { "uv": [ 6, 4.25, 6.25, 4.5 ], "texture": "#texture" },
        "west":  { "uv": [ 6, 4.25, 6.25, 4.5 ], "texture": "#texture" },
        "east":  { "uv": [ 6, 4.25, 6.25, 4.5 ], "texture": "#texture" }
    }
},
{
    "from": [ -0.5, 17.0625, 8.5 ],
    "to": [ 6.5, 18.0625, 16.5 ],
    "faces": {
        "down":  { "uv": [ 4.5, 6.25, 6.25, 4.25 ], "texture": "#texture" },
        "up":    { "uv": [ 4.5, 4.25, 6.25, 6.25 ], "texture": "#texture" },
        "north": { "uv": [ 6.25, 4.25, 4.5, 4.5 ], "texture": "#texture" },
        "south": { "uv": [ 4.5, 6, 6.25, 6.25 ], "texture": "#texture" },
        "west":  { "uv": [ 4.5, 6.25, 4.75, 4.25 ], "rotation": 90, "texture": "#texture" },
        "east":  { "uv": [ 6, 4.25, 6.25, 6.25 ], "rotation": 90, "texture": "#texture" }
    }
},
{
    "from": [ 3.5, 16.0625, 1.5 ],
    "to": [ 5.5, 16.5625, 16.5 ],
    "rotation": { "origin": [ 3.5, 16.0625, 1.5 ], "axis": "y", "angle": 22.5 },
    "faces": {
        "down":  { "uv": [ 13.5, 0, 14, 3.75 ], "texture": "#texture" },
        "up":    { "uv": [ 13.5, 0, 14, 3.75 ], "texture": "#texture" },
        "north": { "uv": [ 14, 0, 13.5, 0.25 ], "texture": "#texture" },
        "south": { "uv": [ 13.5, 3.5, 14, 3.75 ], "texture": "#texture" },
        "west":  { "uv": [ 13.5, 0, 13.75, 3.75 ], "rotation": 90, "texture": "#texture" },
        "east":  { "uv": [ 13.75, 0, 14, 3.75 ], "rotation": 90, "texture": "#texture" }
    }
},
{
    "from": [ 8, 16.0625, 5 ],
    "to": [ 10, 19.0625, 7 ],
    "faces": {
        "down":  { "uv": [ 5, 7.5, 5.5, 8 ], "texture": "#texture" },
        "up":    { "uv": [ 4.5, 7.5, 5, 8 ], "texture": "#texture" },
        "north": { "uv": [ 4.5, 6.5, 5, 7.25 ], "texture": "#texture" },
        "south": { "uv": [ 5.5, 6.5, 6, 7.25 ], "texture": "#texture" },
        "west":  { "uv": [ 5, 6.5, 5.5, 7.25 ], "texture": "#texture" },
        "east":  { "uv": [ 6, 6.5, 6.5, 7.25 ], "texture": "#texture" }
    }
},
{
    "from": [ 8.5, 19.0625, 5.5 ],
    "to": [ 9.5, 19.5625, 6.5 ],
    "faces": {
        "down":  { "uv": [ 6.75, 6.5, 7, 6.75 ], "texture": "#texture" },
        "up":    { "uv": [ 6.75, 6.5, 7, 6.75 ], "texture": "#texture" },
        "north": { "uv": [ 6.75, 6.5, 7, 6.75 ], "texture": "#texture" },
        "south": { "uv": [ 6.75, 6.5, 7, 6.75 ], "texture": "#texture" },
        "west":  { "uv": [ 6.75, 6.5, 7, 6.75 ], "texture": "#texture" },
        "east":  { "uv": [ 6.75, 6.5, 7, 6.75 ], "texture": "#texture" }
    }
},
{
    "from": [ 8.75, 19.5625, 5.75 ],
    "to": [ 9.25, 20.5625, 6.25 ],
    "faces": {
        "down":  { "uv": [ 6.75, 6.25, 7, 6.5 ], "texture": "#texture" },
        "up":    { "uv": [ 6.75, 6.25, 7, 6.5 ], "texture": "#texture" },
        "north": { "uv": [ 6.75, 6.25, 7, 6.5 ], "texture": "#texture" },
        "south": { "uv": [ 6.75, 6.25, 7, 6.5 ], "texture": "#texture" },
        "west":  { "uv": [ 6.75, 6.25, 7, 6.5 ], "texture": "#texture" },
        "east":  { "uv": [ 6.75, 6.25, 7, 6.5 ], "texture": "#texture" }
    }
},
{
    "from": [ 10.75, 16.0625, 7 ],
    "to": [ 12.75, 17.0625, 9 ],
    "rotation": { "origin": [ 10.75, 16.0625, 7 ], "axis": "y", "angle": -45 },
    "faces": {
        "down":  { "uv": [ 5.25, 7.5, 6.25, 8.5 ], "texture": "#texture" },
        "up":    { "uv": [ 5.25, 7.5, 6.25, 8.5 ], "texture": "#texture" },
        "north": { "uv": [ 5.25, 7.5, 6.25, 7.75 ], "texture": "#texture" },
        "south": { "uv": [ 5.25, 8.25, 6.25, 8.5 ], "texture": "#texture" },
        "west":  { "uv": [ 5.25, 7.5, 5.5, 8.5 ], "rotation": 90, "texture": "#texture" },
        "east":  { "uv": [ 6, 7.5, 6.25, 8.5 ], "rotation": 90, "texture": "#texture" }
    }
},
{
    "from": [ 11.5, 16.8125, 6.6875 ],
    "to": [ 14, 17.3125, 9.1875 ],
    "rotation": { "origin": [ 11.5, 17.3125, 6.6875 ], "axis": "z", "angle": -22.5 },
    "faces": {
        "down":  { "uv": [ 6.5, 8.25, 7.25, 7.5 ], "texture": "#texture" },
        "up":    { "uv": [ 6.5, 7.5, 7.25, 8.25 ], "texture": "#texture" },
        "north": { "uv": [ 7.25, 7.5, 6.5, 7.75 ], "texture": "#texture" },
        "south": { "uv": [ 6.5, 8, 7.25, 8.25 ], "texture": "#texture" },
        "west":  { "uv": [ 6.5, 8.25, 6.75, 7.5 ], "rotation": 90, "texture": "#texture" },
        "east":  { "uv": [ 7, 7.5, 7.25, 8.25 ], "rotation": 90, "texture": "#texture" }
    }
},
{
    "from": [ 0, 16.0625, 0 ],
    "to": [ 1, 30.0625, 1 ],
    "faces": {
        "down":  { "uv": [ 12.25, 3.25, 12.5, 3.5 ], "texture": "#texture" },
        "up":    { "uv": [ 12.25, 0, 12.5, 0.25 ], "texture": "#texture" },
        "north": { "uv": [ 12.25, 0, 12.5, 3.5 ], "texture": "#texture" },
        "south": { "uv": [ 12.25, 0, 12.5, 3.5 ], "texture": "#texture" },
        "west":  { "uv": [ 12.25, 0, 12.5, 3.5 ], "texture": "#texture" },
        "east":  { "uv": [ 12.25, 0, 12.5, 3.5 ], "texture": "#texture" }
    }
},
{
    "from": [ 0, 29.0625, -0.75 ],
    "to": [ 2, 31.0625, 1.25 ],
    "rotation": { "origin": [ 0, 29.0625, -0.75 ], "axis": "y", "angle": -22.5 },
    "faces": {
        "down":  { "uv": [ 7.5, 7.5, 8, 8 ], "rotation": 90, "texture": "#texture" },
        "up":    { "uv": [ 7.5, 7.5, 8, 8 ], "rotation": 90, "texture": "#texture" },
        "north": { "uv": [ 7.5, 7.5, 8, 8 ], "texture": "#texture" },
        "south": { "uv": [ 7.5, 7.5, 8, 8 ], "texture": "#texture" },
        "west":  { "uv": [ 8, 7.5, 7.5, 8 ], "texture": "#texture" },
        "east":  { "uv": [ 8, 7.5, 7.5, 8 ], "texture": "#texture" }
    }
},
{
    "from": [ 0.25, 29.5625, -0.125 ],
    "to": [ 7.25, 30.5625, 0.875 ],
    "rotation": { "origin": [ 0.25, 29.5625, -0.125 ], "axis": "y", "angle": -22.5 },
    "faces": {
        "down":  { "uv": [ 12.25, 4.25, 14, 4.5 ], "texture": "#texture" },
        "up":    { "uv": [ 12.25, 4.25, 14, 4.5 ], "texture": "#texture" },
        "north": { "uv": [ 14, 4.25, 12.25, 4.5 ], "texture": "#texture" },
        "south": { "uv": [ 12.25, 4.25, 14, 4.5 ], "texture": "#texture" },
        "west":  { "uv": [ 12.25, 4.25, 12.5, 4.5 ], "texture": "#texture" },
        "east":  { "uv": [ 13.75, 4.25, 14, 4.5 ], "texture": "#texture" }
    }
},
{
    "from": [ 5, 29.0625, 1.75 ],
    "to": [ 7, 29.5625, 3.75 ],
    "faces": {
        "down":  { "uv": [ 11, 4.75, 11.5, 5.25 ], "texture": "#texture" },
        "up":    { "uv": [ 11, 4.75, 11.5, 5.25 ], "texture": "#texture" },
        "north": { "uv": [ 11, 4.75, 11.5, 5 ], "texture": "#texture" },
        "south": { "uv": [ 11, 5, 11.5, 5.25 ], "texture": "#texture" },
        "west":  { "uv": [ 11, 4.75, 11.25, 5.25 ], "rotation": 90, "texture": "#texture" },
        "east":  { "uv": [ 11.25, 4.75, 11.5, 5.25 ], "rotation": 90, "texture": "#texture" }
    }
},
{
    "from": [ 4, 28.0625, 0.75 ],
    "to": [ 8, 29.0625, 4.75 ],
    "faces": {
        "down":  { "uv": [ 10.75, 4.5, 11.75, 5.5 ], "texture": "#texture" },
        "up":    { "uv": [ 10.75, 4.5, 11.75, 5.5 ], "texture": "#texture" },
        "north": { "uv": [ 10.75, 4.5, 11.75, 4.75 ], "texture": "#texture" },
        "south": { "uv": [ 10.75, 5.25, 11.75, 5.5 ], "texture": "#texture" },
        "west":  { "uv": [ 10.75, 4.5, 11, 5.5 ], "rotation": 90, "texture": "#texture" },
        "east":  { "uv": [ 11.5, 4.5, 11.75, 5.5 ], "rotation": 90, "texture": "#texture" }
    }
},
{
    "from": [ 3, 27.5625, -0.25 ],
    "to": [ 9, 28.0625, 5.75 ],
    "faces": {
        "down":  { "uv": [ 10.5, 4.25, 12, 5.75 ], "texture": "#texture" },
        "up":    { "uv": [ 10.5, 4.25, 12, 5.75 ], "texture": "#texture" },
        "north": { "uv": [ 10.5, 4.25, 12, 4.5 ], "texture": "#texture" },
        "south": { "uv": [ 10.5, 5.5, 12, 5.75 ], "texture": "#texture" },
        "west":  { "uv": [ 10.5, 4.25, 10.75, 5.75 ], "rotation": 90, "texture": "#texture" },
        "east":  { "uv": [ 11.75, 4.25, 12, 5.75 ], "rotation": 90, "texture": "#texture" }
    }
},
{
    "from": [ 3.25, 22.5625, 0 ],
    "to": [ 4.25, 27.5625, 1 ],
    "faces": {
        "down":  { "uv": [ 13.75, 5.75, 14, 6 ], "texture": "#texture" },
        "up":    { "uv": [ 13.75, 4.75, 14, 5 ], "texture": "#texture" },
        "north": { "uv": [ 13.75, 4.75, 14, 6 ], "texture": "#texture" },
        "south": { "uv": [ 13.75, 4.75, 14, 6 ], "texture": "#texture" },
        "west":  { "uv": [ 13.75, 4.75, 14, 6 ], "texture": "#texture" },
        "east":  { "uv": [ 13.75, 4.75, 14, 6 ], "texture": "#texture" }
    }
},
{
    "from": [ 7.75, 22.5625, 0 ],
    "to": [ 8.75, 27.5625, 1 ],
    "faces": {
        "down":  { "uv": [ 13.25, 5.75, 13.5, 6 ], "texture": "#texture" },
        "up":    { "uv": [ 13.25, 4.75, 13.5, 5 ], "texture": "#texture" },
        "north": { "uv": [ 13.25, 4.75, 13.5, 6 ], "texture": "#texture" },
        "south": { "uv": [ 13.25, 4.75, 13.5, 6 ], "texture": "#texture" },
        "west":  { "uv": [ 13.25, 4.75, 13.5, 6 ], "texture": "#texture" },
        "east":  { "uv": [ 13.25, 4.75, 13.5, 6 ], "texture": "#texture" }
    }
},
{
    "from": [ 3.25, 22.5625, 4.5 ],
    "to": [ 4.25, 27.5625, 5.5 ],
    "faces": {
        "down":  { "uv": [ 12.25, 5.75, 12.5, 6 ], "texture": "#texture" },
        "up":    { "uv": [ 12.25, 4.75, 12.5, 5 ], "texture": "#texture" },
        "north": { "uv": [ 12.25, 4.75, 12.5, 6 ], "texture": "#texture" },
        "south": { "uv": [ 12.25, 4.75, 12.5, 6 ], "texture": "#texture" },
        "west":  { "uv": [ 12.25, 4.75, 12.5, 6 ], "texture": "#texture" },
        "east":  { "uv": [ 12.25, 4.75, 12.5, 6 ], "texture": "#texture" }
    }
},
{
    "from": [ 7.75, 22.5625, 4.5 ],
    "to": [ 8.75, 27.5625, 5.5 ],
    "faces": {
        "down":  { "uv": [ 12.75, 5.75, 13, 6 ], "texture": "#texture" },
        "up":    { "uv": [ 12.75, 4.75, 13, 5 ], "texture": "#texture" },
        "north": { "uv": [ 12.75, 4.75, 13, 6 ], "texture": "#texture" },
        "south": { "uv": [ 12.75, 4.75, 13, 6 ], "texture": "#texture" },
        "west":  { "uv": [ 12.75, 4.75, 13, 6 ], "texture": "#texture" },
        "east":  { "uv": [ 12.75, 4.75, 13, 6 ], "texture": "#texture" }
    }
},
{
    "from": [ 3, 21.5625, -0.25 ],
    "to": [ 9, 22.5625, 5.75 ],
    "faces": {
        "down":  { "uv": [ 10.5, 4.25, 12, 5.75 ], "texture": "#texture" },
        "up":    { "uv": [ 10.5, 4.25, 12, 5.75 ], "texture": "#texture" },
        "north": { "uv": [ 10.5, 4.25, 12, 4.5 ], "texture": "#texture" },
        "south": { "uv": [ 10.5, 5.5, 12, 5.75 ], "texture": "#texture" },
        "west":  { "uv": [ 10.5, 4.25, 10.75, 5.75 ], "rotation": 90, "texture": "#texture" },
        "east":  { "uv": [ 11.75, 4.25, 12, 5.75 ], "rotation": 90, "texture": "#texture" }
    }
},
{
    "from": [ 4.25, 22.5625, 1 ],
    "to": [ 7.75, 23.5625, 4.5 ],
    "faces": {
        "down":  { "uv": [ 10.75, 4.5, 11.75, 5.5 ], "texture": "#texture" },
        "up":    { "uv": [ 10.75, 4.5, 11.75, 5.5 ], "texture": "#texture" },
        "north": { "uv": [ 10.75, 5.25, 11.75, 5.5 ], "texture": "#texture" },
        "south": { "uv": [ 10.75, 4.5, 11.75, 4.75 ], "texture": "#texture" },
        "west":  { "uv": [ 10.75, 4.5, 11, 5.5 ], "rotation": 90, "texture": "#texture" },
        "east":  { "uv": [ 11.5, 4.5, 11.75, 5.5 ], "rotation": 90, "texture": "#texture" }
    }
},
{
    "from": [ 5, 23.5625, 1.75 ],
    "to": [ 7, 27.5625, 3.75 ],
    "faces": {
        "down":  { "uv": [ 8.25, 8.25, 8.5, 8.5 ], "texture": "#texture" },
        "up":    { "uv": [ 8.25, 7.5, 8.5, 7.75 ], "texture": "#texture" },
        "north": { "uv": [ 8.25, 7.5, 8.75, 8.5 ], "texture": "#texture" },
        "south": { "uv": [ 9.25, 7.5, 9.75, 8.5 ], "texture": "#texture" },
        "west":  { "uv": [ 8.75, 7.5, 9.25, 8.5 ], "texture": "#texture" },
        "east":  { "uv": [ 9.75, 7.5, 10.25, 8.5 ], "texture": "#texture" }
    }
},
{
    "from": [ -0.5, 16.0625, 3.5 ],
    "to": [ 2.5, 19.0625, 6.5 ],
    "rotation": { "origin": [ -0.5, 16.0625, 3.5 ], "axis": "y", "angle": 22.5 },
    "faces": {
        "down":  { "uv": [ 7.25, 6.25, 8.25, 7.25 ], "texture": "#texture" },
        "up":    { "uv": [ 7.25, 6.25, 8.25, 7.25 ], "texture": "#texture" },
        "north": { "uv": [ 8.25, 6.25, 9, 7 ], "texture": "#texture" },
        "south": { "uv": [ 9.75, 6.25, 10.5, 7 ], "texture": "#texture" },
        "west":  { "uv": [ 9, 6.25, 9.75, 7 ], "texture": "#texture" },
        "east":  { "uv": [ 10.5, 6.25, 11.25, 7 ], "texture": "#texture" }
    }
},
{
    "from": [ 0.75, 19.0625, 3.75 ],
    "to": [ 1.25, 21.0625, 4.25 ],
    "faces": {
        "down":  { "uv": [ 11.5, 6.5, 11.75, 6.75 ], "texture": "#texture" },
        "up":    { "uv": [ 11.5, 6.25, 11.75, 6.5 ], "texture": "#texture" },
        "north": { "uv": [ 11.5, 6.25, 11.75, 6.75 ], "texture": "#texture" },
        "south": { "uv": [ 11.5, 6.25, 11.75, 6.75 ], "texture": "#texture" },
        "west":  { "uv": [ 11.5, 6.25, 11.75, 6.75 ], "texture": "#texture" },
        "east":  { "uv": [ 11.5, 6.25, 11.75, 6.75 ], "texture": "#texture" }
    }
},
{
    "from": [ 1.25, 18.5625, 3.75 ],
    "to": [ 1.75, 20.5625, 4.25 ],
    "rotation": { "origin": [ 1.25, 18.5625, 3.75 ], "axis": "y", "angle": 45 },
    "faces": {
        "down":  { "uv": [ 11.5, 6.5, 11.75, 6.75 ], "texture": "#texture" },
        "up":    { "uv": [ 11.5, 6.25, 11.75, 6.5 ], "texture": "#texture" },
        "north": { "uv": [ 11.5, 6.25, 11.75, 6.75 ], "texture": "#texture" },
        "south": { "uv": [ 11.5, 6.25, 11.75, 6.75 ], "texture": "#texture" },
        "west":  { "uv": [ 11.5, 6.25, 11.75, 6.75 ], "texture": "#texture" },
        "east":  { "uv": [ 11.5, 6.25, 11.75, 6.75 ], "texture": "#texture" }
    }
},
{
    "from": [ 12.5, 16.0625, 12.25 ],
    "to": [ 13.5, 17.0625, 14.25 ],
    "rotation": { "origin": [ 12.5, 16.0625, 12.25 ], "axis": "y", "angle": -22.5 },
    "faces": {
        "down":  { "uv": [ 10.5, 7.25, 10.75, 7.75 ], "texture": "#texture" },
        "up":    { "uv": [ 10.5, 7.25, 10.75, 7.75 ], "texture": "#texture" },
        "north": { "uv": [ 10.5, 7.25, 10.75, 7.5 ], "texture": "#texture" },
        "south": { "uv": [ 10.5, 7.5, 10.75, 7.75 ], "texture": "#texture" },
        "west":  { "uv": [ 10.5, 7.75, 10.75, 7.25 ], "rotation": 90, "texture": "#texture" },
        "east":  { "uv": [ 10.5, 7.25, 10.75, 7.75 ], "rotation": 90, "texture": "#texture" }
    }
},
{
    "from": [ 13.75, 16.0625, 11.75 ],
    "to": [ 14.75, 16.5625, 12.75 ],
    "rotation": { "origin": [ 13.75, 16.0625, 11.75 ], "axis": "y", "angle": -22.5 },
    "faces": {
        "down":  { "uv": [ 11.25, 7.75, 11.5, 8 ], "texture": "#texture" },
        "up":    { "uv": [ 11.25, 7.75, 11.5, 8 ], "texture": "#texture" },
        "north": { "uv": [ 11.25, 7.75, 11.5, 8 ], "texture": "#texture" },
        "south": { "uv": [ 11.25, 7.75, 11.5, 8 ], "texture": "#texture" },
        "west":  { "uv": [ 11.25, 7.75, 11.5, 8 ], "texture": "#texture" },
        "east":  { "uv": [ 11.25, 7.75, 11.5, 8 ], "texture": "#texture" }
    }
},
{
    "from": [ 14.25, 16.0625, 13 ],
    "to": [ 15.25, 17.0625, 15 ],
    "rotation": { "origin": [ 14.25, 16.0625, 13 ], "axis": "y", "angle": -22.5 },
    "faces": {
        "down":  { "uv": [ 10.5, 7.25, 10.75, 7.75 ], "texture": "#texture" },
        "up":    { "uv": [ 10.5, 7.25, 10.75, 7.75 ], "texture": "#texture" },
        "north": { "uv": [ 10.5, 7.25, 10.75, 7.5 ], "texture": "#texture" },
        "south": { "uv": [ 10.5, 7.5, 10.75, 7.75 ], "texture": "#texture" },
        "west":  { "uv": [ 10.5, 7.75, 10.75, 7.25 ], "rotation": 90, "texture": "#texture" },
        "east":  { "uv": [ 10.5, 7.25, 10.75, 7.75 ], "rotation": 90, "texture": "#texture" }
    }
},
{
    "from": [ 13, 16.0625, 10 ],
    "to": [ 14, 16.5625, 12 ],
    "faces": {
        "down":  { "uv": [ 11, 7.25, 11.25, 7.75 ], "texture": "#texture" },
        "up":    { "uv": [ 11, 7.25, 11.25, 7.75 ], "texture": "#texture" },
        "north": { "uv": [ 11, 7.25, 11.25, 7.5 ], "texture": "#texture" },
        "south": { "uv": [ 11, 7.5, 11.25, 7.75 ], "texture": "#texture" },
        "west":  { "uv": [ 11, 7.75, 11.25, 7.25 ], "rotation": 90, "texture": "#texture" },
        "east":  { "uv": [ 11, 7.25, 11.25, 7.75 ], "rotation": 90, "texture": "#texture" }
    }
},
{
    "from": [ 15.875, 16.0625, 10.9375 ],
    "to": [ 16.875, 16.5625, 12.9375 ],
    "rotation": { "origin": [ 15.875, 16.0625, 10.9375 ], "axis": "y", "angle": -45 },
    "faces": {
        "down":  { "uv": [ 11.5, 7.25, 11.75, 7.75 ], "texture": "#texture" },
        "up":    { "uv": [ 11.5, 7.25, 11.75, 7.75 ], "texture": "#texture" },
        "north": { "uv": [ 11.5, 7.25, 11.75, 7.5 ], "texture": "#texture" },
        "south": { "uv": [ 11.5, 7.5, 11.75, 7.75 ], "texture": "#texture" },
        "west":  { "uv": [ 11.5, 7.75, 11.75, 7.25 ], "rotation": 90, "texture": "#texture" },
        "east":  { "uv": [ 11.5, 7.25, 11.75, 7.75 ], "rotation": 90, "texture": "#texture" }
    }
},
{
    "__comment": "front*",
    "from": [ 0.5, 11.5, -0.5 ],
    "to": [ 7.5, 14.5, 0 ],
    "faces": {
        "down":  { "uv": [ 8.25, 4.75, 6.5, 5 ], "texture": "#texture" },
        "up":    { "uv": [ 8.25, 4.25, 6.5, 4.5 ], "texture": "#texture" },
        "north": { "uv": [ 6.5, 4.25, 8.25, 5 ], "texture": "#texture" },
        "south": { "uv": [ 6.5, 4.25, 8.25, 5 ], "texture": "#texture" },
        "west":  { "uv": [ 8, 4.25, 8.25, 5 ], "texture": "#texture" },
        "east":  { "uv": [ 6.5, 4.25, 6.75, 5 ], "texture": "#texture" }
    }
},
{
    "__comment": "front*",
    "from": [ 0.5, 8, -0.5 ],
    "to": [ 7.5, 11, 0 ],
    "faces": {
        "down":  { "uv": [ 8.25, 5.75, 6.5, 6 ], "texture": "#texture" },
        "up":    { "uv": [ 8.25, 5.25, 6.5, 5.5 ], "texture": "#texture" },
        "north": { "uv": [ 6.5, 5.25, 8.25, 6 ], "texture": "#texture" },
        "south": { "uv": [ 6.5, 5.25, 8.25, 6 ], "texture": "#texture" },
        "west":  { "uv": [ 8, 5.25, 8.25, 6 ], "texture": "#texture" },
        "east":  { "uv": [ 6.5, 5.25, 6.75, 6 ], "texture": "#texture" }
    }
},
{
    "__comment": "front*",
    "from": [ 9, 13, -1.5 ],
    "to": [ 9.5, 14.5, 0 ],
    "faces": {
        "down":  { "uv": [ 3.25, 8.25, 3.5, 8.5 ], "texture": "#texture" },
        "up":    { "uv": [ 3.25, 8.25, 3.5, 8.5 ], "texture": "#texture" },
        "north": { "uv": [ 3.25, 8.25, 3.5, 8.5 ], "texture": "#texture" },
        "south": { "uv": [ 3.25, 8.25, 3.5, 8.5 ], "texture": "#texture" },
        "west":  { "uv": [ 3.25, 8.25, 3.5, 8.5 ], "texture": "#texture" },
        "east":  { "uv": [ 3.25, 8.25, 3.5, 8.5 ], "texture": "#texture" }
    }
},
{
    "__comment": "front*",
    "from": [ 9.5, 13.5, -1 ],
    "to": [ 16, 14, -0.5 ],
    "faces": {
        "down":  { "uv": [ 4.75, 4.5, 6.25, 4.75 ], "texture": "#texture" },
        "up":    { "uv": [ 4.75, 4.5, 6.25, 4.75 ], "texture": "#texture" },
        "north": { "uv": [ 6.25, 4.5, 4.75, 4.75 ], "texture": "#texture" },
        "south": { "uv": [ 4.75, 4.5, 6.25, 4.75 ], "texture": "#texture" },
        "west":  { "uv": [ 4.75, 4.5, 5, 4.75 ], "texture": "#texture" },
        "east":  { "uv": [ 6, 4.5, 6.25, 4.75 ], "texture": "#texture" }
    }
},
{
    "__comment": "front*",
    "from": [ 9, 7, -2 ],
    "to": [ 16, 8, 0 ],
    "faces": {
        "down":  { "uv": [ 6.25, 4.25, 4.5, 4.75 ], "texture": "#texture" },
        "up":    { "uv": [ 6.25, 4.75, 4.5, 4.25 ], "texture": "#texture" },
        "north": { "uv": [ 4.5, 4.5, 6.25, 4.75 ], "texture": "#texture" },
        "south": { "uv": [ 4.5, 4.25, 6.25, 4.5 ], "texture": "#texture" },
        "west":  { "uv": [ 6, 4.25, 6.25, 4.75 ], "rotation": 90, "texture": "#texture" },
        "east":  { "uv": [ 4.5, 4.75, 4.75, 4.25 ], "rotation": 90, "texture": "#texture" }
    }
},
{
    "__comment": "front*",
    "from": [ 0.5, 0.5, -0.5 ],
    "to": [ 7.5, 7.5, 0 ],
    "faces": {
        "down":  { "uv": [ 10.25, 5.75, 8.5, 6 ], "texture": "#texture" },
        "up":    { "uv": [ 10.25, 4.25, 8.5, 4.5 ], "texture": "#texture" },
        "north": { "uv": [ 8.5, 4.25, 10.25, 6 ], "texture": "#texture" },
        "south": { "uv": [ 8.5, 4.25, 10.25, 6 ], "texture": "#texture" },
        "west":  { "uv": [ 10, 4.25, 10.25, 6 ], "texture": "#texture" },
        "east":  { "uv": [ 8.5, 4.25, 8.75, 6 ], "texture": "#texture" }
    }
},
{
    "from": [ 0.75, 21.0625, 3.75 ],
    "to": [ 1.25, 21.5625, 4.25 ],
    "faces": {
        "down":  { "uv": [ 0.25, 4.5, 0.5, 4.75 ], "texture": "#texture" },
        "up":    { "uv": [ 0.25, 4.5, 0.5, 4.75 ], "texture": "#texture" },
        "north": { "uv": [ 0.25, 4.5, 0.5, 4.75 ], "texture": "#texture" },
        "south": { "uv": [ 0.25, 4.5, 0.5, 4.75 ], "texture": "#texture" },
        "west":  { "uv": [ 0.25, 4.5, 0.5, 4.75 ], "texture": "#texture" },
        "east":  { "uv": [ 0.25, 4.5, 0.5, 4.75 ], "texture": "#texture" }
    }
},
{
    "from": [ 0.875, 21.5625, 3.875 ],
    "to": [ 1.125, 22.0625, 4.125 ],
    "faces": {
        "down":  { "uv": [ 11, 4.75, 11.25, 5 ], "texture": "#texture" },
        "up":    { "uv": [ 11, 4.75, 11.25, 5 ], "texture": "#texture" },
        "north": { "uv": [ 11, 4.75, 11.25, 5 ], "texture": "#texture" },
        "south": { "uv": [ 11, 4.75, 11.25, 5 ], "texture": "#texture" },
        "west":  { "uv": [ 11, 4.75, 11.25, 5 ], "texture": "#texture" },
        "east":  { "uv": [ 11, 4.75, 11.25, 5 ], "texture": "#texture" }
    }
},
{
    "from": [ 1, 20.5625, 3.75 ],
    "to": [ 1.75, 21.3125, 4.5 ],
    "rotation": { "origin": [ 1, 20.5625, 3.75 ], "axis": "y", "angle": 45 },
    "faces": {
        "down":  { "uv": [ 6.75, 6.25, 7, 6.5 ], "texture": "#texture" },
        "up":    { "uv": [ 6.75, 6.25, 7, 6.5 ], "texture": "#texture" },
        "north": { "uv": [ 6.75, 6.25, 7, 6.5 ], "texture": "#texture" },
        "south": { "uv": [ 6.75, 6.25, 7, 6.5 ], "texture": "#texture" },
        "west":  { "uv": [ 6.75, 6.25, 7, 6.5 ], "texture": "#texture" },
        "east":  { "uv": [ 6.75, 6.25, 7, 6.5 ], "texture": "#texture" }
    }
},
{
    "from": [ 1.25, 21.3125, 3.75 ],
    "to": [ 1.75, 21.8125, 4.25 ],
    "rotation": { "origin": [ 1.25, 21.3125, 3.75 ], "axis": "y", "angle": 45 },
    "faces": {
        "down":  { "uv": [ 11.5, 6, 11.75, 6.25 ], "texture": "#texture" },
        "up":    { "uv": [ 11.5, 6, 11.75, 6.25 ], "texture": "#texture" },
        "north": { "uv": [ 11.5, 6, 11.75, 6.25 ], "texture": "#texture" },
        "south": { "uv": [ 11.5, 6, 11.75, 6.25 ], "texture": "#texture" },
        "west":  { "uv": [ 11.5, 6, 11.75, 6.25 ], "texture": "#texture" },
        "east":  { "uv": [ 11.5, 6, 11.75, 6.25 ], "texture": "#texture" }
    }
},
{
    "from": [ 3.5, 5.5, -1 ],
    "to": [ 4.5, 6.5, -0.5 ],
    "faces": {
        "down":  { "uv": [ 10.75, 5.5, 11, 5.75 ], "texture": "#texture" },
        "up":    { "uv": [ 10.75, 5.5, 11, 5.75 ], "texture": "#texture" },
        "north": { "uv": [ 10.75, 5.5, 11, 5.75 ], "texture": "#texture" },
        "south": { "uv": [ 10.75, 5.5, 11, 5.75 ], "texture": "#texture" },
        "west":  { "uv": [ 10.75, 5.5, 11, 5.75 ], "texture": "#texture" },
        "east":  { "uv": [ 10.75, 5.5, 11, 5.75 ], "texture": "#texture" }
    }
},
{
    "from": [ 3.5, 9, -1 ],
    "to": [ 4.5, 10, -0.5 ],
    "faces": {
        "down":  { "uv": [ 10.75, 5.5, 11, 5.75 ], "texture": "#texture" },
        "up":    { "uv": [ 10.75, 5.5, 11, 5.75 ], "texture": "#texture" },
        "north": { "uv": [ 10.75, 5.5, 11, 5.75 ], "texture": "#texture" },
        "south": { "uv": [ 10.75, 5.5, 11, 5.75 ], "texture": "#texture" },
        "west":  { "uv": [ 10.75, 5.5, 11, 5.75 ], "texture": "#texture" },
        "east":  { "uv": [ 10.75, 5.5, 11, 5.75 ], "texture": "#texture" }
    }
},
{
    "from": [ 3.5, 12.5, -1 ],
    "to": [ 4.5, 13.5, -0.5 ],
    "faces": {
        "down":  { "uv": [ 10.75, 5.5, 11, 5.75 ], "texture": "#texture" },
        "up":    { "uv": [ 10.75, 5.5, 11, 5.75 ], "texture": "#texture" },
        "north": { "uv": [ 10.75, 5.5, 11, 5.75 ], "texture": "#texture" },
        "south": { "uv": [ 10.75, 5.5, 11, 5.75 ], "texture": "#texture" },
        "west":  { "uv": [ 10.75, 5.5, 11, 5.75 ], "texture": "#texture" },
        "east":  { "uv": [ 10.75, 5.5, 11, 5.75 ], "texture": "#texture" }
    }
},
{
    "from": [ 11, 5.5, 16.5 ],
    "to": [ 12, 6.5, 17 ],
    "faces": {
        "down":  { "uv": [ 10.75, 5.5, 11, 5.75 ], "texture": "#texture" },
        "up":    { "uv": [ 10.75, 5.5, 11, 5.75 ], "texture": "#texture" },
        "north": { "uv": [ 10.75, 5.5, 11, 5.75 ], "texture": "#texture" },
        "south": { "uv": [ 10.75, 5.5, 11, 5.75 ], "texture": "#texture" },
        "west":  { "uv": [ 10.75, 5.5, 11, 5.75 ], "texture": "#texture" },
        "east":  { "uv": [ 10.75, 5.5, 11, 5.75 ], "texture": "#texture" }
    }
},
{
    "from": [ 11, 9, 16.5 ],
    "to": [ 12, 10, 17 ],
    "faces": {
        "down":  { "uv": [ 10.75, 5.5, 11, 5.75 ], "texture": "#texture" },
        "up":    { "uv": [ 10.75, 5.5, 11, 5.75 ], "texture": "#texture" },
        "north": { "uv": [ 10.75, 5.5, 11, 5.75 ], "texture": "#texture" },
        "south": { "uv": [ 10.75, 5.5, 11, 5.75 ], "texture": "#texture" },
        "west":  { "uv": [ 10.75, 5.5, 11, 5.75 ], "texture": "#texture" },
        "east":  { "uv": [ 10.75, 5.5, 11, 5.75 ], "texture": "#texture" }
    }
},
{
    "from": [ 11, 12.5, 16.5 ],
    "to": [ 12, 13.5, 17 ],
    "faces": {
        "down":  { "uv": [ 10.75, 5.5, 11, 5.75 ], "texture": "#texture" },
        "up":    { "uv": [ 10.75, 5.5, 11, 5.75 ], "texture": "#texture" },
        "north": { "uv": [ 10.75, 5.5, 11, 5.75 ], "texture": "#texture" },
        "south": { "uv": [ 10.75, 5.5, 11, 5.75 ], "texture": "#texture" },
        "west":  { "uv": [ 10.75, 5.5, 11, 5.75 ], "texture": "#texture" },
        "east":  { "uv": [ 10.75, 5.5, 11, 5.75 ], "texture": "#texture" }
    }
},
{
    "from": [ 2.5, 18.0625, 11.25 ],
    "to": [ 3, 18.5625, 12.75 ],
    "rotation": { "origin": [ 2.5, 18.0625, 11.25 ], "axis": "y", "angle": 22.5 },
    "faces": {
        "down":  { "uv": [ 12, 6.25, 12.25, 7 ], "texture": "#texture" },
        "up":    { "uv": [ 12, 6.25, 12.25, 7 ], "texture": "#texture" },
        "north": { "uv": [ 12, 6.25, 12.25, 6.5 ], "texture": "#texture" },
        "south": { "uv": [ 12, 6.75, 12.25, 7 ], "texture": "#texture" },
        "west":  { "uv": [ 12, 6.25, 12.25, 7 ], "rotation": 90, "texture": "#texture" },
        "east":  { "uv": [ 12, 6.25, 12.25, 7 ], "rotation": 90, "texture": "#texture" }
    }
},
{
    "from": [ 4.3125, 18.0625, 10.5625 ],
    "to": [ 4.8125, 18.5625, 12.0625 ],
    "rotation": { "origin": [ 4.3125, 18.0625, 10.5625 ], "axis": "y", "angle": 22.5 },
    "faces": {
        "down":  { "uv": [ 12, 6.25, 12.25, 7 ], "texture": "#texture" },
        "up":    { "uv": [ 12, 6.25, 12.25, 7 ], "texture": "#texture" },
        "north": { "uv": [ 12, 6.25, 12.25, 6.5 ], "texture": "#texture" },
        "south": { "uv": [ 12, 6.75, 12.25, 7 ], "texture": "#texture" },
        "west":  { "uv": [ 12, 6.25, 12.25, 7 ], "rotation": 90, "texture": "#texture" },
        "east":  { "uv": [ 12, 6.25, 12.25, 7 ], "rotation": 90, "texture": "#texture" }
    }
},
{
    "from": [ 2.75, 18.0625, 10.625 ],
    "to": [ 4.25, 18.5625, 11.125 ],
    "rotation": { "origin": [ 2.75, 18.0625, 10.625 ], "axis": "y", "angle": 22.5 },
    "faces": {
        "down":  { "uv": [ 12, 6.25, 12.25, 7 ], "texture": "#texture" },
        "up":    { "uv": [ 12, 6.25, 12.25, 7 ], "texture": "#texture" },
        "north": { "uv": [ 12, 6.25, 12.25, 6.5 ], "texture": "#texture" },
        "south": { "uv": [ 12, 6.75, 12.25, 7 ], "texture": "#texture" },
        "west":  { "uv": [ 12, 6.25, 12.25, 7 ], "rotation": 90, "texture": "#texture" },
        "east":  { "uv": [ 12, 6.25, 12.25, 7 ], "rotation": 90, "texture": "#texture" }
    }
},
{
    "from": [ 3.5, 18.0625, 12.5 ],
    "to": [ 5, 18.5625, 13 ],
    "rotation": { "origin": [ 3.5, 18.0625, 12.5 ], "axis": "y", "angle": 22.5 },
    "faces": {
        "down":  { "uv": [ 12, 6.25, 12.25, 7 ], "texture": "#texture" },
        "up":    { "uv": [ 12, 6.25, 12.25, 7 ], "texture": "#texture" },
        "north": { "uv": [ 12, 6.25, 12.25, 6.5 ], "texture": "#texture" },
        "south": { "uv": [ 12, 6.75, 12.25, 7 ], "texture": "#texture" },
        "west":  { "uv": [ 12, 6.25, 12.25, 7 ], "rotation": 90, "texture": "#texture" },
        "east":  { "uv": [ 12, 6.25, 12.25, 7 ], "rotation": 90, "texture": "#texture" }
    }
},
{
    "from": [ 0.75, 18.0625, 12.25 ],
    "to": [ 1.75, 19.0625, 13.25 ],
    "rotation": { "origin": [ 0.75, 18.0625, 12.25 ], "axis": "y", "angle": -45 },
    "faces": {
        "down":  { "uv": [ 13, 6.25, 13.25, 6.5 ], "texture": "#texture" },
        "up":    { "uv": [ 13, 6.25, 13.25, 6.5 ], "texture": "#texture" },
        "north": { "uv": [ 13, 6.25, 13.25, 6.5 ], "texture": "#texture" },
        "south": { "uv": [ 13, 6.25, 13.25, 6.5 ], "texture": "#texture" },
        "west":  { "uv": [ 13, 6.25, 13.25, 6.5 ], "texture": "#texture" },
        "east":  { "uv": [ 13, 6.25, 13.25, 6.5 ], "texture": "#texture" }
    }
},
{
    "from": [ 2, 18.0625, 13.5 ],
    "to": [ 2.5, 18.5625, 14 ],
    "faces": {
        "down":  { "uv": [ 13.5, 6.25, 13.75, 6.5 ], "texture": "#texture" },
        "up":    { "uv": [ 13.5, 6.25, 13.75, 6.5 ], "texture": "#texture" },
        "north": { "uv": [ 13.5, 6.25, 13.75, 6.5 ], "texture": "#texture" },
        "south": { "uv": [ 13.5, 6.25, 13.75, 6.5 ], "texture": "#texture" },
        "west":  { "uv": [ 13.5, 6.25, 13.75, 6.5 ], "texture": "#texture" },
        "east":  { "uv": [ 13.5, 6.25, 13.75, 6.5 ], "texture": "#texture" }
    }
},
{
    "from": [ 1, 18.0625, 14.5 ],
    "to": [ 1.5, 18.5625, 15 ],
    "rotation": { "origin": [ 1, 18.0625, 14.5 ], "axis": "y", "angle": 22.5 },
    "faces": {
        "down":  { "uv": [ 13.5, 6.25, 13.75, 6.5 ], "texture": "#texture" },
        "up":    { "uv": [ 13.5, 6.25, 13.75, 6.5 ], "texture": "#texture" },
        "north": { "uv": [ 13.5, 6.25, 13.75, 6.5 ], "texture": "#texture" },
        "south": { "uv": [ 13.5, 6.25, 13.75, 6.5 ], "texture": "#texture" },
        "west":  { "uv": [ 13.5, 6.25, 13.75, 6.5 ], "texture": "#texture" },
        "east":  { "uv": [ 13.5, 6.25, 13.75, 6.5 ], "texture": "#texture" }
    }
},
{
    "from": [ 3.25, 18.0625, 14.5 ],
    "to": [ 3.5, 18.3125, 14.75 ],
    "faces": {
        "down":  { "uv": [ 14, 6.25, 14.25, 6.5 ], "texture": "#texture" },
        "up":    { "uv": [ 14, 6.25, 14.25, 6.5 ], "texture": "#texture" },
        "north": { "uv": [ 14, 6.25, 14.25, 6.5 ], "texture": "#texture" },
        "south": { "uv": [ 14, 6.25, 14.25, 6.5 ], "texture": "#texture" },
        "west":  { "uv": [ 14, 6.25, 14.25, 6.5 ], "texture": "#texture" },
        "east":  { "uv": [ 14, 6.25, 14.25, 6.5 ], "texture": "#texture" }
    }
},
{
    "from": [ 1.5, 18.0625, 12 ],
    "to": [ 1.75, 18.3125, 12.25 ],
    "rotation": { "origin": [ 1.5, 18.0625, 12 ], "axis": "y", "angle": 22.5 },
    "faces": {
        "down":  { "uv": [ 14, 6.25, 14.25, 6.5 ], "texture": "#texture" },
        "up":    { "uv": [ 14, 6.25, 14.25, 6.5 ], "texture": "#texture" },
        "north": { "uv": [ 14, 6.25, 14.25, 6.5 ], "texture": "#texture" },
        "south": { "uv": [ 14, 6.25, 14.25, 6.5 ], "texture": "#texture" },
        "west":  { "uv": [ 14, 6.25, 14.25, 6.5 ], "texture": "#texture" },
        "east":  { "uv": [ 14, 6.25, 14.25, 6.5 ], "texture": "#texture" }
    }
},
{
    "from": [ 1.75, 18.0625, 15.25 ],
    "to": [ 2, 18.3125, 15.5 ],
    "rotation": { "origin": [ 1.75, 18.0625, 15.25 ], "axis": "y", "angle": -22.5 },
    "faces": {
        "down":  { "uv": [ 14, 6.25, 14.25, 6.5 ], "texture": "#texture" },
        "up":    { "uv": [ 14, 6.25, 14.25, 6.5 ], "texture": "#texture" },
        "north": { "uv": [ 14, 6.25, 14.25, 6.5 ], "texture": "#texture" },
        "south": { "uv": [ 14, 6.25, 14.25, 6.5 ], "texture": "#texture" },
        "west":  { "uv": [ 14, 6.25, 14.25, 6.5 ], "texture": "#texture" },
        "east":  { "uv": [ 14, 6.25, 14.25, 6.5 ], "texture": "#texture" }
    }
},
{
    "from": [ 12.3125, 16.5625, 0.1875 ],
    "to": [ 12.8125, 18.0625, 5.1875 ],
    "rotation": { "origin": [ 12.3125, 16.5625, 0.1875 ], "axis": "y", "angle": -22.5 },
    "faces": {
        "down":  { "uv": [ 0, 9, 1.25, 9.25 ], "rotation": 90, "texture": "#texture" },
        "up":    { "uv": [ 1.25, 8.75, 0, 9 ], "rotation": 90, "texture": "#texture" },
        "north": { "uv": [ 0, 8.75, 0.25, 9.125 ], "texture": "#texture" },
        "south": { "uv": [ 1, 8.75, 1.25, 9.125 ], "texture": "#texture" },
        "west":  { "uv": [ 1.25, 8.75, 0, 9.125 ], "texture": "#texture" },
        "east":  { "uv": [ 0, 8.75, 1.25, 9.125 ], "texture": "#texture" }
    }
},
{
    "from": [ 12.375, 16.5625, 0.1875 ],
    "to": [ 16.375, 18.0625, 0.6875 ],
    "rotation": { "origin": [ 12.375, 16.5625, 0.1875 ], "axis": "y", "angle": -22.5 },
    "faces": {
        "down":  { "uv": [ 3, 9, 4, 9.25 ], "texture": "#texture" },
        "up":    { "uv": [ 4, 8.75, 3, 9 ], "texture": "#texture" },
        "north": { "uv": [ 3, 8.75, 4, 9.125 ], "texture": "#texture" },
        "south": { "uv": [ 4, 8.75, 3, 9.125 ], "texture": "#texture" },
        "west":  { "uv": [ 3, 8.75, 3.25, 9.125 ], "texture": "#texture" },
        "east":  { "uv": [ 3.75, 8.75, 4, 9.125 ], "texture": "#texture" }
    }
},
{
    "from": [ 15.625, 16.5625, 1.5625 ],
    "to": [ 16.125, 18.0625, 6.5625 ],
    "rotation": { "origin": [ 15.625, 16.5625, 1.5625 ], "axis": "y", "angle": -22.5 },
    "faces": {
        "down":  { "uv": [ 2, 9, 3.25, 9.25 ], "rotation": 90, "texture": "#texture" },
        "up":    { "uv": [ 3.25, 8.75, 2, 9 ], "rotation": 90, "texture": "#texture" },
        "north": { "uv": [ 3, 8.75, 3.25, 9.125 ], "texture": "#texture" },
        "south": { "uv": [ 2, 8.75, 2.25, 9.125 ], "texture": "#texture" },
        "west":  { "uv": [ 3.25, 8.75, 2, 9.125 ], "texture": "#texture" },
        "east":  { "uv": [ 2, 8.75, 3.25, 9.125 ], "texture": "#texture" }
    }
},
{
    "from": [ 10.625, 16.5625, 4.3125 ],
    "to": [ 14.625, 18.0625, 4.8125 ],
    "rotation": { "origin": [ 10.625, 16.5625, 4.3125 ], "axis": "y", "angle": -22.5 },
    "faces": {
        "down":  { "uv": [ 1.25, 9, 2.25, 9.25 ], "texture": "#texture" },
        "up":    { "uv": [ 1.25, 8.75, 2.25, 9 ], "texture": "#texture" },
        "north": { "uv": [ 2.25, 8.75, 1.25, 9.125 ], "texture": "#texture" },
        "south": { "uv": [ 1.25, 8.75, 2.25, 9.125 ], "texture": "#texture" },
        "west":  { "uv": [ 1.25, 8.75, 1.5, 9.125 ], "texture": "#texture" },
        "east":  { "uv": [ 2, 8.75, 2.25, 9.125 ], "texture": "#texture" }
    }
},
{
    "from": [ 12.375, 16.0625, 0.1875 ],
    "to": [ 16.375, 16.5625, 5.1875 ],
    "rotation": { "origin": [ 12.375, 16.0625, 0.1875 ], "axis": "y", "angle": -22.5 },
    "faces": {
        "down":  { "uv": [ 0, 9.5, 1, 10.75 ], "texture": "#texture" },
        "up":    { "uv": [ 0, 9.5, 1, 10.75 ], "texture": "#texture" },
        "north": { "uv": [ 1, 9.5, 0, 9.75 ], "texture": "#texture" },
        "south": { "uv": [ 0, 10.5, 1, 10.75 ], "texture": "#texture" },
        "west":  { "uv": [ 0, 9.5, 0.25, 10.75 ], "rotation": 90, "texture": "#texture" },
        "east":  { "uv": [ 0.75, 9.5, 1, 10.75 ], "rotation": 90, "texture": "#texture" }
    }
}
],
"display": {
    "thirdperson_righthand": {
        "rotation": [ 10, -45, -35 ],
        "translation": [ 0, 1.5, -2.75 ],
        "scale": [ 0.37, 0.37, 0.37 ]
    },
    "thirdperson_lefthand": {
        "rotation": [ 10, -45, -35 ],
        "translation": [ 0, 1.5, -2.75 ],
        "scale": [ 0.37, 0.37, 0.37 ]
    },
    "head": {
        "rotation": [ 0, 0, 0 ],
        "translation": [ 0, 0, 0 ],
        "scale": [ 1, 1, 1 ]
    },
    "ground": {
        "rotation": [ 0, 0, 0 ],
        "translation": [ 0, 4.91, 0 ],
        "scale": [ 0.35, 0.35, 0.35 ]
    },
    "fixed": {
        "rotation": [ 0, 180, 0 ],
        "translation": [ 0, -2.65, -3.4 ],
        "scale": [ 0.5, 0.5, 0.5 ]
    },
    "firstperson_righthand": {
        "rotation": [ 0, -69, 16 ],
        "translation": [ 10.39, -6.24, -14.17 ],
        "scale": [ 1, 1, 1 ]
    },
    "firstperson_lefthand": {
        "rotation": [ 0, -69, 16 ],
        "translation": [ 10.39, -6.24, -14.17 ],
        "scale": [ 1, 1, 1 ]
    },
    "gui": {
        "rotation": [ 45, 45, 0 ],
        "translation": [ 0, -0.94, 0 ],
        "scale": [ 0.45, 0.45, 0.45 ]
    }
}
}