{
"__comment": "Designed by MasterianoX",
"textures": {
    "particle": "entity/skeleton/frost_bane",
    "texture": "entity/skeleton/frost_bane",
    "frost_bane_animated": "entity/skeleton/frost_bane2"
},
"elements": [ 
{
    "from": [ -2, 6, 5 ],
    "to": [ 1, 12, 11 ],
    "faces": {
        "down":  { "uv": [ 7.5, 0, 9, 0.75 ], "rotation": 90, "texture": "#texture" },
        "up":    { "uv": [ 6, 0, 7.5, 0.75 ], "rotation": 90, "texture": "#texture" },
        "north": { "uv": [ 5.25, 0.75, 6, 2.25 ], "texture": "#texture" },
        "south": { "uv": [ 7.5, 0.75, 8.25, 2.25 ], "texture": "#texture" },
        "west":  { "uv": [ 6, 0.75, 7.5, 2.25 ], "texture": "#texture" },
        "east":  { "uv": [ 8.25, 0.75, 9.75, 2.25 ], "texture": "#texture" }
    }
},
{
    "from": [ 1, 0, -1 ],
    "to": [ 13, 14, 17 ],
    "faces": {
        "down":  { "uv": [ 7.5, 5.5, 12, 8.5 ], "rotation": 90, "texture": "#texture" },
        "up":    { "uv": [ 3, 5.5, 7.5, 8.5 ], "rotation": 90, "texture": "#texture" },
        "north": { "uv": [ 0, 8.5, 3, 12 ], "texture": "#texture" },
        "south": { "uv": [ 7.5, 8.5, 10.5, 12 ], "texture": "#texture" },
        "west":  { "uv": [ 3, 8.5, 7.5, 12 ], "texture": "#texture" },
        "east":  { "uv": [ 10.5, 8.5, 15, 12 ], "texture": "#texture" }
    }
},
{
    "from": [ -3, 4, 4 ],
    "to": [ 1, 6, 12 ],
    "faces": {
        "down":  { "uv": [ 8.25, 4, 10.25, 5 ], "rotation": 90, "texture": "#texture" },
        "up":    { "uv": [ 6.25, 4, 8.25, 5 ], "rotation": 90, "texture": "#texture" },
        "north": { "uv": [ 5.25, 5, 6.25, 5.5 ], "texture": "#texture" },
        "south": { "uv": [ 8.25, 5, 9.25, 5.5 ], "texture": "#texture" },
        "west":  { "uv": [ 6.25, 5, 8.25, 5.5 ], "texture": "#texture" },
        "east":  { "uv": [ 9.25, 5, 11.25, 5.5 ], "texture": "#texture" }
    }
},
{
    "from": [ -11, 6, -5 ],
    "to": [ 8, 10, -1 ],
    "faces": {
        "down":  { "uv": [ 3, 1, 4, 5.75 ], "rotation": 90, "texture": "#frost_bane_animated" },
        "up":    { "uv": [ 1, 1, 2, 5.75 ], "rotation": 90, "texture": "#frost_bane_animated" },
        "north": { "uv": [ 0, 5.75, 1, 1 ], "rotation": 90, "texture": "#frost_bane_animated" },
        "south": { "uv": [ 2, 1, 3, 5.75 ], "rotation": 90, "texture": "#frost_bane_animated" },
        "west":  { "uv": [ 2, 0, 3, 1 ], "texture": "#frost_bane_animated" },
        "east":  { "uv": [ 1, 0, 2, 1 ], "texture": "#frost_bane_animated" }
    }
},
{
    "from": [ 5, -6, 17 ],
    "to": [ 9, 13, 21 ],
    "rotation": { "origin": [ 5, 13, 17 ], "axis": "z", "angle": -45 },
    "faces": {
        "down":  { "uv": [ 2, 0, 3, 1 ], "texture": "#frost_bane_animated" },
        "up":    { "uv": [ 1, 0, 2, 1 ], "texture": "#frost_bane_animated" },
        "north": { "uv": [ 0, 1, 1, 5.75 ], "texture": "#frost_bane_animated" },
        "south": { "uv": [ 2, 1, 3, 5.75 ], "texture": "#frost_bane_animated" },
        "west":  { "uv": [ 1, 1, 2, 5.75 ], "texture": "#frost_bane_animated" },
        "east":  { "uv": [ 3, 1, 4, 5.75 ], "texture": "#frost_bane_animated" }
    }
},
{
    "from": [ -4.5, 4, 5.4375 ],
    "to": [ -0.5, 7, 10.4375 ],
    "rotation": { "origin": [ -4.5, 7, 5.4375 ], "axis": "z", "angle": 45 },
    "faces": {
        "down":  { "uv": [ 6.25, 2.25, 7.5, 3.25 ], "rotation": 90, "texture": "#texture" },
        "up":    { "uv": [ 6.25, 2.25, 7.5, 3.25 ], "rotation": 90, "texture": "#texture" },
        "north": { "uv": [ 5.25, 3.25, 6.25, 4 ], "texture": "#texture" },
        "south": { "uv": [ 7.5, 3.25, 8.5, 4 ], "texture": "#texture" },
        "west":  { "uv": [ 6.25, 3.25, 7.5, 4 ], "texture": "#texture" },
        "east":  { "uv": [ 8.5, 3.25, 9.75, 4 ], "texture": "#texture" }
    }
},
{
    "from": [ -4.5, 5, 6.5 ],
    "to": [ -2.5, 7, 9.5 ],
    "faces": {
        "down":  { "uv": [ 8.75, 3.5, 9.5, 4 ], "texture": "#texture" },
        "up":    { "uv": [ 8.75, 3.5, 9.5, 4 ], "texture": "#texture" },
        "north": { "uv": [ 8.25, 3.5, 8.75, 4 ], "texture": "#texture" },
        "south": { "uv": [ 8.25, 3.5, 8.75, 4 ], "texture": "#texture" },
        "west":  { "uv": [ 7.75, 2.5, 8.5, 3 ], "texture": "#texture" },
        "east":  { "uv": [ 7.75, 2.5, 8.5, 3 ], "texture": "#texture" }
    }
},
{
    "from": [ 2.5, 3, 8 ],
    "to": [ 22.5, 24, 8.0625 ],
    "faces": {
        "north": { "uv": [ 5.25, 0, 0, 5.25 ], "texture": "#texture" },
        "south": { "uv": [ 0, 0, 5.25, 5.25 ], "texture": "#texture" }
    }
},
{
    "from": [ 4.5, -6, 2 ],
    "to": [ 9.5, 0, 14 ],
    "faces": {
        "down":  { "uv": [ 4.25, 13.25, 7.25, 14.5 ], "rotation": 90, "texture": "#texture" },
        "up":    { "uv": [ 1.25, 13.25, 4.25, 14.5 ], "rotation": 90, "texture": "#texture" },
        "north": { "uv": [ 0, 14.5, 1.25, 16 ], "texture": "#texture" },
        "south": { "uv": [ 4.25, 14.5, 5.5, 16 ], "texture": "#texture" },
        "west":  { "uv": [ 1.25, 14.5, 4.25, 16 ], "texture": "#texture" },
        "east":  { "uv": [ 5.5, 14.5, 8.5, 16 ], "texture": "#texture" }
    }
},
{
    "from": [ 4.875, -8, 3.75 ],
    "to": [ 9.125, -6, 12.25 ],
    "faces": {
        "down":  { "uv": [ 8.25, 4, 10.25, 5 ], "rotation": 90, "texture": "#texture" },
        "up":    { "uv": [ 6.25, 4, 8.25, 5 ], "rotation": 90, "texture": "#texture" },
        "north": { "uv": [ 5.25, 5, 6.25, 5.5 ], "texture": "#texture" },
        "south": { "uv": [ 8.25, 5, 9.25, 5.5 ], "texture": "#texture" },
        "west":  { "uv": [ 6.25, 5, 8.25, 5.5 ], "texture": "#texture" },
        "east":  { "uv": [ 6.25, 5, 8.25, 5.5 ], "texture": "#texture" }
    }
}
],
"display": {
    "thirdperson_righthand": {
        "rotation": [ 10, -45, 170 ],
        "translation": [ 0, 1.5, -2.75 ],
        "scale": [ 0.375, 0.375, 0.375 ]
    },
    "thirdperson_lefthand": {
        "rotation": [ 10, -45, 170 ],
        "translation": [ 0, 1.5, -2.75 ],
        "scale": [ 0.375, 0.375, 0.375 ]
    },
    "head": {
        "rotation": [ 0, -90, 0 ],
        "translation": [ 0, -4.72, 1.32 ],
        "scale": [ 1.5, 1.5, 1.5 ]
    },
    "ground": {
        "rotation": [ 0, 0, 0 ],
        "translation": [ 0, 5.67, 0 ],
        "scale": [ 0.5, 0.5, 0.5 ]
    },
    "fixed": {
        "rotation": [ 0, -90, 0 ],
        "translation": [ 0, 0, -0.57 ],
        "scale": [ 0.5, 0.5, 0.5 ]
    },
    "firstperson_righthand": {
        "rotation": [ 0, 21, 0 ],
        "translation": [ 0, 5.29, 0 ],
        "scale": [ 0.5, 0.5, 0.5 ]
    },
    "firstperson_lefthand": {
        "rotation": [ 0, -157, 0 ],
        "translation": [ 0, 5.29, 0 ],
        "scale": [ 0.5, 0.5, 0.5 ]
    },
    "gui": {
        "rotation": [ 45, 135, 0 ],
        "translation": [ 0, 0.76, 0 ],
        "scale": [ 0.45, 0.45, 0.45 ]
    }
}
}