{
"__comment": "Designed by MasterianoX",
"textures": {
    "particle": "entity/merchants/farmer",
    "texture": "entity/merchants/farmer"
},
"elements": [ 
{
    "from": [ 6, 10, 6 ],
    "to": [ 10, 14, 10 ],
    "faces": {
        "down":  { "uv": [ 8.25, 4.75, 10.25, 6.75 ], "texture": "#texture" },
        "up":    { "uv": [ 6.25, 4.75, 8.25, 6.75 ], "texture": "#texture" },
        "north": { "uv": [ 10.25, 6.75, 12.25, 8.75 ], "texture": "#texture" },
        "south": { "uv": [ 6.25, 6.75, 8.25, 8.75 ], "texture": "#texture" },
        "west":  { "uv": [ 4.25, 6.75, 6.25, 8.75 ], "texture": "#texture" },
        "east":  { "uv": [ 8.25, 6.75, 10.25, 8.75 ], "texture": "#texture" }
    }
},
{
    "from": [ 4.5, 11.75, 5 ],
    "to": [ 11.5, 12.25, 12 ],
    "rotation": { "origin": [ 4.5, 12.25, 5 ], "axis": "x", "angle": -22.5 },
    "faces": {
        "down":  { "uv": [ 0, 11.75, 3.5, 8.25 ], "texture": "#texture" },
        "up":    { "uv": [ 0, 8.25, 3.5, 11.75 ], "texture": "#texture" },
        "north": { "uv": [ 3.5, 8.25, 0, 8.5 ], "texture": "#texture" },
        "south": { "uv": [ 0, 11.5, 3.5, 11.75 ], "texture": "#texture" },
        "west":  { "uv": [ 0, 11.75, 0.25, 8.25 ], "rotation": 90, "texture": "#texture" },
        "east":  { "uv": [ 3.25, 8.25, 3.5, 11.75 ], "rotation": 90, "texture": "#texture" }
    }
},
{
    "from": [ 5.9375, 12.4375, 5.25 ],
    "to": [ 10.0625, 14.4375, 9.25 ],
    "rotation": { "origin": [ 5.9375, 14.4375, 5.25 ], "axis": "x", "angle": -22.5 },
    "faces": {
        "down":  { "uv": [ 7.75, 9, 9.75, 11 ], "texture": "#texture" },
        "up":    { "uv": [ 5.75, 9, 7.75, 11 ], "texture": "#texture" },
        "north": { "uv": [ 5.75, 11, 7.75, 12 ], "texture": "#texture" },
        "south": { "uv": [ 9.75, 11, 11.75, 12 ], "texture": "#texture" },
        "west":  { "uv": [ 3.75, 11, 5.75, 12 ], "texture": "#texture" },
        "east":  { "uv": [ 7.75, 11, 9.75, 12 ], "texture": "#texture" }
    }
},
{
    "from": [ 8.75, 10.75, 9.75 ],
    "to": [ 9, 11, 13.75 ],
    "rotation": { "origin": [ 8.75, 10.75, 9.75 ], "axis": "y", "angle": 22.5 },
    "faces": {
        "down":  { "uv": [ 2.75, 7.5, 3, 7.75 ], "texture": "#texture" },
        "up":    { "uv": [ 2.75, 7.5, 3, 7.75 ], "texture": "#texture" },
        "north": { "uv": [ 2.75, 7.5, 3, 7.75 ], "texture": "#texture" },
        "south": { "uv": [ 2.75, 7.5, 3, 7.75 ], "texture": "#texture" },
        "west":  { "uv": [ 2.75, 7.5, 3, 7.75 ], "texture": "#texture" },
        "east":  { "uv": [ 2.75, 7.5, 3, 7.75 ], "texture": "#texture" }
    }
},
{
    "from": [ 6.5, 9.5, 10 ],
    "to": [ 9.5, 10.75, 10.25 ],
    "faces": {
        "down":  { "uv": [ 1, 7.75, 2.5, 8 ], "texture": "#texture" },
        "up":    { "uv": [ 1, 7.5, 2.5, 7.75 ], "texture": "#texture" },
        "north": { "uv": [ 1, 7.5, 2.5, 8 ], "texture": "#texture" },
        "south": { "uv": [ 1, 7.5, 2.5, 8 ], "texture": "#texture" },
        "west":  { "uv": [ 1, 7.5, 1.25, 8 ], "texture": "#texture" },
        "east":  { "uv": [ 2.25, 7.5, 2.5, 8 ], "texture": "#texture" }
    }
},
{
    "from": [ 8, 11, 10 ],
    "to": [ 9.5, 12, 10.5 ],
    "faces": {
        "down":  { "uv": [ 0, 7.75, 0.75, 8 ], "texture": "#texture" },
        "up":    { "uv": [ 0, 7.5, 0.75, 7.75 ], "texture": "#texture" },
        "north": { "uv": [ 0, 7.5, 0.75, 8 ], "texture": "#texture" },
        "south": { "uv": [ 0, 7.5, 0.75, 8 ], "texture": "#texture" },
        "west":  { "uv": [ 0, 7.5, 0.25, 8 ], "texture": "#texture" },
        "east":  { "uv": [ 0.5, 7.5, 0.75, 8 ], "texture": "#texture" }
    }
},
{
    "from": [ 6.25, 10.25, 10 ],
    "to": [ 7.75, 11.25, 10.5 ],
    "rotation": { "origin": [ 6.25, 11.25, 10 ], "axis": "z", "angle": 22.5 },
    "faces": {
        "down":  { "uv": [ 0, 7.75, 0.75, 8 ], "texture": "#texture" },
        "up":    { "uv": [ 0, 7.5, 0.75, 7.75 ], "texture": "#texture" },
        "north": { "uv": [ 0, 7.5, 0.75, 8 ], "texture": "#texture" },
        "south": { "uv": [ 0, 7.5, 0.75, 8 ], "texture": "#texture" },
        "west":  { "uv": [ 0, 7.5, 0.25, 8 ], "texture": "#texture" },
        "east":  { "uv": [ 0.5, 7.5, 0.75, 8 ], "texture": "#texture" }
    }
},
{
    "from": [ 5.5, 4.5, 6.25 ],
    "to": [ 10.5, 10, 9.75 ],
    "faces": {
        "down":  { "uv": [ 9.75, 0, 12.5, 1.75 ], "texture": "#texture" },
        "up":    { "uv": [ 7, 0, 9.75, 1.75 ], "texture": "#texture" },
        "north": { "uv": [ 11.5, 1.75, 14.25, 4.5 ], "texture": "#texture" },
        "south": { "uv": [ 7, 1.75, 9.75, 4.5 ], "texture": "#texture" },
        "west":  { "uv": [ 5.25, 1.75, 7, 4.5 ], "texture": "#texture" },
        "east":  { "uv": [ 9.75, 1.75, 11.5, 4.5 ], "texture": "#texture" }
    }
},
{
    "from": [ 10, 10.625, 13 ],
    "to": [ 10.5, 11.125, 14 ],
    "rotation": { "origin": [ 10, 10.625, 13 ], "axis": "y", "angle": 22.5 },
    "faces": {
        "down":  { "uv": [ 3.75, 7.5, 3.25, 7.75 ], "rotation": 90, "texture": "#texture" },
        "up":    { "uv": [ 3.25, 7.5, 3.75, 7.75 ], "rotation": 90, "texture": "#texture" },
        "north": { "uv": [ 3.25, 7.5, 3.5, 7.75 ], "texture": "#texture" },
        "south": { "uv": [ 3.5, 7.5, 3.75, 7.75 ], "texture": "#texture" },
        "west":  { "uv": [ 3.25, 7.5, 3.75, 7.75 ], "texture": "#texture" },
        "east":  { "uv": [ 3.75, 7.5, 3.25, 7.75 ], "texture": "#texture" }
    }
},
{
    "from": [ 3.5, 4, 7.25 ],
    "to": [ 5.5, 9, 9.25 ],
    "rotation": { "origin": [ 3.5, 9, 7.25 ], "axis": "x", "angle": -22.5 },
    "faces": {
        "down":  { "uv": [ 2, 3.75, 3, 4.75 ], "texture": "#texture" },
        "up":    { "uv": [ 1, 3.75, 2, 4.75 ], "texture": "#texture" },
        "north": { "uv": [ 1, 4.75, 2, 7.25 ], "texture": "#texture" },
        "south": { "uv": [ 3, 4.75, 4, 7.25 ], "texture": "#texture" },
        "west":  { "uv": [ 0, 4.75, 1, 7.25 ], "texture": "#texture" },
        "east":  { "uv": [ 2, 4.75, 3, 7.25 ], "texture": "#texture" }
    }
},
{
    "from": [ 5.5, 0, 6.5 ],
    "to": [ 8, 4.5, 9 ],
    "faces": {
        "down":  { "uv": [ 2.5, 0, 3.75, 1.25 ], "texture": "#texture" },
        "up":    { "uv": [ 1.25, 0, 2.5, 1.25 ], "texture": "#texture" },
        "north": { "uv": [ 3.75, 1.25, 5, 3.5 ], "texture": "#texture" },
        "south": { "uv": [ 1.25, 1.25, 2.5, 3.5 ], "texture": "#texture" },
        "west":  { "uv": [ 0, 1.25, 1.25, 3.5 ], "texture": "#texture" },
        "east":  { "uv": [ 2.5, 1.25, 3.75, 3.5 ], "texture": "#texture" }
    }
},
{
    "from": [ 8, 0, 6.5 ],
    "to": [ 10.5, 4.5, 9 ],
    "faces": {
        "down":  { "uv": [ 2.5, 0, 3.75, 1.25 ], "texture": "#texture" },
        "up":    { "uv": [ 1.25, 0, 2.5, 1.25 ], "texture": "#texture" },
        "north": { "uv": [ 2.5, 1.25, 1.25, 3.5 ], "texture": "#texture" },
        "south": { "uv": [ 3.75, 1.25, 5, 3.5 ], "texture": "#texture" },
        "west":  { "uv": [ 0, 1.25, 1.25, 3.5 ], "texture": "#texture" },
        "east":  { "uv": [ 2.5, 1.25, 3.75, 3.5 ], "texture": "#texture" }
    }
},
{
    "from": [ 10.5, 4.5625, 7.25 ],
    "to": [ 12.5, 9.5625, 9.25 ],
    "faces": {
        "down":  { "uv": [ 2, 3.75, 3, 4.75 ], "texture": "#texture" },
        "up":    { "uv": [ 1, 3.75, 2, 4.75 ], "texture": "#texture" },
        "north": { "uv": [ 1, 4.75, 2, 7.25 ], "texture": "#texture" },
        "south": { "uv": [ 3, 4.75, 4, 7.25 ], "texture": "#texture" },
        "west":  { "uv": [ 0, 4.75, 1, 7.25 ], "texture": "#texture" },
        "east":  { "uv": [ 2, 4.75, 3, 7.25 ], "texture": "#texture" }
    }
}
],
"display": {
    "thirdperson_righthand": {
        "rotation": [ 10, -45, -90 ],
        "translation": [ 0, 1.5, -2.75 ],
        "scale": [ 0.37, 0.37, 0.37 ]
    },
    "thirdperson_lefthand": {
        "rotation": [ 10, -45, -90 ],
        "translation": [ 0, 1.5, -2.75 ],
        "scale": [ 0.37, 0.37, 0.37 ]
    },
    "head": {
        "rotation": [ 0, -31, 0 ],
        "translation": [ 0, -19.28, -0.94 ],
        "scale": [ 3.2, 3.2, 3.2 ]
    },
    "ground": {
        "rotation": [ 0, 0, 0 ],
        "translation": [ 0, 4.91, 0 ],
        "scale": [ 1, 1, 1 ]
    },
    "fixed": {
        "rotation": [ 0, -180, 0 ],
        "translation": [ 0, 0, -0.94 ],
        "scale": [ 1, 1, 1 ]
    },
    "firstperson_righthand": {
        "rotation": [ 0, -52, 0 ],
        "translation": [ 0, 1.7, 0 ],
        "scale": [ 1, 1, 1 ]
    },
    "firstperson_lefthand": {
        "rotation": [ 0, -52, 0 ],
        "translation": [ 0, 1.7, 0 ],
        "scale": [ 1, 1, 1 ]
    },
    "gui": {
        "rotation": [ 45, 45, 0 ],
        "translation": [ 0, 0, 0 ],
        "scale": [ 1, 1, 1 ]
    }
}
}