{
   
"parent": "item/handheld",

"textures": {
        "layer0": "items/gold_axe"

}
,
"overrides": [
 {"predicate": {"damage": 0.0303030303}, "model": "item/mobs/aquis/drippler"},
 {"predicate": {"damage": 0.0606060606}, "model": "item/mobs/aquis/bloop"},
 {"predicate": {"damage": 0.0909090909}, "model": "item/mobs/aquis/snork"},
 {"predicate": {"damage": 0.12121212121}, "model": "item/mobs/aquis/decayed_draugr"},
 {"predicate": {"damage": 0.15151515151}, "model": "item/mobs/aquis/sea_hag"},
 {"predicate": {"damage": 0.18181818181}, "model": "item/mobs/aquis/tenticul"},
 {"predicate": {"damage": 0.21212121212}, "model": "item/mobs/aquis/manatee"},

 {"predicate": {"damage": 0.63636363636}, "model": "item/mobs/merchants/rare_items_merchant"},
 {"predicate": {"damage": 0.66666666666}, "model": "item/mobs/npcs/alien"},
 {"predicate": {"damage": 0.69696969697}, "model": "item/mobs/merchants/secret_merchant"},
 {"predicate": {"damage": 0.72727272727}, "model": "item/mobs/merchants/tech_merchant"},
 {"predicate": {"damage": 0.75757575757}, "model": "item/mobs/npcs/guard"},
 {"predicate": {"damage": 0.78787878787}, "model": "item/mobs/merchants/jeweler"},
 {"predicate": {"damage": 0.81818181818}, "model": "item/mobs/merchants/witch"},
 {"predicate": {"damage": 0.84848484848}, "model": "item/mobs/merchants/farmer"},
 {"predicate": {"damage": 0.87878787878}, "model": "item/mobs/merchants/blacksmith"},
 {"predicate": {"damage": 0.90909090909}, "model": "item/mobs/merchants/carpenter"},
 {"predicate": {"damage": 0.93939393939}, "model": "item/mobs/merchants/elder_merchant"},
 {"predicate": {"damage": 0.96969696969}, "model": "item/mobs/merchants/contraband_dealer"}
]
}