{
"__comment": "Designed by MasterianoX",
"textures": {
    "particle": "entity/celestial/celestial",
    "texture": "entity/celestial/celestial"
},
"elements": [ 
{
    "from": [ 6.5, 5, 1 ],
    "to": [ 18.5, 16, 15 ],
    "rotation": { "origin": [ 6.5, 16, 1 ], "axis": "z", "angle": -22.5 },
    "faces": {
        "down":  { "uv": [ 7, 7.5, 11, 10.5 ], "rotation": 90, "texture": "#texture" },
        "up":    { "uv": [ 3, 7.5, 7, 10.5 ], "rotation": 90, "texture": "#texture" },
        "north": { "uv": [ 0, 10.5, 3, 13.25 ], "texture": "#texture" },
        "south": { "uv": [ 7, 10.5, 10, 13.25 ], "texture": "#texture" },
        "west":  { "uv": [ 3, 10.5, 7, 13.25 ], "texture": "#texture" },
        "east":  { "uv": [ 10, 10.5, 14, 13.25 ], "texture": "#texture" }
    }
},
{
    "from": [ 4, 1, 4 ],
    "to": [ 11, 6, 12 ],
    "faces": {
        "down":  { "uv": [ 3.75, 4.25, 5.75, 6 ], "rotation": 90, "texture": "#texture" },
        "up":    { "uv": [ 1.75, 4.25, 3.75, 6 ], "rotation": 90, "texture": "#texture" },
        "north": { "uv": [ 0, 6, 1.75, 7.25 ], "texture": "#texture" },
        "south": { "uv": [ 3.75, 6, 5.5, 7.25 ], "texture": "#texture" },
        "west":  { "uv": [ 1.75, 6, 3.75, 7.25 ], "texture": "#texture" },
        "east":  { "uv": [ 5.5, 6, 7.5, 7.25 ], "texture": "#texture" }
    }
},
{
    "from": [ 3, -1, 3 ],
    "to": [ 11, 1, 13 ],
    "faces": {
        "down":  { "uv": [ 4.5, 1.5, 7, 3.5 ], "rotation": 90, "texture": "#texture" },
        "up":    { "uv": [ 2, 1.5, 4.5, 3.5 ], "rotation": 90, "texture": "#texture" },
        "north": { "uv": [ 0, 3.5, 2, 4 ], "texture": "#texture" },
        "south": { "uv": [ 4.5, 3.5, 6.5, 4 ], "texture": "#texture" },
        "west":  { "uv": [ 2, 3.5, 4.5, 4 ], "texture": "#texture" },
        "east":  { "uv": [ 6.5, 3.5, 9, 4 ], "texture": "#texture" }
    }
},
{
    "from": [ 6, -3, 6 ],
    "to": [ 10, -1, 10 ],
    "faces": {
        "down":  { "uv": [ 2, 0, 3, 1 ], "texture": "#texture" },
        "up":    { "uv": [ 1, 0, 2, 1 ], "texture": "#texture" },
        "north": { "uv": [ 0, 1, 1, 1.5 ], "texture": "#texture" },
        "south": { "uv": [ 2, 1, 3, 1.5 ], "texture": "#texture" },
        "west":  { "uv": [ 2, 1, 1, 1.5 ], "texture": "#texture" },
        "east":  { "uv": [ 4, 1, 3, 1.5 ], "texture": "#texture" }
    }
}
],
"display": {
    "thirdperson_righthand": {
        "rotation": [ 0, 0, 0 ],
        "translation": [ 0, 4.91, 0 ],
        "scale": [ 0.5, 0.5, 0.5 ]
    },
    "thirdperson_lefthand": {
        "rotation": [ 0, 0, 0 ],
        "translation": [ 0, 4.91, 0 ],
        "scale": [ 0.5, 0.5, 0.5 ]
    },
    "head": {
        "rotation": [ 0, -90, 0 ],
        "translation": [ 0, 11.72, 0 ],
        "scale": [ 1.65, 1.65, 1.65 ]
    },
    "ground": {
        "rotation": [ 0, 0, 0 ],
        "translation": [ 0, 6.05, 0 ],
        "scale": [ 0.5, 0.5, 0.5 ]
    },
    "fixed": {
        "rotation": [ 0, -90, 0 ],
        "translation": [ 0, 0, 0 ],
        "scale": [ 0.5, 0.5, 0.5 ]
    },
    "firstperson_righthand": {
        "rotation": [ 0, 27, -16 ],
        "translation": [ 0, 4.91, 0 ],
        "scale": [ 0.5, 0.5, 0.5 ]
    },
    "firstperson_lefthand": {
        "rotation": [ 0, -162, 16 ],
        "translation": [ 0, 4.91, 0 ],
        "scale": [ 0.5, 0.5, 0.5 ]
    },
    "gui": {
        "rotation": [ 17, 135, 0 ],
        "translation": [ 0, 0, 0 ],
        "scale": [ 0.5, 0.5, 0.5 ]
    }
}
}