{
"__comment": "Designed by MasterianoX",
"textures": {
    "particle": "vehicles/ships/lunar/lunar",
    "texture": "vehicles/ships/lunar/lunar"
},
"elements": [ 
{
    "from": [ 11, 0, 6 ],
    "to": [ 18, 2.5, 10 ],
    "faces": {
        "down":  { "uv": [ 0, 0.5, 1.75, 0.75 ], "texture": "#texture" },
        "up":    { "uv": [ 0, 0, 1.75, 0.25 ], "texture": "#texture" },
        "north": { "uv": [ 0, 0, 1.75, 0.75 ], "texture": "#texture" },
        "south": { "uv": [ 0, 0, 1.75, 0.75 ], "texture": "#texture" },
        "west":  { "uv": [ 1.75, 0, 2.75, 0.75 ], "texture": "#texture" },
        "east":  { "uv": [ 0, 0, 1, 0.75 ], "texture": "#texture" }
    }
},
{
    "from": [ 10, -0.5, 5 ],
    "to": [ 18, 2.5, 6 ],
    "faces": {
        "down":  { "uv": [ 0, 1.25, 2, 1.5 ], "texture": "#texture" },
        "up":    { "uv": [ 0, 0.75, 2, 1 ], "texture": "#texture" },
        "north": { "uv": [ 2, 0.75, 0, 1.5 ], "texture": "#texture" },
        "south": { "uv": [ 0, 0.75, 2, 1.5 ], "texture": "#texture" },
        "west":  { "uv": [ 0, 0.75, 0.25, 1.5 ], "texture": "#texture" },
        "east":  { "uv": [ 1.75, 0.75, 2, 1.5 ], "texture": "#texture" }
    }
},
{
    "from": [ 10, -0.5, 10 ],
    "to": [ 18, 2.5, 11 ],
    "faces": {
        "down":  { "uv": [ 0, 1.25, 2, 1.5 ], "texture": "#texture" },
        "up":    { "uv": [ 0, 0.75, 2, 1 ], "texture": "#texture" },
        "north": { "uv": [ 2, 0.75, 0, 1.5 ], "texture": "#texture" },
        "south": { "uv": [ 0, 0.75, 2, 1.5 ], "texture": "#texture" },
        "west":  { "uv": [ 0, 0.75, 0.25, 1.5 ], "texture": "#texture" },
        "east":  { "uv": [ 1.75, 0.75, 2, 1.5 ], "texture": "#texture" }
    }
},
{
    "from": [ 3, 1.5, 5 ],
    "to": [ 10, 2.5, 6 ],
    "faces": {
        "down":  { "uv": [ 0, 0.75, 0.25, 1 ], "texture": "#texture" },
        "up":    { "uv": [ 0, 0.75, 0.25, 1 ], "texture": "#texture" },
        "north": { "uv": [ 0, 0.75, 0.25, 1 ], "texture": "#texture" },
        "south": { "uv": [ 0, 0.75, 0.25, 1 ], "texture": "#texture" },
        "west":  { "uv": [ 0, 0.75, 0.25, 1 ], "texture": "#texture" },
        "east":  { "uv": [ 0, 0.75, 0.25, 1 ], "texture": "#texture" }
    }
},
{
    "from": [ 3, 1.5, 10 ],
    "to": [ 10, 2.5, 11 ],
    "faces": {
        "down":  { "uv": [ 0, 0.75, 0.25, 1 ], "texture": "#texture" },
        "up":    { "uv": [ 0, 0.75, 0.25, 1 ], "texture": "#texture" },
        "north": { "uv": [ 0, 0.75, 0.25, 1 ], "texture": "#texture" },
        "south": { "uv": [ 0, 0.75, 0.25, 1 ], "texture": "#texture" },
        "west":  { "uv": [ 0, 0.75, 0.25, 1 ], "texture": "#texture" },
        "east":  { "uv": [ 0, 0.75, 0.25, 1 ], "texture": "#texture" }
    }
},
{
    "from": [ 3, 2.5, -3 ],
    "to": [ 20, 8.5, 19 ],
    "faces": {
        "down":  { "uv": [ 7.25, 8.5, 11.5, 3 ], "texture": "#texture" },
        "up":    { "uv": [ 1.5, 3, 5.75, 8.5 ], "texture": "#texture" },
        "north": { "uv": [ 5.75, 3, 1.5, 1.5 ], "texture": "#texture" },
        "south": { "uv": [ 1.5, 8.5, 5.75, 10 ], "texture": "#texture" },
        "west":  { "uv": [ 1.5, 8.5, 0, 3 ], "rotation": 90, "texture": "#texture" },
        "east":  { "uv": [ 5.75, 3, 7.25, 8.5 ], "rotation": 90, "texture": "#texture" }
    }
},
{
    "from": [ -8, 4, 0 ],
    "to": [ 3, 7, 16 ],
    "faces": {
        "down":  { "uv": [ 4, 0.5, 6.75, 0.75 ], "texture": "#texture" },
        "up":    { "uv": [ 4, 0, 6.75, 0.25 ], "texture": "#texture" },
        "north": { "uv": [ 6.75, 0, 4, 0.75 ], "texture": "#texture" },
        "south": { "uv": [ 4, 0, 6.75, 0.75 ], "texture": "#texture" },
        "west":  { "uv": [ 3.5, 0, 3.75, 0.75 ], "texture": "#texture" },
        "east":  { "uv": [ 3.5, 0, 3.75, 0.75 ], "texture": "#texture" }
    }
},
{
    "from": [ -10, 4, 2 ],
    "to": [ -8, 7, 14 ],
    "faces": {
        "down":  { "uv": [ 4, 0.5, 4.25, 0.75 ], "texture": "#texture" },
        "up":    { "uv": [ 4, 0, 4.25, 0.25 ], "texture": "#texture" },
        "north": { "uv": [ 4, 0, 4.25, 0.75 ], "texture": "#texture" },
        "south": { "uv": [ 4, 0, 4.25, 0.75 ], "texture": "#texture" },
        "west":  { "uv": [ 4, 0, 4.25, 0.75 ], "texture": "#texture" },
        "east":  { "uv": [ 4, 0, 4.25, 0.75 ], "texture": "#texture" }
    }
},
{
    "from": [ 7, 0.5, 5 ],
    "to": [ 10, 1.5, 6 ],
    "faces": {
        "down":  { "uv": [ 0, 1, 0.25, 1.25 ], "texture": "#texture" },
        "up":    { "uv": [ 0, 1, 0.25, 1.25 ], "texture": "#texture" },
        "north": { "uv": [ 0, 1, 0.25, 1.25 ], "texture": "#texture" },
        "south": { "uv": [ 0, 1, 0.25, 1.25 ], "texture": "#texture" },
        "west":  { "uv": [ 0, 1, 0.25, 1.25 ], "texture": "#texture" },
        "east":  { "uv": [ 0, 1, 0.25, 1.25 ], "texture": "#texture" }
    }
},
{
    "from": [ 7, 0.5, 10 ],
    "to": [ 10, 1.5, 11 ],
    "faces": {
        "down":  { "uv": [ 0, 1, 0.25, 1.25 ], "texture": "#texture" },
        "up":    { "uv": [ 0, 1, 0.25, 1.25 ], "texture": "#texture" },
        "north": { "uv": [ 0, 1, 0.25, 1.25 ], "texture": "#texture" },
        "south": { "uv": [ 0, 1, 0.25, 1.25 ], "texture": "#texture" },
        "west":  { "uv": [ 0, 1, 0.25, 1.25 ], "texture": "#texture" },
        "east":  { "uv": [ 0, 1, 0.25, 1.25 ], "texture": "#texture" }
    }
},
{
    "from": [ -8, 7, 2 ],
    "to": [ 3, 8, 14 ],
    "faces": {
        "down":  { "uv": [ 4, 0.5, 6.75, 0.75 ], "texture": "#texture" },
        "up":    { "uv": [ 4, 0, 6.75, 0.25 ], "texture": "#texture" },
        "north": { "uv": [ 6.75, 0.5, 4, 0.75 ], "texture": "#texture" },
        "south": { "uv": [ 4, 0.5, 6.75, 0.75 ], "texture": "#texture" },
        "west":  { "uv": [ 4, 0.5, 4.25, 0.75 ], "texture": "#texture" },
        "east":  { "uv": [ 4, 0.5, 4.25, 0.75 ], "texture": "#texture" }
    }
},
{
    "from": [ -8, 3, 2 ],
    "to": [ 3, 4, 14 ],
    "faces": {
        "down":  { "uv": [ 4, 0.5, 6.75, 0.75 ], "texture": "#texture" },
        "up":    { "uv": [ 4, 0, 6.75, 0.25 ], "texture": "#texture" },
        "north": { "uv": [ 6.75, 0.5, 4, 0.75 ], "texture": "#texture" },
        "south": { "uv": [ 4, 0.5, 6.75, 0.75 ], "texture": "#texture" },
        "west":  { "uv": [ 4, 0.5, 4.25, 0.75 ], "texture": "#texture" },
        "east":  { "uv": [ 4, 0.5, 4.25, 0.75 ], "texture": "#texture" }
    }
},
{
    "from": [ -12, 2.5, 10 ],
    "to": [ -2, 9.5, 12 ],
    "faces": {
        "down":  { "uv": [ 6.25, 2.25, 8.75, 2.5 ], "texture": "#texture" },
        "up":    { "uv": [ 6.25, 0.75, 8.75, 1 ], "texture": "#texture" },
        "north": { "uv": [ 8.75, 0.75, 6.25, 2.5 ], "texture": "#texture" },
        "south": { "uv": [ 6.25, 0.75, 8.75, 2.5 ], "texture": "#texture" },
        "west":  { "uv": [ 6.25, 0.75, 6.5, 2.5 ], "texture": "#texture" },
        "east":  { "uv": [ 8.5, 0.75, 8.75, 2.5 ], "texture": "#texture" }
    }
},
{
    "from": [ 20, 6.5, -1 ],
    "to": [ 30, 8.5, 5 ],
    "faces": {
        "down":  { "uv": [ 9, 8.5, 11.5, 10 ], "texture": "#texture" },
        "up":    { "uv": [ 9, 10, 11.5, 8.5 ], "texture": "#texture" },
        "north": { "uv": [ 9, 9.75, 11.5, 10.25 ], "texture": "#texture" },
        "south": { "uv": [ 9, 9.75, 11.5, 10.25 ], "texture": "#texture" },
        "west":  { "uv": [ 9, 8.5, 9.25, 10 ], "texture": "#texture" },
        "east":  { "uv": [ 11.25, 9.75, 11.5, 10.25 ], "texture": "#texture" }
    }
},
{
    "from": [ -12.5, 3.5, 10 ],
    "to": [ -12, 5.5, 12 ],
    "faces": {
        "down":  { "uv": [ 0, 3, 0.25, 3.25 ], "texture": "#texture" },
        "up":    { "uv": [ 0, 3, 0.25, 3.25 ], "texture": "#texture" },
        "north": { "uv": [ 0, 3, 0.25, 3.25 ], "texture": "#texture" },
        "south": { "uv": [ 0, 3, 0.25, 3.25 ], "texture": "#texture" },
        "west":  { "uv": [ 0, 3, 0.25, 3.25 ], "texture": "#texture" },
        "east":  { "uv": [ 0, 3, 0.25, 3.25 ], "texture": "#texture" }
    }
},
{
    "from": [ -16, 4, 10.5 ],
    "to": [ -12.5, 5, 11.5 ],
    "faces": {
        "down":  { "uv": [ 5.75, 1.25, 6, 1.5 ], "texture": "#texture" },
        "up":    { "uv": [ 5.75, 1.25, 6, 1.5 ], "texture": "#texture" },
        "north": { "uv": [ 5.75, 1.25, 6, 1.5 ], "texture": "#texture" },
        "south": { "uv": [ 5.75, 1.25, 6, 1.5 ], "texture": "#texture" },
        "west":  { "uv": [ 5.75, 1.25, 6, 1.5 ], "texture": "#texture" },
        "east":  { "uv": [ 5.75, 1.25, 6, 1.5 ], "texture": "#texture" }
    }
},
{
    "from": [ 4, 8.5, -1 ],
    "to": [ 20, 9.5, 17 ],
    "faces": {
        "down":  { "uv": [ 1.75, 3.5, 5.75, 8 ], "texture": "#texture" },
        "up":    { "uv": [ 1.75, 3.5, 5.75, 8 ], "texture": "#texture" },
        "north": { "uv": [ 5.75, 3.5, 1.75, 3.75 ], "texture": "#texture" },
        "south": { "uv": [ 1.75, 7.75, 5.75, 8 ], "texture": "#texture" },
        "west":  { "uv": [ 1.75, 3.5, 2, 8 ], "texture": "#texture" },
        "east":  { "uv": [ 5.5, 3.5, 5.75, 8 ], "texture": "#texture" }
    }
},
{
    "from": [ 7, 9.5, 2 ],
    "to": [ 20, 10.5, 14 ],
    "faces": {
        "down":  { "uv": [ 2.5, 4.25, 5.75, 7.25 ], "texture": "#texture" },
        "up":    { "uv": [ 2.5, 4.25, 5.75, 7.25 ], "texture": "#texture" },
        "north": { "uv": [ 5.75, 4.25, 2.5, 4.5 ], "texture": "#texture" },
        "south": { "uv": [ 2.5, 7, 5.75, 7.25 ], "texture": "#texture" },
        "west":  { "uv": [ 2.5, 4.25, 2.75, 7.25 ], "texture": "#texture" },
        "east":  { "uv": [ 5.5, 4.25, 5.75, 7.25 ], "texture": "#texture" }
    }
},
{
    "from": [ 6, 3.5, -5 ],
    "to": [ 17, 7.5, -3 ],
    "faces": {
        "down":  { "uv": [ 11.5, 3, 14.25, 3.5 ], "texture": "#texture" },
        "up":    { "uv": [ 11.5, 2.5, 14.25, 3 ], "texture": "#texture" },
        "north": { "uv": [ 11.5, 2.5, 14.25, 3.5 ], "texture": "#texture" },
        "south": { "uv": [ 11.5, 2.5, 14.25, 3.5 ], "texture": "#texture" },
        "west":  { "uv": [ 11.5, 2.5, 12, 3.5 ], "texture": "#texture" },
        "east":  { "uv": [ 13.75, 2.5, 14.25, 3.5 ], "texture": "#texture" }
    }
},
{
    "from": [ 5, 5.5, -6.5 ],
    "to": [ 18, 8.5, -5.5 ],
    "rotation": { "origin": [ 5, 8.5, -6.5 ], "axis": "x", "angle": -45 },
    "faces": {
        "down":  { "uv": [ 11.5, 2.5, 11.75, 2.75 ], "texture": "#texture" },
        "up":    { "uv": [ 11.5, 2.5, 11.75, 2.75 ], "texture": "#texture" },
        "north": { "uv": [ 11.5, 2.5, 11.75, 2.75 ], "texture": "#texture" },
        "south": { "uv": [ 11.5, 2.5, 11.75, 2.75 ], "texture": "#texture" },
        "west":  { "uv": [ 11.5, 2.5, 11.75, 2.75 ], "texture": "#texture" },
        "east":  { "uv": [ 11.5, 2.5, 11.75, 2.75 ], "texture": "#texture" }
    }
},
{
    "from": [ 5, 1.5, -4.5 ],
    "to": [ 18, 4.5, -3.5 ],
    "rotation": { "origin": [ 5, 4.5, -4.5 ], "axis": "x", "angle": 45 },
    "faces": {
        "down":  { "uv": [ 11.5, 2.5, 11.75, 2.75 ], "texture": "#texture" },
        "up":    { "uv": [ 11.5, 2.5, 11.75, 2.75 ], "texture": "#texture" },
        "north": { "uv": [ 11.5, 2.5, 11.75, 2.75 ], "texture": "#texture" },
        "south": { "uv": [ 11.5, 2.5, 11.75, 2.75 ], "texture": "#texture" },
        "west":  { "uv": [ 11.5, 2.5, 11.75, 2.75 ], "texture": "#texture" },
        "east":  { "uv": [ 11.5, 2.5, 11.75, 2.75 ], "texture": "#texture" }
    }
},
{
    "from": [ 3, 0.8125, -4.875 ],
    "to": [ 25, 4.8125, -4.375 ],
    "rotation": { "origin": [ 3, 4.8125, -4.875 ], "axis": "x", "angle": 45 },
    "faces": {
        "down":  { "uv": [ 0, 10, 5.25, 10.25 ], "texture": "#texture" },
        "up":    { "uv": [ 0, 10.75, 5.25, 11 ], "texture": "#texture" },
        "north": { "uv": [ 5.5, 11, 0, 10 ], "texture": "#texture" },
        "south": { "uv": [ 0, 11, 5.5, 10 ], "texture": "#texture" },
        "west":  { "uv": [ 0, 10, 0.25, 11 ], "texture": "#texture" },
        "east":  { "uv": [ 5.25, 10, 5.5, 11 ], "texture": "#texture" }
    }
},
{
    "from": [ 3, 5, -7.5 ],
    "to": [ 25, 9, -7 ],
    "rotation": { "origin": [ 3, 9, -7.5 ], "axis": "x", "angle": -45 },
    "faces": {
        "down":  { "uv": [ 0, 10.75, 5.25, 11 ], "texture": "#texture" },
        "up":    { "uv": [ 0, 10, 5.25, 10.25 ], "texture": "#texture" },
        "north": { "uv": [ 5.5, 10, 0, 11 ], "texture": "#texture" },
        "south": { "uv": [ 0, 10, 5.5, 11 ], "texture": "#texture" },
        "west":  { "uv": [ 0, 10, 0.25, 11 ], "texture": "#texture" },
        "east":  { "uv": [ 5.25, 10, 5.5, 11 ], "texture": "#texture" }
    }
},
{
    "from": [ 8, 7.8125, -10.3125 ],
    "to": [ 31, 11.8125, -9.8125 ],
    "rotation": { "origin": [ 8, 11.8125, -10.3125 ], "axis": "x", "angle": -45 },
    "faces": {
        "down":  { "uv": [ 0, 12, 5.5, 12.25 ], "texture": "#texture" },
        "up":    { "uv": [ 0, 11.25, 5.5, 11.5 ], "texture": "#texture" },
        "north": { "uv": [ 5.75, 11.25, 0, 12.25 ], "texture": "#texture" },
        "south": { "uv": [ 0, 11.25, 5.75, 12.25 ], "texture": "#texture" },
        "west":  { "uv": [ 0, 11.25, 0.25, 12.25 ], "texture": "#texture" },
        "east":  { "uv": [ 5.5, 11.25, 5.75, 12.25 ], "texture": "#texture" }
    }
},
{
    "from": [ 8, -1.9375, -7.6875 ],
    "to": [ 31, 2.0625, -7.1875 ],
    "rotation": { "origin": [ 8, 2.0625, -7.6875 ], "axis": "x", "angle": 45 },
    "faces": {
        "down":  { "uv": [ 0, 11.25, 5.5, 11.5 ], "texture": "#texture" },
        "up":    { "uv": [ 0, 12, 5.5, 12.25 ], "texture": "#texture" },
        "north": { "uv": [ 5.75, 12.25, 0, 11.25 ], "texture": "#texture" },
        "south": { "uv": [ 0, 12.25, 5.75, 11.25 ], "texture": "#texture" },
        "west":  { "uv": [ 5.5, 11.25, 5.75, 12.25 ], "texture": "#texture" },
        "east":  { "uv": [ 0, 11.25, 0.25, 12.25 ], "texture": "#texture" }
    }
},
{
    "from": [ 6, 3.5, 19 ],
    "to": [ 17, 7.5, 21 ],
    "faces": {
        "down":  { "uv": [ 11.5, 3.5, 14.25, 3 ], "texture": "#texture" },
        "up":    { "uv": [ 11.5, 3, 14.25, 2.5 ], "texture": "#texture" },
        "north": { "uv": [ 11.5, 2.5, 14.25, 3.5 ], "texture": "#texture" },
        "south": { "uv": [ 11.5, 2.5, 14.25, 3.5 ], "texture": "#texture" },
        "west":  { "uv": [ 13.75, 2.5, 14.25, 3.5 ], "texture": "#texture" },
        "east":  { "uv": [ 11.5, 2.5, 12, 3.5 ], "texture": "#texture" }
    }
},
{
    "from": [ 5, 6, 22 ],
    "to": [ 18, 9, 23 ],
    "rotation": { "origin": [ 5, 9, 22 ], "axis": "x", "angle": 45 },
    "faces": {
        "down":  { "uv": [ 11.5, 2.5, 11.75, 2.75 ], "texture": "#texture" },
        "up":    { "uv": [ 11.5, 2.5, 11.75, 2.75 ], "texture": "#texture" },
        "north": { "uv": [ 11.5, 2.5, 11.75, 2.75 ], "texture": "#texture" },
        "south": { "uv": [ 11.5, 2.5, 11.75, 2.75 ], "texture": "#texture" },
        "west":  { "uv": [ 11.5, 2.5, 11.75, 2.75 ], "texture": "#texture" },
        "east":  { "uv": [ 11.5, 2.5, 11.75, 2.75 ], "texture": "#texture" }
    }
},
{
    "from": [ 5, 1, 20 ],
    "to": [ 18, 4, 21 ],
    "rotation": { "origin": [ 5, 4, 20 ], "axis": "x", "angle": -45 },
    "faces": {
        "down":  { "uv": [ 11.5, 2.5, 11.75, 2.75 ], "texture": "#texture" },
        "up":    { "uv": [ 11.5, 2.5, 11.75, 2.75 ], "texture": "#texture" },
        "north": { "uv": [ 11.5, 2.5, 11.75, 2.75 ], "texture": "#texture" },
        "south": { "uv": [ 11.5, 2.5, 11.75, 2.75 ], "texture": "#texture" },
        "west":  { "uv": [ 11.5, 2.5, 11.75, 2.75 ], "texture": "#texture" },
        "east":  { "uv": [ 11.5, 2.5, 11.75, 2.75 ], "texture": "#texture" }
    }
},
{
    "from": [ 3, 0.625, 20.625 ],
    "to": [ 25, 4.625, 21.125 ],
    "rotation": { "origin": [ 3, 4.625, 20.625 ], "axis": "x", "angle": -45 },
    "faces": {
        "down":  { "uv": [ 0, 10, 5.25, 10.25 ], "texture": "#texture" },
        "up":    { "uv": [ 0, 10.75, 5.25, 11 ], "texture": "#texture" },
        "north": { "uv": [ 5.5, 11, 0, 10 ], "texture": "#texture" },
        "south": { "uv": [ 0, 11, 5.5, 10 ], "texture": "#texture" },
        "west":  { "uv": [ 0, 10, 0.25, 11 ], "texture": "#texture" },
        "east":  { "uv": [ 5.25, 10, 5.5, 11 ], "texture": "#texture" }
    }
},
{
    "from": [ 3, 5.0625, 23.4375 ],
    "to": [ 25, 9.0625, 23.9375 ],
    "rotation": { "origin": [ 3, 9.0625, 23.4375 ], "axis": "x", "angle": 45 },
    "faces": {
        "down":  { "uv": [ 0, 10.75, 5.25, 11 ], "texture": "#texture" },
        "up":    { "uv": [ 0, 10, 5.25, 10.25 ], "texture": "#texture" },
        "north": { "uv": [ 5.5, 10, 0, 11 ], "texture": "#texture" },
        "south": { "uv": [ 0, 10, 5.5, 11 ], "texture": "#texture" },
        "west":  { "uv": [ 0, 10, 0.25, 11 ], "texture": "#texture" },
        "east":  { "uv": [ 5.25, 10, 5.5, 11 ], "texture": "#texture" }
    }
},
{
    "from": [ 8, 7.875, 26.25 ],
    "to": [ 31, 11.875, 26.75 ],
    "rotation": { "origin": [ 8, 11.875, 26.25 ], "axis": "x", "angle": 45 },
    "faces": {
        "down":  { "uv": [ 0, 12, 5.5, 12.25 ], "texture": "#texture" },
        "up":    { "uv": [ 0, 11.25, 5.5, 11.5 ], "texture": "#texture" },
        "north": { "uv": [ 5.75, 11.25, 0, 12.25 ], "texture": "#texture" },
        "south": { "uv": [ 0, 11.25, 5.75, 12.25 ], "texture": "#texture" },
        "west":  { "uv": [ 0, 11.25, 0.25, 12.25 ], "texture": "#texture" },
        "east":  { "uv": [ 5.5, 11.25, 5.75, 12.25 ], "texture": "#texture" }
    }
},
{
    "from": [ 8, -2.1875, 23.4375 ],
    "to": [ 31, 1.8125, 23.9375 ],
    "rotation": { "origin": [ 8, 1.8125, 23.4375 ], "axis": "x", "angle": -45 },
    "faces": {
        "down":  { "uv": [ 0, 11.25, 5.5, 11.5 ], "texture": "#texture" },
        "up":    { "uv": [ 0, 12, 5.5, 12.25 ], "texture": "#texture" },
        "north": { "uv": [ 5.75, 12.25, 0, 11.25 ], "texture": "#texture" },
        "south": { "uv": [ 0, 12.25, 5.75, 11.25 ], "texture": "#texture" },
        "west":  { "uv": [ 5.5, 11.25, 5.75, 12.25 ], "texture": "#texture" },
        "east":  { "uv": [ 0, 11.25, 0.25, 12.25 ], "texture": "#texture" }
    }
},
{
    "from": [ -2, 8, 9.5 ],
    "to": [ 7, 10, 12.5 ],
    "faces": {
        "down":  { "uv": [ 8.75, 1, 11, 1.25 ], "texture": "#texture" },
        "up":    { "uv": [ 8.75, 0.75, 11, 1 ], "texture": "#texture" },
        "north": { "uv": [ 8.75, 0.75, 11, 1.25 ], "texture": "#texture" },
        "south": { "uv": [ 8.75, 0.75, 11, 1.25 ], "texture": "#texture" },
        "west":  { "uv": [ 8.75, 0.75, 9.5, 1.25 ], "texture": "#texture" },
        "east":  { "uv": [ 10.25, 0.75, 11, 1.25 ], "texture": "#texture" }
    }
},
{
    "from": [ 20, 6.5, 11 ],
    "to": [ 30, 8.5, 17 ],
    "faces": {
        "down":  { "uv": [ 9, 8.5, 11.5, 10 ], "texture": "#texture" },
        "up":    { "uv": [ 9, 8.5, 11.5, 10 ], "texture": "#texture" },
        "north": { "uv": [ 9, 9.75, 11.5, 10.25 ], "texture": "#texture" },
        "south": { "uv": [ 9, 9.75, 11.5, 10.25 ], "texture": "#texture" },
        "west":  { "uv": [ 9, 8.5, 9.25, 10 ], "texture": "#texture" },
        "east":  { "uv": [ 11.25, 9.75, 11.5, 10.25 ], "texture": "#texture" }
    }
},
{
    "from": [ 20, 8.5, 0 ],
    "to": [ 28, 9.5, 16 ],
    "faces": {
        "down":  { "uv": [ 11.5, 6.5, 13.5, 10.5 ], "texture": "#texture" },
        "up":    { "uv": [ 11.5, 6.5, 13.5, 10.5 ], "texture": "#texture" },
        "north": { "uv": [ 13.5, 6.5, 11.5, 6.75 ], "texture": "#texture" },
        "south": { "uv": [ 11.5, 10.25, 13.5, 10.5 ], "texture": "#texture" },
        "west":  { "uv": [ 11.5, 6.5, 11.75, 10.5 ], "texture": "#texture" },
        "east":  { "uv": [ 13.25, 6.5, 13.5, 10.5 ], "texture": "#texture" }
    }
},
{
    "from": [ 5, 11, 5 ],
    "to": [ 21, 14, 11 ],
    "faces": {
        "down":  { "uv": [ 11, 0.5, 15, 0.75 ], "texture": "#texture" },
        "up":    { "uv": [ 11, 0.75, 15, 2.25 ], "texture": "#texture" },
        "north": { "uv": [ 15, 0, 11, 0.75 ], "texture": "#texture" },
        "south": { "uv": [ 11, 0, 15, 0.75 ], "texture": "#texture" },
        "west":  { "uv": [ 8.75, 1.25, 10.25, 2 ], "texture": "#texture" },
        "east":  { "uv": [ 14.75, 0, 15, 0.75 ], "texture": "#texture" }
    }
},
{
    "from": [ 5, 14, 6 ],
    "to": [ 21, 15, 10 ],
    "faces": {
        "down":  { "uv": [ 11, 2.25, 15, 2.5 ], "texture": "#texture" },
        "up":    { "uv": [ 11, 2.25, 15, 2.5 ], "texture": "#texture" },
        "north": { "uv": [ 15, 2.25, 11, 2.5 ], "texture": "#texture" },
        "south": { "uv": [ 11, 2.25, 15, 2.5 ], "texture": "#texture" },
        "west":  { "uv": [ 11, 2.25, 11.25, 2.5 ], "texture": "#texture" },
        "east":  { "uv": [ 14.75, 2.25, 15, 2.5 ], "texture": "#texture" }
    }
},
{
    "from": [ -2, 15, 7 ],
    "to": [ 14, 17, 9 ],
    "faces": {
        "down":  { "uv": [ 6, 2.75, 10, 3 ], "texture": "#texture" },
        "up":    { "uv": [ 11.5, 3.5, 15.5, 4 ], "texture": "#texture" },
        "north": { "uv": [ 10, 2.5, 6, 3 ], "texture": "#texture" },
        "south": { "uv": [ 6, 2.5, 10, 3 ], "texture": "#texture" },
        "west":  { "uv": [ 6, 2.5, 6.25, 3 ], "texture": "#texture" },
        "east":  { "uv": [ 9.75, 2.5, 10, 3 ], "texture": "#texture" }
    }
},
{
    "from": [ 14, 15, 7 ],
    "to": [ 20, 16, 9 ],
    "faces": {
        "down":  { "uv": [ 14, 4, 15.5, 4.25 ], "texture": "#texture" },
        "up":    { "uv": [ 14, 4, 15.5, 4.25 ], "texture": "#texture" },
        "north": { "uv": [ 15.5, 4, 14, 4.25 ], "texture": "#texture" },
        "south": { "uv": [ 14, 4, 15.5, 4.25 ], "texture": "#texture" },
        "west":  { "uv": [ 14, 4, 14.25, 4.25 ], "texture": "#texture" },
        "east":  { "uv": [ 15.25, 4, 15.5, 4.25 ], "texture": "#texture" }
    }
},
{
    "from": [ 9, 10.5, 6 ],
    "to": [ 19, 11, 10 ],
    "faces": {
        "down":  { "uv": [ 0, 3, 0.25, 3.25 ], "texture": "#texture" },
        "up":    { "uv": [ 0, 3, 0.25, 3.25 ], "texture": "#texture" },
        "north": { "uv": [ 0, 3, 0.25, 3.25 ], "texture": "#texture" },
        "south": { "uv": [ 0, 3, 0.25, 3.25 ], "texture": "#texture" },
        "west":  { "uv": [ 0, 3, 0.25, 3.25 ], "texture": "#texture" },
        "east":  { "uv": [ 0, 3, 0.25, 3.25 ], "texture": "#texture" }
    }
},
{
    "from": [ 20, 6.5, 5 ],
    "to": [ 30, 10.5, 11 ],
    "faces": {
        "down":  { "uv": [ 11.5, 4, 14, 5.5 ], "texture": "#texture" },
        "up":    { "uv": [ 11.5, 4, 14, 5.5 ], "texture": "#texture" },
        "north": { "uv": [ 14, 4.5, 11.5, 5.5 ], "texture": "#texture" },
        "south": { "uv": [ 11.5, 4.5, 14, 5.5 ], "texture": "#texture" },
        "west":  { "uv": [ 11.5, 4, 11.75, 5.5 ], "texture": "#texture" },
        "east":  { "uv": [ 11.5, 5.5, 13, 6.5 ], "texture": "#texture" }
    }
},
{
    "from": [ 18, 1.5, -2 ],
    "to": [ 32, 6.5, 3 ],
    "faces": {
        "down":  { "uv": [ 5.75, 10.25, 9.25, 11.5 ], "texture": "#texture" },
        "up":    { "uv": [ 5.75, 10.25, 9.25, 11.5 ], "texture": "#texture" },
        "north": { "uv": [ 9.25, 10.25, 5.75, 11.5 ], "texture": "#texture" },
        "south": { "uv": [ 5.75, 10.25, 9.25, 11.5 ], "texture": "#texture" },
        "west":  { "uv": [ 5.75, 10.25, 7, 11.5 ], "rotation": 90, "texture": "#texture" },
        "east":  { "uv": [ 5.75, 8.5, 7, 9.75 ], "texture": "#texture" }
    }
},
{
    "from": [ 18, 1.5, 13 ],
    "to": [ 32, 6.5, 18 ],
    "faces": {
        "down":  { "uv": [ 5.75, 10.25, 9.25, 11.5 ], "texture": "#texture" },
        "up":    { "uv": [ 5.75, 10.25, 9.25, 11.5 ], "texture": "#texture" },
        "north": { "uv": [ 9.25, 10.25, 5.75, 11.5 ], "texture": "#texture" },
        "south": { "uv": [ 5.75, 10.25, 9.25, 11.5 ], "texture": "#texture" },
        "west":  { "uv": [ 5.75, 10.25, 7, 11.5 ], "rotation": 90, "texture": "#texture" },
        "east":  { "uv": [ 5.75, 8.5, 7, 9.75 ], "texture": "#texture" }
    }
},
{
    "from": [ 20, 2.5, 3 ],
    "to": [ 30, 6.5, 13 ],
    "faces": {
        "down":  { "uv": [ 11.75, 10.5, 14.25, 13 ], "rotation": 90, "texture": "#texture" },
        "up":    { "uv": [ 11.75, 10.5, 14.25, 13 ], "rotation": 90, "texture": "#texture" },
        "north": { "uv": [ 5.75, 2.5, 6, 2.75 ], "texture": "#texture" },
        "south": { "uv": [ 5.75, 2.5, 6, 2.75 ], "texture": "#texture" },
        "west":  { "uv": [ 9.25, 10.5, 11.75, 11.5 ], "texture": "#texture" },
        "east":  { "uv": [ 9.25, 10.5, 11.75, 11.5 ], "texture": "#texture" }
    }
},
{
    "from": [ 6, 0, 2.5 ],
    "to": [ 23, 3, 5.5 ],
    "rotation": { "origin": [ 6, 3, 2.5 ], "axis": "x", "angle": 45 },
    "faces": {
        "down":  { "uv": [ 6.75, 0, 11, 0.75 ], "texture": "#texture" },
        "up":    { "uv": [ 6.75, 0, 11, 0.75 ], "texture": "#texture" },
        "north": { "uv": [ 11, 0, 6.75, 0.75 ], "texture": "#texture" },
        "south": { "uv": [ 6.75, 0, 11, 0.75 ], "texture": "#texture" },
        "west":  { "uv": [ 2, 0.75, 2.75, 1.5 ], "texture": "#texture" },
        "east":  { "uv": [ 10.75, 0, 11, 0.75 ], "texture": "#texture" }
    }
},
{
    "from": [ 6, 0, 13.5 ],
    "to": [ 23, 3, 16.5 ],
    "rotation": { "origin": [ 6, 3, 13.5 ], "axis": "x", "angle": 45 },
    "faces": {
        "down":  { "uv": [ 6.75, 0, 11, 0.75 ], "texture": "#texture" },
        "up":    { "uv": [ 6.75, 0, 11, 0.75 ], "texture": "#texture" },
        "north": { "uv": [ 11, 0, 6.75, 0.75 ], "texture": "#texture" },
        "south": { "uv": [ 6.75, 0, 11, 0.75 ], "texture": "#texture" },
        "west":  { "uv": [ 2, 0.75, 2.75, 1.5 ], "texture": "#texture" },
        "east":  { "uv": [ 10.75, 0, 11, 0.75 ], "texture": "#texture" }
    }
}
],
"display": {
    "thirdperson_righthand": {
        "rotation": [ 10, -45, -35 ],
        "translation": [ 0, 6.24, 1.13 ],
        "scale": [ 0.37, 0.37, 0.37 ]
    },
    "thirdperson_lefthand": {
        "rotation": [ 10, -45, -35 ],
        "translation": [ 0, 6.24, 1.13 ],
        "scale": [ 0.37, 0.37, 0.37 ]
    },
    "head": {
        "rotation": [ 0, -90, 0 ],
        "translation": [ 0, -6.61, 6.99 ],
        "scale": [ 4, 4, 4 ]
    },
    "ground": {
        "rotation": [ 0, 0, 0 ],
        "translation": [ 0, 5.29, 0 ],
        "scale": [ 0.37, 0.37, 0.37 ]
    },
    "fixed": {
        "rotation": [ 0, 0, 0 ],
        "translation": [ 0, 1.89, -1.51 ],
        "scale": [ 0.45, 0.45, 0.45 ]
    },
    "firstperson_righthand": {
        "rotation": [ 0, 21, 6 ],
        "translation": [ 4.72, 3.4, -9.26 ],
        "scale": [ 1, 1, 1 ]
    },
    "firstperson_lefthand": {
        "rotation": [ 0, -166, -14 ],
        "translation": [ 4.72, 3.4, -9.07 ],
        "scale": [ 1, 1, 1 ]
    },
    "gui": {
        "rotation": [ 45, 135, 0 ],
        "translation": [ 1.32, -0.38, 0 ],
        "scale": [ 0.3, 0.3, 0.3 ]
    }
}
}