{
"__comment": "Designed by MasterianoX",
"textures": {
    "particle": "blocks/cobblestone",
    "texture": "blocks/forging_table"
},
"elements": [ 
{
    "from": [ 0, 0, 0 ],
    "to": [ 16, 16, 16 ],
    "faces": {
        "down":  { "uv": [ 8, 0, 12, 4 ], "texture": "#texture" },
        "up":    { "uv": [ 4, 0, 8, 4 ], "texture": "#texture" },
        "north": { "uv": [ 0, 0, 4, 4 ], "texture": "#texture" },
        "south": { "uv": [ 0, 0, 4, 4 ], "texture": "#texture" },
        "west":  { "uv": [ 0, 0, 4, 4 ], "texture": "#texture" },
        "east":  { "uv": [ 0, 0, 4, 4 ], "texture": "#texture" }
    }
},
{
    "from": [ -1, 0, -1 ],
    "to": [ 1, 4, 1 ],
    "faces": {
        "down":  { "uv": [ 0, 3.75, 0.25, 4 ], "texture": "#texture" },
        "up":    { "uv": [ 0, 3.75, 0.25, 4 ], "texture": "#texture" },
        "north": { "uv": [ 0, 3.75, 0.25, 4 ], "texture": "#texture" },
        "south": { "uv": [ 0, 3.75, 0.25, 4 ], "texture": "#texture" },
        "west":  { "uv": [ 0, 3.75, 0.25, 4 ], "texture": "#texture" },
        "east":  { "uv": [ 0, 3.75, 0.25, 4 ], "texture": "#texture" }
    }
},
{
    "from": [ -1, 0, 15 ],
    "to": [ 1, 4, 17 ],
    "faces": {
        "down":  { "uv": [ 3.75, 3.75, 4, 4 ], "texture": "#texture" },
        "up":    { "uv": [ 3.75, 3.5, 4, 3.75 ], "texture": "#texture" },
        "north": { "uv": [ 3.75, 3.5, 4, 4 ], "texture": "#texture" },
        "south": { "uv": [ 3.75, 3.5, 4, 4 ], "texture": "#texture" },
        "west":  { "uv": [ 3.75, 3.5, 4, 4 ], "texture": "#texture" },
        "east":  { "uv": [ 3.75, 3.5, 4, 4 ], "texture": "#texture" }
    }
},
{
    "from": [ 15, 0, -1 ],
    "to": [ 17, 4, 1 ],
    "faces": {
        "down":  { "uv": [ 3.75, 3.5, 4, 3.75 ], "texture": "#texture" },
        "up":    { "uv": [ 3.75, 3.5, 4, 3.75 ], "texture": "#texture" },
        "north": { "uv": [ 3.75, 3.5, 4, 4 ], "texture": "#texture" },
        "south": { "uv": [ 3.75, 3.5, 4, 4 ], "texture": "#texture" },
        "west":  { "uv": [ 3.75, 3.5, 4, 4 ], "texture": "#texture" },
        "east":  { "uv": [ 3.75, 3.5, 4, 4 ], "texture": "#texture" }
    }
},
{
    "from": [ 15, 0, 15 ],
    "to": [ 17, 4, 17 ],
    "faces": {
        "down":  { "uv": [ 3.75, 3.5, 4, 3.75 ], "texture": "#texture" },
        "up":    { "uv": [ 3.75, 3.5, 4, 3.75 ], "texture": "#texture" },
        "north": { "uv": [ 3.75, 3.5, 4, 4 ], "texture": "#texture" },
        "south": { "uv": [ 3.75, 3.5, 4, 4 ], "texture": "#texture" },
        "west":  { "uv": [ 3.75, 3.5, 4, 4 ], "texture": "#texture" },
        "east":  { "uv": [ 3.75, 3.5, 4, 4 ], "texture": "#texture" }
    }
},
{
    "from": [ -1, 4, -1 ],
    "to": [ 17, 6, 17 ],
    "faces": {
        "down":  { "uv": [ 0, 4, 4.5, 8.5 ], "texture": "#texture" },
        "up":    { "uv": [ 0, 4, 4.5, 8.5 ], "texture": "#texture" },
        "north": { "uv": [ 4.5, 4, 0, 4.5 ], "texture": "#texture" },
        "south": { "uv": [ 0, 8, 4.5, 8.5 ], "texture": "#texture" },
        "west":  { "uv": [ 0, 8.5, 0.5, 4 ], "rotation": 90, "texture": "#texture" },
        "east":  { "uv": [ 4.5, 4, 4, 8.5 ], "rotation": 90, "texture": "#texture" }
    }
},
{
    "from": [ 0.5, 16, 2.5 ],
    "to": [ 6.5, 18, 8.5 ],
    "rotation": { "origin": [ 0.5, 16, 2.5 ], "axis": "y", "angle": 22.5 },
    "faces": {
        "down":  { "uv": [ 7, 4.5, 8.5, 6 ], "texture": "#texture" },
        "up":    { "uv": [ 7, 4.5, 8.5, 6 ], "texture": "#texture" },
        "north": { "uv": [ 7, 4, 8.5, 4.5 ], "texture": "#texture" },
        "south": { "uv": [ 7, 4, 8.5, 4.5 ], "texture": "#texture" },
        "west":  { "uv": [ 7, 4, 8.5, 4.5 ], "texture": "#texture" },
        "east":  { "uv": [ 7, 4, 8.5, 4.5 ], "texture": "#texture" }
    }
},
{
    "from": [ 6, 16, 11 ],
    "to": [ 7, 17, 16 ],
    "rotation": { "origin": [ 6, 16, 11 ], "axis": "y", "angle": -45 },
    "faces": {
        "down":  { "uv": [ 4.5, 6, 4.75, 7.25 ], "texture": "#texture" },
        "up":    { "uv": [ 4.5, 6, 4.75, 7.25 ], "texture": "#texture" },
        "north": { "uv": [ 4.5, 6, 4.75, 6.25 ], "texture": "#texture" },
        "south": { "uv": [ 4.5, 7, 4.75, 7.25 ], "texture": "#texture" },
        "west":  { "uv": [ 5, 6.25, 6.25, 6.5 ], "texture": "#texture" },
        "east":  { "uv": [ 6.25, 6.25, 5, 6.5 ], "texture": "#texture" }
    }
},
{
    "from": [ 1, 16, 12 ],
    "to": [ 6, 17, 13 ],
    "rotation": { "origin": [ 1, 16, 12 ], "axis": "y", "angle": 22.5 },
    "faces": {
        "down":  { "uv": [ 5, 6, 6.25, 6.25 ], "texture": "#texture" },
        "up":    { "uv": [ 6.25, 6, 5, 6.25 ], "texture": "#texture" },
        "north": { "uv": [ 5, 6, 6.25, 6.25 ], "texture": "#texture" },
        "south": { "uv": [ 6.25, 6, 5, 6.25 ], "texture": "#texture" },
        "west":  { "uv": [ 6, 6, 6.25, 6.25 ], "texture": "#texture" },
        "east":  { "uv": [ 5, 6, 5.25, 6.25 ], "texture": "#texture" }
    }
},
{
    "from": [ 5.5, 16, 10.5 ],
    "to": [ 7.5, 16.5, 11 ],
    "rotation": { "origin": [ 5.5, 16, 10.5 ], "axis": "y", "angle": 22.5 },
    "faces": {
        "down":  { "uv": [ 0.25, 0.25, 0.5, 0.5 ], "texture": "#texture" },
        "up":    { "uv": [ 0.25, 0.25, 0.5, 0.5 ], "texture": "#texture" },
        "north": { "uv": [ 0.25, 0.25, 0.5, 0.5 ], "texture": "#texture" },
        "south": { "uv": [ 0.25, 0.25, 0.5, 0.5 ], "texture": "#texture" },
        "west":  { "uv": [ 0.25, 0.25, 0.5, 0.5 ], "texture": "#texture" },
        "east":  { "uv": [ 0.25, 0.25, 0.5, 0.5 ], "texture": "#texture" }
    }
},
{
    "from": [ 7.25, 16.25, 10 ],
    "to": [ 7.75, 16.75, 12 ],
    "rotation": { "origin": [ 7.25, 16.25, 10 ], "axis": "y", "angle": -45 },
    "faces": {
        "down":  { "uv": [ 0.25, 0.25, 0.5, 0.5 ], "texture": "#texture" },
        "up":    { "uv": [ 0.25, 0.25, 0.5, 0.5 ], "texture": "#texture" },
        "north": { "uv": [ 0.25, 0.25, 0.5, 0.5 ], "texture": "#texture" },
        "south": { "uv": [ 0.25, 0.25, 0.5, 0.5 ], "texture": "#texture" },
        "west":  { "uv": [ 0.25, 0.25, 0.5, 0.5 ], "texture": "#texture" },
        "east":  { "uv": [ 0.25, 0.25, 0.5, 0.5 ], "texture": "#texture" }
    }
},
{
    "from": [ 8, 16, 8 ],
    "to": [ 9, 17, 10 ],
    "rotation": { "origin": [ 8, 16, 8 ], "axis": "y", "angle": -45 },
    "faces": {
        "down":  { "uv": [ 0.25, 0.25, 0.5, 0.5 ], "texture": "#texture" },
        "up":    { "uv": [ 0.25, 0.25, 0.5, 0.5 ], "texture": "#texture" },
        "north": { "uv": [ 0.25, 0.25, 0.5, 0.5 ], "texture": "#texture" },
        "south": { "uv": [ 0.25, 0.25, 0.5, 0.5 ], "texture": "#texture" },
        "west":  { "uv": [ 0.25, 0.25, 0.5, 0.5 ], "texture": "#texture" },
        "east":  { "uv": [ 0.25, 0.25, 0.5, 0.5 ], "texture": "#texture" }
    }
},
{
    "from": [ 7.25, 16, 10.25 ],
    "to": [ 9.25, 17, 11.25 ],
    "rotation": { "origin": [ 7.25, 16, 10.25 ], "axis": "y", "angle": 22.5 },
    "faces": {
        "down":  { "uv": [ 0.25, 0.25, 0.5, 0.5 ], "texture": "#texture" },
        "up":    { "uv": [ 0.25, 0.25, 0.5, 0.5 ], "texture": "#texture" },
        "north": { "uv": [ 0.25, 0.25, 0.5, 0.5 ], "texture": "#texture" },
        "south": { "uv": [ 0.25, 0.25, 0.5, 0.5 ], "texture": "#texture" },
        "west":  { "uv": [ 0.25, 0.25, 0.5, 0.5 ], "texture": "#texture" },
        "east":  { "uv": [ 0.25, 0.25, 0.5, 0.5 ], "texture": "#texture" }
    }
},
{
    "from": [ 0, 18, 2.25 ],
    "to": [ 7, 18.5, 9.25 ],
    "rotation": { "origin": [ 0, 18, 2.25 ], "axis": "y", "angle": 22.5 },
    "faces": {
        "down":  { "uv": [ 7, 4.5, 8.5, 6 ], "texture": "#texture" },
        "up":    { "uv": [ 7, 4.5, 8.5, 6 ], "texture": "#texture" },
        "north": { "uv": [ 8.5, 4.5, 7, 4.75 ], "texture": "#texture" },
        "south": { "uv": [ 7, 5.75, 8.5, 6 ], "texture": "#texture" },
        "west":  { "uv": [ 7, 4.5, 7.25, 6 ], "rotation": 90, "texture": "#texture" },
        "east":  { "uv": [ 8.25, 4.5, 8.5, 6 ], "rotation": 90, "texture": "#texture" }
    }
},
{
    "from": [ 10.5, 16, 10.5 ],
    "to": [ 15.5, 22, 15.5 ],
    "faces": {
        "down":  { "uv": [ 0, 2.5, 0.5, 3 ], "texture": "#texture" },
        "up":    { "uv": [ 5.75, 4, 7, 5.25 ], "texture": "#texture" },
        "north": { "uv": [ 4.5, 4, 5.75, 5.5 ], "texture": "#texture" },
        "south": { "uv": [ 4.5, 4, 5.75, 5.5 ], "texture": "#texture" },
        "west":  { "uv": [ 4.5, 4, 5.75, 5.5 ], "texture": "#texture" },
        "east":  { "uv": [ 4.5, 4, 5.75, 5.5 ], "texture": "#texture" }
    }
},
{
    "from": [ 9.5, 20.5, 13 ],
    "to": [ 10.5, 21, 18 ],
    "rotation": { "origin": [ 9.5, 21, 13 ], "axis": "x", "angle": 45 },
    "faces": {
        "down":  { "uv": [ 4.5, 5.5, 4.75, 5.75 ], "texture": "#texture" },
        "up":    { "uv": [ 4.5, 5.5, 4.75, 5.75 ], "texture": "#texture" },
        "north": { "uv": [ 4.5, 5.5, 4.75, 5.75 ], "texture": "#texture" },
        "south": { "uv": [ 4.5, 5.5, 4.75, 5.75 ], "texture": "#texture" },
        "west":  { "uv": [ 4.5, 5.5, 4.75, 5.75 ], "texture": "#texture" },
        "east":  { "uv": [ 4.5, 5.5, 4.75, 5.75 ], "texture": "#texture" }
    }
},
{
    "from": [ 15.5, 20.5, 12.9786 ],
    "to": [ 16.5, 21, 17.9786 ],
    "rotation": { "origin": [ 15.5, 21, 12.9786 ], "axis": "x", "angle": 45 },
    "faces": {
        "down":  { "uv": [ 4.5, 5.5, 4.75, 5.75 ], "texture": "#texture" },
        "up":    { "uv": [ 4.5, 5.5, 4.75, 5.75 ], "texture": "#texture" },
        "north": { "uv": [ 4.5, 5.5, 4.75, 5.75 ], "texture": "#texture" },
        "south": { "uv": [ 4.5, 5.5, 4.75, 5.75 ], "texture": "#texture" },
        "west":  { "uv": [ 4.5, 5.5, 4.75, 5.75 ], "texture": "#texture" },
        "east":  { "uv": [ 4.5, 5.5, 4.75, 5.75 ], "texture": "#texture" }
    }
},
{
    "from": [ 10.5, 17.6875, 15.8125 ],
    "to": [ 15.5, 18.1875, 16.8125 ],
    "rotation": { "origin": [ 10.5, 18.1875, 15.8125 ], "axis": "x", "angle": 45 },
    "faces": {
        "down":  { "uv": [ 4.5, 5.5, 4.75, 5.75 ], "texture": "#texture" },
        "up":    { "uv": [ 4.5, 5.5, 4.75, 5.75 ], "texture": "#texture" },
        "north": { "uv": [ 4.5, 5.5, 4.75, 5.75 ], "texture": "#texture" },
        "south": { "uv": [ 4.5, 5.5, 4.75, 5.75 ], "texture": "#texture" },
        "west":  { "uv": [ 4.5, 5.5, 4.75, 5.75 ], "texture": "#texture" },
        "east":  { "uv": [ 4.5, 5.5, 4.75, 5.75 ], "texture": "#texture" }
    }
},
{
    "from": [ 14.25, 16, 1 ],
    "to": [ 15.25, 17, 7 ],
    "rotation": { "origin": [ 14.25, 16, 1 ], "axis": "y", "angle": -22.5 },
    "faces": {
        "down":  { "uv": [ 4.5, 7.25, 4.75, 8.75 ], "texture": "#texture" },
        "up":    { "uv": [ 4.5, 7.25, 4.75, 8.75 ], "texture": "#texture" },
        "north": { "uv": [ 4.5, 7.25, 4.75, 7.5 ], "texture": "#texture" },
        "south": { "uv": [ 4.5, 8.5, 4.75, 8.75 ], "texture": "#texture" },
        "west":  { "uv": [ 5, 7.25, 6.5, 7.5 ], "texture": "#texture" },
        "east":  { "uv": [ 6.5, 7.25, 5, 7.5 ], "texture": "#texture" }
    }
},
{
    "from": [ 11.25, 16, 6.25 ],
    "to": [ 13.75, 17.25, 7.75 ],
    "rotation": { "origin": [ 11.25, 16, 6.25 ], "axis": "y", "angle": -22.5 },
    "faces": {
        "down":  { "uv": [ 1, 1.75, 1.25, 2 ], "texture": "#texture" },
        "up":    { "uv": [ 1, 1.75, 1.25, 2 ], "texture": "#texture" },
        "north": { "uv": [ 1, 1.75, 1.25, 2 ], "texture": "#texture" },
        "south": { "uv": [ 1, 1.75, 1.25, 2 ], "texture": "#texture" },
        "west":  { "uv": [ 1, 1.75, 1.25, 2 ], "texture": "#texture" },
        "east":  { "uv": [ 1, 1.75, 1.25, 2 ], "texture": "#texture" }
    }
},
{
    "from": [ 12.75, 16, 8.0625 ],
    "to": [ 14.25, 17.25, 8.5625 ],
    "faces": {
        "down":  { "uv": [ 1, 1.75, 1.25, 2 ], "texture": "#texture" },
        "up":    { "uv": [ 1, 1.75, 1.25, 2 ], "texture": "#texture" },
        "north": { "uv": [ 1, 1.75, 1.25, 2 ], "texture": "#texture" },
        "south": { "uv": [ 1, 1.75, 1.25, 2 ], "texture": "#texture" },
        "west":  { "uv": [ 1, 1.75, 1.25, 2 ], "texture": "#texture" },
        "east":  { "uv": [ 1, 1.75, 1.25, 2 ], "texture": "#texture" }
    }
},
{
    "from": [ 13.5, 16, 7.1875 ],
    "to": [ 14.75, 17.25, 7.6875 ],
    "rotation": { "origin": [ 13.5, 16, 7.1875 ], "axis": "y", "angle": -45 },
    "faces": {
        "down":  { "uv": [ 1, 1.75, 1.25, 2 ], "texture": "#texture" },
        "up":    { "uv": [ 1, 1.75, 1.25, 2 ], "texture": "#texture" },
        "north": { "uv": [ 1, 1.75, 1.25, 2 ], "texture": "#texture" },
        "south": { "uv": [ 1, 1.75, 1.25, 2 ], "texture": "#texture" },
        "west":  { "uv": [ 1, 1.75, 1.25, 2 ], "texture": "#texture" },
        "east":  { "uv": [ 1, 1.75, 1.25, 2 ], "texture": "#texture" }
    }
},
{
    "from": [ 13, 16, 7.75 ],
    "to": [ 13.75, 17.25, 8.25 ],
    "faces": {
        "down":  { "uv": [ 1, 1.75, 1.25, 2 ], "texture": "#texture" },
        "up":    { "uv": [ 1, 1.75, 1.25, 2 ], "texture": "#texture" },
        "north": { "uv": [ 1, 1.75, 1.25, 2 ], "texture": "#texture" },
        "south": { "uv": [ 1, 1.75, 1.25, 2 ], "texture": "#texture" },
        "west":  { "uv": [ 1, 1.75, 1.25, 2 ], "texture": "#texture" },
        "east":  { "uv": [ 1, 1.75, 1.25, 2 ], "texture": "#texture" }
    }
}
],
"display": {
    "thirdperson_righthand": {
        "rotation": [ 10, -45, -35 ],
        "translation": [ 0, 1.5, -2.75 ],
        "scale": [ 0.37, 0.37, 0.37 ]
    },
    "thirdperson_lefthand": {
        "rotation": [ 10, -45, -35 ],
        "translation": [ 0, 1.5, -2.75 ],
        "scale": [ 0.37, 0.37, 0.37 ]
    },
    "head": {
        "rotation": [ 0, 0, 0 ],
        "translation": [ 0, 0, 0 ],
        "scale": [ 1, 1, 1 ]
    },
    "ground": {
        "rotation": [ 0, 0, 0 ],
        "translation": [ 0, 2.46, 0 ],
        "scale": [ 0.25, 0.25, 0.25 ]
    },
    "fixed": {
        "rotation": [ 0, 0, 0 ],
        "translation": [ 0, 0, -1.51 ],
        "scale": [ 0.35, 0.35, 0.35 ]
    },
    "firstperson_righthand": {
        "rotation": [ 0, 0, 0 ],
        "translation": [ 0, 0, 0 ],
        "scale": [ 0.5, 0.5, 0.5 ]
    },
    "firstperson_lefthand": {
        "rotation": [ 0, 88, 0 ],
        "translation": [ 0, 0, 0 ],
        "scale": [ 0.5, 0.5, 0.5 ]
    },
    "gui": {
        "rotation": [ 45, 135, 0 ],
        "translation": [ 0, -0.76, 0 ],
        "scale": [ 0.5, 0.5, 0.5 ]
    }
}
}