{
"__comment": "Designed by MasterianoX",
"textures": {
    "particle": "entity/bloody_bones/bloody_bones",
    "texture": "entity/bloody_bones/bloody_bones",
    "bloody_bones2": "entity/bloody_bones/bloody_bones2"
},
"elements": [ 
{
    "from": [ 4, 14, 2 ],
    "to": [ 12, 20, 14 ],
    "faces": {
        "down":  { "uv": [ 5, 0, 8, 2 ], "rotation": 90, "texture": "#texture" },
        "up":    { "uv": [ 2, 0, 5, 2 ], "rotation": 90, "texture": "#texture" },
        "north": { "uv": [ 0, 2, 2, 3.5 ], "texture": "#texture" },
        "south": { "uv": [ 5, 2, 7, 3.5 ], "texture": "#texture" },
        "west":  { "uv": [ 2, 2, 5, 3.5 ], "texture": "#texture" },
        "east":  { "uv": [ 7, 2, 10, 3.5 ], "texture": "#texture" }
    }
},
{
    "from": [ 4, 5.5, 1.5 ],
    "to": [ 16, 8.5, 14.5 ],
    "rotation": { "origin": [ 4, 8.5, 1.5 ], "axis": "z", "angle": 22.5 },
    "faces": {
        "down":  { "uv": [ 6.25, 3.75, 9.5, 6.75 ], "rotation": 90, "texture": "#texture" },
        "up":    { "uv": [ 3, 3.75, 6.25, 6.75 ], "rotation": 90, "texture": "#texture" },
        "north": { "uv": [ 0, 6.75, 3, 7.5 ], "texture": "#texture" },
        "south": { "uv": [ 6.25, 6.75, 9.25, 7.5 ], "texture": "#texture" },
        "west":  { "uv": [ 3, 6.75, 6.25, 7.5 ], "texture": "#texture" },
        "east":  { "uv": [ 9.25, 6.75, 12.5, 7.5 ], "texture": "#texture" }
    }
},
{
    "from": [ 4, 8, 2.5 ],
    "to": [ 14, 14, 3.5 ],
    "rotation": { "origin": [ 4, 14, 2.5 ], "axis": "z", "angle": 22.5 },
    "faces": {
        "down":  { "uv": [ 10.25, 1.25, 12.75, 1.5 ], "rotation": 90, "texture": "#texture" },
        "up":    { "uv": [ 10.25, 0, 12.75, 0.25 ], "rotation": 90, "texture": "#texture" },
        "north": { "uv": [ 10.25, 0, 12.75, 1.5 ], "texture": "#texture" },
        "south": { "uv": [ 12.75, 0, 10.25, 1.5 ], "texture": "#texture" },
        "west":  { "uv": [ 12.5, 0, 12.75, 1.5 ], "texture": "#texture" },
        "east":  { "uv": [ 10.25, 0, 10.5, 1.5 ], "texture": "#texture" }
    }
},
{
    "from": [ 8.5, 15.5, 14 ],
    "to": [ 13.5, 18.5, 17 ],
    "rotation": { "origin": [ 8.5, 18.5, 14 ], "axis": "z", "angle": -22.5 },
    "faces": {
        "down":  { "uv": [ 11.75, 2.75, 12.5, 4 ], "rotation": 90, "texture": "#texture" },
        "up":    { "uv": [ 10.25, 2.75, 11, 4 ], "rotation": 90, "texture": "#texture" },
        "north": { "uv": [ 11, 2.75, 11.75, 4 ], "rotation": 90, "texture": "#texture" },
        "south": { "uv": [ 12.5, 2.75, 13.25, 4 ], "rotation": 90, "texture": "#texture" },
        "west":  { "uv": [ 11, 2, 11.75, 2.75 ], "texture": "#texture" },
        "east":  { "uv": [ 11.75, 2, 12.5, 2.75 ], "texture": "#texture" }
    }
},
{
    "from": [ 5, 19.75, 14.5 ],
    "to": [ 12, 21.75, 16.5 ],
    "rotation": { "origin": [ 5, 21.75, 14.5 ], "axis": "z", "angle": -45 },
    "faces": {
        "down":  { "uv": [ 11.25, 4.75, 11.75, 6.25 ], "rotation": 90, "texture": "#texture" },
        "up":    { "uv": [ 10.25, 4.75, 10.75, 6.25 ], "rotation": 90, "texture": "#texture" },
        "north": { "uv": [ 10.75, 4.75, 11.25, 6.25 ], "rotation": 90, "texture": "#texture" },
        "south": { "uv": [ 11.75, 4.5, 12.25, 6 ], "rotation": 90, "texture": "#texture" },
        "west":  { "uv": [ 10.75, 4.25, 11.25, 4.75 ], "texture": "#texture" },
        "east":  { "uv": [ 11.25, 4.25, 11.75, 4.75 ], "texture": "#texture" }
    }
},
{
    "from": [ 3, 20, 15 ],
    "to": [ 4, 23, 16 ],
    "rotation": { "origin": [ 3, 23, 15 ], "axis": "z", "angle": 22.5 },
    "faces": {
        "down":  { "uv": [ 12.75, 4.75, 13, 5 ], "texture": "#texture" },
        "up":    { "uv": [ 12.75, 5.25, 13, 5.5 ], "texture": "#texture" },
        "north": { "uv": [ 12.75, 5.5, 13, 4.75 ], "texture": "#texture" },
        "south": { "uv": [ 12.75, 5.5, 13, 4.75 ], "texture": "#texture" },
        "west":  { "uv": [ 12.75, 5.5, 13, 4.75 ], "texture": "#texture" },
        "east":  { "uv": [ 12.75, 5.5, 13, 4.75 ], "texture": "#texture" }
    }
},
{
    "from": [ 8.5, 15.5, -1 ],
    "to": [ 13.5, 18.5, 2 ],
    "rotation": { "origin": [ 8.5, 18.5, -1 ], "axis": "z", "angle": -22.5 },
    "faces": {
        "down":  { "uv": [ 11.75, 2.75, 12.5, 4 ], "rotation": 90, "texture": "#texture" },
        "up":    { "uv": [ 10.25, 2.75, 11, 4 ], "rotation": 90, "texture": "#texture" },
        "north": { "uv": [ 11, 2.75, 11.75, 4 ], "rotation": 90, "texture": "#texture" },
        "south": { "uv": [ 12.5, 2.75, 13.25, 4 ], "rotation": 90, "texture": "#texture" },
        "west":  { "uv": [ 11, 2, 11.75, 2.75 ], "texture": "#texture" },
        "east":  { "uv": [ 11.75, 2, 12.5, 2.75 ], "texture": "#texture" }
    }
},
{
    "from": [ 5, 19.75, -0.5 ],
    "to": [ 12, 21.75, 1.5 ],
    "rotation": { "origin": [ 5, 21.75, -0.5 ], "axis": "z", "angle": -45 },
    "faces": {
        "down":  { "uv": [ 11.25, 4.75, 11.75, 6.25 ], "rotation": 90, "texture": "#texture" },
        "up":    { "uv": [ 10.25, 4.75, 10.75, 6.25 ], "rotation": 90, "texture": "#texture" },
        "north": { "uv": [ 10.75, 4.75, 11.25, 6.25 ], "rotation": 90, "texture": "#texture" },
        "south": { "uv": [ 11.75, 4.5, 12.25, 6 ], "rotation": 90, "texture": "#texture" },
        "west":  { "uv": [ 10.75, 4.25, 11.25, 4.75 ], "texture": "#texture" },
        "east":  { "uv": [ 11.25, 4.25, 11.75, 4.75 ], "texture": "#texture" }
    }
},
{
    "from": [ 3, 20, 0 ],
    "to": [ 4, 23, 1 ],
    "rotation": { "origin": [ 3, 23, 0 ], "axis": "z", "angle": 22.5 },
    "faces": {
        "down":  { "uv": [ 12.75, 5.25, 13, 5.5 ], "texture": "#texture" },
        "up":    { "uv": [ 12.75, 4.75, 13, 5 ], "texture": "#texture" },
        "north": { "uv": [ 12.75, 4.75, 13, 5.5 ], "texture": "#texture" },
        "south": { "uv": [ 12.75, 4.75, 13, 5.5 ], "texture": "#texture" },
        "west":  { "uv": [ 12.75, 4.75, 13, 5.5 ], "texture": "#texture" },
        "east":  { "uv": [ 12.75, 4.75, 13, 5.5 ], "texture": "#texture" }
    }
},
{
    "from": [ 11.75, 12.25, 3 ],
    "to": [ 21.75, 19.25, 13 ],
    "rotation": { "origin": [ 11.75, 19.25, 3 ], "axis": "z", "angle": -22.5 },
    "faces": {
        "down":  { "uv": [ 0, 0, 0.25, 0.25 ], "texture": "#texture" },
        "up":    { "uv": [ 0, 7.75, 2.5, 10.25 ], "texture": "#texture" },
        "north": { "uv": [ 2.75, 10.5, 5.25, 12.25 ], "texture": "#texture" },
        "south": { "uv": [ 0, 10.5, 2.5, 12.25 ], "texture": "#texture" },
        "west":  { "uv": [ 2.75, 10.5, 5.25, 12.25 ], "texture": "#texture" },
        "east":  { "uv": [ 0, 0, 0.25, 0.25 ], "texture": "#texture" }
    }
},
{
    "from": [ 11.5, 2.5, -6 ],
    "to": [ 21.5, 13.5, 22 ],
    "rotation": { "origin": [ 11.5, 13.5, -6 ], "axis": "z", "angle": 22.5 },
    "faces": {
        "down":  { "uv": [ 3, 1.25, 3.25, 1.5 ], "texture": "#bloody_bones2" },
        "up":    { "uv": [ 0, 0, 7, 2.5 ], "rotation": 90, "texture": "#bloody_bones2" },
        "north": { "uv": [ 5.5, 13, 8, 15.75 ], "texture": "#texture" },
        "south": { "uv": [ 8, 13, 5.5, 15.75 ], "texture": "#texture" },
        "west":  { "uv": [ 8, 13, 15, 15.75 ], "texture": "#texture" },
        "east":  { "uv": [ 8.25, 10.25, 15.25, 13 ], "texture": "#texture" }
    }
},
{
    "from": [ 8, 10, 3.5 ],
    "to": [ 10, 15, 12.5 ],
    "rotation": { "origin": [ 8, 15, 3.5 ], "axis": "z", "angle": 22.5 },
    "faces": {
        "down":  { "uv": [ 5.5, 0, 7.5, 1.5 ], "texture": "#texture" },
        "up":    { "uv": [ 5.5, 0, 7.5, 1.5 ], "texture": "#texture" },
        "north": { "uv": [ 5.5, 0, 7.5, 1.5 ], "texture": "#texture" },
        "south": { "uv": [ 5.5, 0, 7.5, 1.5 ], "texture": "#texture" },
        "west":  { "uv": [ 5.5, 0, 7.5, 1.5 ], "texture": "#texture" },
        "east":  { "uv": [ 5.5, 0, 7.5, 1.5 ], "texture": "#texture" }
    }
},
{
    "from": [ 22.9375, -10.9375, 6 ],
    "to": [ 24.9375, 7.3125, 10 ],
    "faces": {
        "down":  { "uv": [ 0, 0, 0.25, 0.25 ], "texture": "#texture" },
        "up":    { "uv": [ 0, 0, 0.25, 0.25 ], "texture": "#texture" },
        "north": { "uv": [ 14.75, 0.25, 15.25, 4.75 ], "texture": "#texture" },
        "south": { "uv": [ 13.75, 0.25, 14.25, 4.75 ], "texture": "#texture" },
        "west":  { "uv": [ 0, 0, 0.25, 0.25 ], "texture": "#texture" },
        "east":  { "uv": [ 14, 0.25, 15, 4.75 ], "texture": "#texture" }
    }
},
{
    "from": [ 0, 0.0415, -10.0625 ],
    "to": [ 19, 4.0415, -6.0625 ],
    "rotation": { "origin": [ 0, 4.0415, -10.0625 ], "axis": "z", "angle": 22.5 },
    "faces": {
        "down":  { "uv": [ 5.25, 9, 10.25, 10 ], "texture": "#texture" },
        "up":    { "uv": [ 5.25, 7.75, 10.25, 8.75 ], "texture": "#texture" },
        "north": { "uv": [ 10.5, 7.75, 15.5, 8.75 ], "texture": "#texture" },
        "south": { "uv": [ 10.5, 9, 15.5, 10 ], "texture": "#texture" },
        "west":  { "uv": [ 5.5, 10.25, 6.5, 11.25 ], "texture": "#texture" },
        "east":  { "uv": [ 6.75, 10.25, 7.75, 11.25 ], "texture": "#texture" }
    }
},
{
    "from": [ 22.5, 1.55482, -4 ],
    "to": [ 23.5, 4.55482, 6 ],
    "rotation": { "origin": [ 22.5, 4.55482, -4 ], "axis": "z", "angle": 22.5 },
    "faces": {
        "down":  { "uv": [ 7.25, 0.5, 9.75, 0.75 ], "rotation": 90, "texture": "#bloody_bones2" },
        "up":    { "uv": [ 7.25, 0, 9.75, 0.25 ], "rotation": 90, "texture": "#bloody_bones2" },
        "north": { "uv": [ 9.5, 0, 9.75, 0.75 ], "texture": "#bloody_bones2" },
        "south": { "uv": [ 7.25, 0, 7.5, 0.75 ], "texture": "#bloody_bones2" },
        "west":  { "uv": [ 9.75, 0, 7.25, 0.75 ], "texture": "#bloody_bones2" },
        "east":  { "uv": [ 7.25, 0, 9.75, 0.75 ], "texture": "#bloody_bones2" }
    }
},
{
    "from": [ 15, -1.625, -5 ],
    "to": [ 23.5, 1.375, -4 ],
    "rotation": { "origin": [ 15, 1.375, -5 ], "axis": "z", "angle": 22.5 },
    "faces": {
        "down":  { "uv": [ 7.25, 1.5, 9.5, 1.75 ], "rotation": 180, "texture": "#bloody_bones2" },
        "up":    { "uv": [ 7.25, 1, 9.5, 1.25 ], "rotation": 180, "texture": "#bloody_bones2" },
        "north": { "uv": [ 7.25, 1, 9.5, 1.75 ], "texture": "#bloody_bones2" },
        "south": { "uv": [ 7.25, 1, 9.5, 1.75 ], "texture": "#bloody_bones2" },
        "west":  { "uv": [ 7.25, 1, 7.5, 1.75 ], "texture": "#bloody_bones2" },
        "east":  { "uv": [ 9.25, 1, 9.5, 1.75 ], "texture": "#bloody_bones2" }
    }
},
{
    "from": [ 14.0625, -2, -4 ],
    "to": [ 15.0625, 1, 3 ],
    "rotation": { "origin": [ 14.0625, 1, -4 ], "axis": "z", "angle": 22.5 },
    "faces": {
        "down":  { "uv": [ 7.25, 2.5, 9, 2.75 ], "rotation": 90, "texture": "#bloody_bones2" },
        "up":    { "uv": [ 7.25, 2, 9, 2.25 ], "rotation": 90, "texture": "#bloody_bones2" },
        "north": { "uv": [ 8.75, 2, 9, 2.75 ], "texture": "#bloody_bones2" },
        "south": { "uv": [ 7.25, 2, 7.5, 2.75 ], "texture": "#bloody_bones2" },
        "west":  { "uv": [ 9, 2, 7.25, 2.75 ], "texture": "#bloody_bones2" },
        "east":  { "uv": [ 7.25, 2, 9, 2.75 ], "texture": "#bloody_bones2" }
    }
},
{
    "from": [ 22.5, -3.5, -4 ],
    "to": [ 23.5, -0.5, 6 ],
    "rotation": { "origin": [ 22.5, -0.5, -4 ], "axis": "z", "angle": 22.5 },
    "faces": {
        "down":  { "uv": [ 7.25, 0.5, 9.75, 0.75 ], "rotation": 90, "texture": "#bloody_bones2" },
        "up":    { "uv": [ 7.25, 0, 9.75, 0.25 ], "rotation": 90, "texture": "#bloody_bones2" },
        "north": { "uv": [ 9.5, 0, 9.75, 0.75 ], "texture": "#bloody_bones2" },
        "south": { "uv": [ 7.25, 0, 7.5, 0.75 ], "texture": "#bloody_bones2" },
        "west":  { "uv": [ 9.75, 0, 7.25, 0.75 ], "texture": "#bloody_bones2" },
        "east":  { "uv": [ 7.25, 0, 9.75, 0.75 ], "texture": "#bloody_bones2" }
    }
},
{
    "from": [ 15, -6.625, -5 ],
    "to": [ 23.5, -3.625, -4 ],
    "rotation": { "origin": [ 15, -3.625, -5 ], "axis": "z", "angle": 22.5 },
    "faces": {
        "down":  { "uv": [ 7.25, 1.5, 9.5, 1.75 ], "rotation": 180, "texture": "#bloody_bones2" },
        "up":    { "uv": [ 7.25, 1, 9.5, 1.25 ], "rotation": 180, "texture": "#bloody_bones2" },
        "north": { "uv": [ 7.25, 1, 9.5, 1.75 ], "texture": "#bloody_bones2" },
        "south": { "uv": [ 7.25, 1, 9.5, 1.75 ], "texture": "#bloody_bones2" },
        "west":  { "uv": [ 7.25, 1, 7.5, 1.75 ], "texture": "#bloody_bones2" },
        "east":  { "uv": [ 9.25, 1, 9.5, 1.75 ], "texture": "#bloody_bones2" }
    }
},
{
    "from": [ 14.0625, -7, -4 ],
    "to": [ 15.0625, -4, 3 ],
    "rotation": { "origin": [ 14.0625, -4, -4 ], "axis": "z", "angle": 22.5 },
    "faces": {
        "down":  { "uv": [ 7.25, 2.5, 9, 2.75 ], "rotation": 90, "texture": "#bloody_bones2" },
        "up":    { "uv": [ 7.25, 2, 9, 2.25 ], "rotation": 90, "texture": "#bloody_bones2" },
        "north": { "uv": [ 8.75, 2, 9, 2.75 ], "texture": "#bloody_bones2" },
        "south": { "uv": [ 7.25, 2, 7.5, 2.75 ], "texture": "#bloody_bones2" },
        "west":  { "uv": [ 9, 2, 7.25, 2.75 ], "texture": "#bloody_bones2" },
        "east":  { "uv": [ 7.25, 2, 9, 2.75 ], "texture": "#bloody_bones2" }
    }
},
{
    "from": [ 22.5, -3.44518, 10 ],
    "to": [ 23.5, -0.445183, 20 ],
    "rotation": { "origin": [ 22.5, -0.445183, 10 ], "axis": "z", "angle": 22.5 },
    "faces": {
        "down":  { "uv": [ 9.75, 0.5, 7.25, 0.75 ], "rotation": 90, "texture": "#bloody_bones2" },
        "up":    { "uv": [ 9.75, 0, 7.25, 0.25 ], "rotation": 90, "texture": "#bloody_bones2" },
        "north": { "uv": [ 7.25, 0, 7.5, 0.75 ], "texture": "#bloody_bones2" },
        "south": { "uv": [ 9.5, 0, 9.75, 0.75 ], "texture": "#bloody_bones2" },
        "west":  { "uv": [ 7.25, 0, 9.75, 0.75 ], "texture": "#bloody_bones2" },
        "east":  { "uv": [ 9.75, 0, 7.25, 0.75 ], "texture": "#bloody_bones2" }
    }
},
{
    "from": [ 15, -6.5625, 20 ],
    "to": [ 23.5, -3.5625, 21 ],
    "rotation": { "origin": [ 15, -3.5625, 20 ], "axis": "z", "angle": 22.5 },
    "faces": {
        "down":  { "uv": [ 7.25, 1.5, 9.5, 1.75 ], "rotation": 180, "texture": "#bloody_bones2" },
        "up":    { "uv": [ 7.25, 1, 9.5, 1.25 ], "rotation": 180, "texture": "#bloody_bones2" },
        "north": { "uv": [ 7.25, 1, 9.5, 1.75 ], "texture": "#bloody_bones2" },
        "south": { "uv": [ 7.25, 1, 9.5, 1.75 ], "texture": "#bloody_bones2" },
        "west":  { "uv": [ 7.25, 1, 7.5, 1.75 ], "texture": "#bloody_bones2" },
        "east":  { "uv": [ 9.25, 1, 9.5, 1.75 ], "texture": "#bloody_bones2" }
    }
},
{
    "from": [ 14.0625, -6.9375, 13 ],
    "to": [ 15.0625, -3.9375, 20 ],
    "rotation": { "origin": [ 14.0625, -3.9375, 13 ], "axis": "z", "angle": 22.5 },
    "faces": {
        "down":  { "uv": [ 7.25, 2.5, 9, 2.75 ], "rotation": 90, "texture": "#bloody_bones2" },
        "up":    { "uv": [ 7.25, 2, 9, 2.25 ], "rotation": 90, "texture": "#bloody_bones2" },
        "north": { "uv": [ 8.75, 2, 9, 2.75 ], "texture": "#bloody_bones2" },
        "south": { "uv": [ 7.25, 2, 7.5, 2.75 ], "texture": "#bloody_bones2" },
        "west":  { "uv": [ 9, 2, 7.25, 2.75 ], "texture": "#bloody_bones2" },
        "east":  { "uv": [ 7.25, 2, 9, 2.75 ], "texture": "#bloody_bones2" }
    }
},
{
    "from": [ 22.5, 1.55482, 10 ],
    "to": [ 23.5, 4.55482, 20 ],
    "rotation": { "origin": [ 22.5, 4.55482, 10 ], "axis": "z", "angle": 22.5 },
    "faces": {
        "down":  { "uv": [ 9.75, 0.5, 7.25, 0.75 ], "rotation": 90, "texture": "#bloody_bones2" },
        "up":    { "uv": [ 9.75, 0, 7.25, 0.25 ], "rotation": 90, "texture": "#bloody_bones2" },
        "north": { "uv": [ 7.25, 0, 7.5, 0.75 ], "texture": "#bloody_bones2" },
        "south": { "uv": [ 9.5, 0, 9.75, 0.75 ], "texture": "#bloody_bones2" },
        "west":  { "uv": [ 7.25, 0, 9.75, 0.75 ], "texture": "#bloody_bones2" },
        "east":  { "uv": [ 9.75, 0, 7.25, 0.75 ], "texture": "#bloody_bones2" }
    }
},
{
    "from": [ 14.5, -1.875, 20 ],
    "to": [ 23.5, 1.125, 21 ],
    "rotation": { "origin": [ 14.5, 1.125, 20 ], "axis": "z", "angle": 22.5 },
    "faces": {
        "down":  { "uv": [ 7.25, 1.5, 9.5, 1.75 ], "rotation": 180, "texture": "#bloody_bones2" },
        "up":    { "uv": [ 7.25, 1, 9.5, 1.25 ], "rotation": 180, "texture": "#bloody_bones2" },
        "north": { "uv": [ 7.25, 1, 9.5, 1.75 ], "texture": "#bloody_bones2" },
        "south": { "uv": [ 7.25, 1, 9.5, 1.75 ], "texture": "#bloody_bones2" },
        "west":  { "uv": [ 7.25, 1, 7.5, 1.75 ], "texture": "#bloody_bones2" },
        "east":  { "uv": [ 9.25, 1, 9.5, 1.75 ], "texture": "#bloody_bones2" }
    }
},
{
    "from": [ 14.0625, -2, 13 ],
    "to": [ 15.0625, 1, 20 ],
    "rotation": { "origin": [ 14.0625, 1, 13 ], "axis": "z", "angle": 22.5 },
    "faces": {
        "down":  { "uv": [ 7.25, 2.5, 9, 2.75 ], "rotation": 90, "texture": "#bloody_bones2" },
        "up":    { "uv": [ 7.25, 2, 9, 2.25 ], "rotation": 90, "texture": "#bloody_bones2" },
        "north": { "uv": [ 8.75, 2, 9, 2.75 ], "texture": "#bloody_bones2" },
        "south": { "uv": [ 7.25, 2, 7.5, 2.75 ], "texture": "#bloody_bones2" },
        "west":  { "uv": [ 9, 2, 7.25, 2.75 ], "texture": "#bloody_bones2" },
        "east":  { "uv": [ 7.25, 2, 9, 2.75 ], "texture": "#bloody_bones2" }
    }
},
{
    "from": [ -1, 0.5415, 22.0625 ],
    "to": [ 18, 4.5415, 26.0625 ],
    "rotation": { "origin": [ -1, 4.5415, 22.0625 ], "axis": "z", "angle": 22.5 },
    "faces": {
        "down":  { "uv": [ 5.25, 9, 10.25, 10 ], "texture": "#texture" },
        "up":    { "uv": [ 5.25, 8.75, 10.25, 7.75 ], "texture": "#texture" },
        "north": { "uv": [ 10.5, 9, 15.5, 10 ], "texture": "#texture" },
        "south": { "uv": [ 10.5, 7.75, 15.5, 8.75 ], "texture": "#texture" },
        "west":  { "uv": [ 6.5, 10.25, 5.5, 11.25 ], "texture": "#texture" },
        "east":  { "uv": [ 6.75, 10.25, 7.75, 11.25 ], "texture": "#texture" }
    }
},
{
    "from": [ 4, 8.04819, 12.5 ],
    "to": [ 14, 14.0482, 13.5 ],
    "rotation": { "origin": [ 4, 14.0482, 12.5 ], "axis": "z", "angle": 22.5 },
    "faces": {
        "down":  { "uv": [ 12.75, 1.25, 10.25, 1.5 ], "rotation": 90, "texture": "#texture" },
        "up":    { "uv": [ 12.75, 0, 10.25, 0.25 ], "rotation": 90, "texture": "#texture" },
        "north": { "uv": [ 12.75, 0, 10.25, 1.5 ], "texture": "#texture" },
        "south": { "uv": [ 10.25, 0, 12.75, 1.5 ], "texture": "#texture" },
        "west":  { "uv": [ 10.25, 0, 10.5, 1.5 ], "texture": "#texture" },
        "east":  { "uv": [ 12.5, 0, 12.75, 1.5 ], "texture": "#texture" }
    }
},
{
    "from": [ 3.75, 8.5, 3.5 ],
    "to": [ 3.8125, 12.5, 12.5 ],
    "rotation": { "origin": [ 3.75, 12.5, 3.5 ], "axis": "z", "angle": 22.5 },
    "faces": {
        "west":  { "uv": [ 10, 0, 12.25, 1 ], "texture": "#bloody_bones2" },
        "east":  { "uv": [ 3, 1.25, 3.25, 1.5 ], "texture": "#bloody_bones2" }
    }
}
],
"display": {
    "thirdperson_righthand": {
        "rotation": [ 23, -90, 0 ],
        "translation": [ -6.43, 6.8, 3.97 ],
        "scale": [ 0.75, 0.75, 0.75 ]
    },
    "thirdperson_lefthand": {
        "rotation": [ 23, 90, 0 ],
        "translation": [ -6.43, 6.8, 3.97 ],
        "scale": [ 0.75, 0.75, 0.75 ]
    },
    "head": {
        "rotation": [ 0, -90, 0 ],
        "translation": [ 0, -1.13, -22.11 ],
        "scale": [ 1.5, 1.5, 1.5 ]
    },
    "ground": {
        "rotation": [ 0, 0, 0 ],
        "translation": [ 0, 6.43, 0 ],
        "scale": [ 0.25, 0.25, 0.25 ]
    },
    "fixed": {
        "rotation": [ 0, -90, 0 ],
        "translation": [ 0, 0, -4.54 ],
        "scale": [ 0.35, 0.35, 0.35 ]
    },
    "firstperson_righthand": {
        "rotation": [ 0, 24, 0 ],
        "translation": [ 0, 3.4, -3.97 ],
        "scale": [ 0.5, 0.5, 0.5 ]
    },
    "firstperson_lefthand": {
        "rotation": [ 0, -146, 0 ],
        "translation": [ 0, 3.4, -3.97 ],
        "scale": [ 0.5, 0.5, 0.5 ]
    },
    "gui": {
        "rotation": [ 0, 135, 0 ],
        "translation": [ 0.57, 0.76, 0 ],
        "scale": [ 0.35, 0.35, 0.35 ]
    }
}
}