{
"__comment": "Designed by MasterianoX",
"textures": {
    "particle": "entity/morph/morph",
    "texture": "entity/morph/morph",
    "morph_armor": "entity/morph/morph_armor"
},
"elements": [ 
{
    "__comment": "Morph_Hand",
    "from": [ 4.75, 7.5, -1.5 ],
    "to": [ 7.75, 10.5, 1.5 ],
    "rotation": { "origin": [ 4.75, 10.5, -1.5 ], "axis": "z", "angle": 45 },
    "faces": {
        "down":  { "uv": [ 10.5, 3.25, 11.25, 4 ], "rotation": 90, "texture": "#morph_armor" },
        "up":    { "uv": [ 10.5, 3.25, 11.25, 4 ], "rotation": 270, "texture": "#morph_armor" },
        "north": { "uv": [ 10.5, 4, 9.75, 4.75 ], "texture": "#morph_armor" },
        "south": { "uv": [ 11.25, 4, 10.5, 4.75 ], "texture": "#morph_armor" },
        "west":  { "uv": [ 9.75, 4, 9, 4.75 ], "texture": "#morph_armor" },
        "east":  { "uv": [ 9.75, 4, 10.5, 4.75 ], "texture": "#morph_armor" }
    }
},
{
    "__comment": "Morph_Hand",
    "from": [ 4.75, 10.75, -1 ],
    "to": [ 6.75, 11.25, 1 ],
    "rotation": { "origin": [ 4.75, 11.25, -1 ], "axis": "z", "angle": 45 },
    "faces": {
        "down":  { "uv": [ 8.25, 5, 8.75, 5.5 ], "rotation": 90, "texture": "#morph_armor" },
        "up":    { "uv": [ 8.25, 5, 8.75, 5.5 ], "rotation": 270, "texture": "#morph_armor" },
        "north": { "uv": [ 8.5, 5, 8.75, 5.5 ], "rotation": 90, "texture": "#morph_armor" },
        "south": { "uv": [ 8.25, 5.5, 8.5, 5 ], "rotation": 90, "texture": "#morph_armor" },
        "west":  { "uv": [ 8.25, 5.25, 8.75, 5.5 ], "texture": "#morph_armor" },
        "east":  { "uv": [ 8.75, 5, 8.25, 5.25 ], "texture": "#morph_armor" }
    }
},
{
    "__comment": "Morph_Hand",
    "from": [ 4.5, 11.25, -0.5 ],
    "to": [ 5.5, 12.25, 0.5 ],
    "rotation": { "origin": [ 4.5, 12.25, -0.5 ], "axis": "z", "angle": 45 },
    "faces": {
        "down":  { "uv": [ 8.25, 5, 8.5, 5.25 ], "rotation": 90, "texture": "#morph_armor" },
        "up":    { "uv": [ 8.25, 5, 8.5, 5.25 ], "rotation": 270, "texture": "#morph_armor" },
        "north": { "uv": [ 8.25, 5, 8.5, 5.25 ], "texture": "#morph_armor" },
        "south": { "uv": [ 8.25, 5, 8.5, 5.25 ], "texture": "#morph_armor" },
        "west":  { "uv": [ 8.25, 5, 8.5, 5.25 ], "texture": "#morph_armor" },
        "east":  { "uv": [ 8.25, 5, 8.5, 5.25 ], "texture": "#morph_armor" }
    }
},
{
    "__comment": "Morph_Hand",
    "from": [ 3, 11.75, -1 ],
    "to": [ 5, 13.75, 0 ],
    "faces": {
        "down":  { "uv": [ 9.25, 6.25, 9.5, 5.75 ], "rotation": 90, "texture": "#morph_armor" },
        "up":    { "uv": [ 9, 5.75, 9.25, 6.25 ], "rotation": 270, "texture": "#morph_armor" },
        "north": { "uv": [ 9, 5.75, 9.5, 6.25 ], "rotation": 90, "texture": "#morph_armor" },
        "south": { "uv": [ 9, 5.75, 9.5, 6.25 ], "rotation": 180, "texture": "#morph_armor" },
        "west":  { "uv": [ 9, 5.75, 9.5, 6 ], "rotation": 90, "texture": "#morph_armor" },
        "east":  { "uv": [ 9, 6, 9.5, 6.25 ], "rotation": 90, "texture": "#morph_armor" }
    }
},
{
    "__comment": "Morph_Hand",
    "from": [ 3.75, 12.25, 0 ],
    "to": [ 5.75, 14.25, 1 ],
    "faces": {
        "down":  { "uv": [ 8.5, 5.75, 8.75, 6.25 ], "rotation": 90, "texture": "#morph_armor" },
        "up":    { "uv": [ 8.25, 5.75, 8.5, 6.25 ], "rotation": 270, "texture": "#morph_armor" },
        "north": { "uv": [ 8.25, 5.75, 8.75, 6.25 ], "rotation": 90, "texture": "#morph_armor" },
        "south": { "uv": [ 8.25, 5.75, 8.75, 6.25 ], "texture": "#morph_armor" },
        "west":  { "uv": [ 8.25, 5.75, 8.75, 6 ], "rotation": 90, "texture": "#morph_armor" },
        "east":  { "uv": [ 8.25, 6, 8.75, 6.25 ], "rotation": 90, "texture": "#morph_armor" }
    }
},
{
    "__comment": "Morph_Hand",
    "from": [ -1, 12.25, -0.6875 ],
    "to": [ 3, 13.25, -0.1875 ],
    "faces": {
        "down":  { "uv": [ 9.75, 6, 10, 5 ], "rotation": 90, "texture": "#morph_armor" },
        "up":    { "uv": [ 9.75, 5, 10, 6 ], "rotation": 270, "texture": "#morph_armor" },
        "north": { "uv": [ 9.75, 5, 10, 6 ], "rotation": 90, "texture": "#morph_armor" },
        "south": { "uv": [ 9.75, 6, 10, 5 ], "rotation": 90, "texture": "#morph_armor" },
        "west":  { "uv": [ 9.75, 5, 10, 5.25 ], "texture": "#morph_armor" },
        "east":  { "uv": [ 9.75, 5.75, 10, 6 ], "texture": "#morph_armor" }
    }
},
{
    "__comment": "Morph_Hand",
    "from": [ -3, 12, -0.6875 ],
    "to": [ -2, 17, -0.1875 ],
    "rotation": { "origin": [ -3, 17, -0.6875 ], "axis": "z", "angle": 22.5 },
    "faces": {
        "down":  { "uv": [ 10.75, 6, 11, 6.25 ], "rotation": 90, "texture": "#morph_armor" },
        "up":    { "uv": [ 10.75, 5, 11, 5.25 ], "rotation": 270, "texture": "#morph_armor" },
        "north": { "uv": [ 10.75, 5, 11, 6.25 ], "texture": "#morph_armor" },
        "south": { "uv": [ 10.75, 5, 11, 6.25 ], "texture": "#morph_armor" },
        "west":  { "uv": [ 10.75, 5, 11, 6.25 ], "texture": "#morph_armor" },
        "east":  { "uv": [ 10.75, 5, 11, 6.25 ], "texture": "#morph_armor" }
    }
},
{
    "__comment": "Morph_Hand",
    "from": [ 4.25, 14.25, 0.3125 ],
    "to": [ 5.25, 18.25, 0.8125 ],
    "faces": {
        "down":  { "uv": [ 10.25, 5.75, 10.5, 6 ], "rotation": 90, "texture": "#morph_armor" },
        "up":    { "uv": [ 10.25, 5, 10.5, 5.25 ], "rotation": 270, "texture": "#morph_armor" },
        "north": { "uv": [ 10.25, 5, 10.5, 6 ], "texture": "#morph_armor" },
        "south": { "uv": [ 10.25, 5, 10.5, 6 ], "texture": "#morph_armor" },
        "west":  { "uv": [ 10.25, 5, 10.5, 6 ], "texture": "#morph_armor" },
        "east":  { "uv": [ 10.25, 5, 10.5, 6 ], "texture": "#morph_armor" }
    }
},
{
    "__comment": "Morph_Hand",
    "from": [ 1, 16, 0.3125 ],
    "to": [ 2, 21, 0.8125 ],
    "rotation": { "origin": [ 1, 21, 0.3125 ], "axis": "z", "angle": 45 },
    "faces": {
        "down":  { "uv": [ 11.25, 6, 11.5, 6.25 ], "rotation": 90, "texture": "#morph_armor" },
        "up":    { "uv": [ 11.25, 5, 11.5, 5.25 ], "rotation": 270, "texture": "#morph_armor" },
        "north": { "uv": [ 11.25, 5, 11.5, 6.25 ], "texture": "#morph_armor" },
        "south": { "uv": [ 11.25, 5, 11.5, 6.25 ], "texture": "#morph_armor" },
        "west":  { "uv": [ 11.25, 5, 11.5, 6.25 ], "texture": "#morph_armor" },
        "east":  { "uv": [ 11.25, 5, 11.5, 6.25 ], "texture": "#morph_armor" }
    }
},
{
    "__comment": "Morph_Hand",
    "from": [ 6.5, 1.5, -1 ],
    "to": [ 8.5, 9.5, 1 ],
    "rotation": { "origin": [ 6.5, 9.5, -1 ], "axis": "z", "angle": 45 },
    "faces": {
        "down":  { "uv": [ 0, 2, 0.5, 2.5 ], "rotation": 90, "texture": "#texture" },
        "up":    { "uv": [ 0, 2, 0.5, 2.5 ], "rotation": 270, "texture": "#texture" },
        "north": { "uv": [ 9.5, 2, 10, 4 ], "texture": "#texture" },
        "south": { "uv": [ 0.5, 2, 1, 4 ], "texture": "#texture" },
        "west":  { "uv": [ 0, 2, 0.5, 4 ], "texture": "#texture" },
        "east":  { "uv": [ 1, 2, 1.5, 4 ], "texture": "#texture" }
    }
},
{
    "from": [ 4, 3, 4 ],
    "to": [ 10, 7, 12 ],
    "rotation": { "origin": [ 4, 7, 4 ], "axis": "z", "angle": -22.5 },
    "faces": {
        "down":  { "uv": [ 10.25, 5.75, 12.25, 7.25 ], "rotation": 90, "texture": "#texture" },
        "up":    { "uv": [ 8.25, 5.75, 10.25, 7.25 ], "rotation": 90, "texture": "#texture" },
        "north": { "uv": [ 6.75, 7.25, 8.25, 8.25 ], "texture": "#texture" },
        "south": { "uv": [ 10.25, 7.25, 11.75, 8.25 ], "texture": "#texture" },
        "west":  { "uv": [ 8.25, 7.25, 10.25, 8.25 ], "texture": "#texture" },
        "east":  { "uv": [ 11.75, 7.25, 13.75, 8.25 ], "texture": "#texture" }
    }
},
{
    "from": [ 3, 0.5, 4.5 ],
    "to": [ 4, 3.5, 6.5 ],
    "faces": {
        "down":  { "uv": [ 9.75, 0.5, 9.25, 0.75 ], "rotation": 90, "texture": "#texture" },
        "up":    { "uv": [ 9.25, 0, 9.75, 0.25 ], "rotation": 90, "texture": "#texture" },
        "north": { "uv": [ 9.25, 0, 9.5, 0.75 ], "texture": "#texture" },
        "south": { "uv": [ 9.5, 0, 9.75, 0.75 ], "texture": "#texture" },
        "west":  { "uv": [ 9.25, 0, 9.75, 0.75 ], "texture": "#texture" },
        "east":  { "uv": [ 9.75, 0, 9.25, 0.75 ], "texture": "#texture" }
    }
},
{
    "from": [ 3, 0.5, 9.5 ],
    "to": [ 4, 3.5, 11.5 ],
    "faces": {
        "down":  { "uv": [ 10.5, 0.5, 10, 0.75 ], "rotation": 90, "texture": "#texture" },
        "up":    { "uv": [ 10, 0, 10.5, 0.25 ], "rotation": 90, "texture": "#texture" },
        "north": { "uv": [ 10, 0, 10.25, 0.75 ], "texture": "#texture" },
        "south": { "uv": [ 10.25, 0, 10.5, 0.75 ], "texture": "#texture" },
        "west":  { "uv": [ 10, 0, 10.5, 0.75 ], "texture": "#texture" },
        "east":  { "uv": [ 10.5, 0, 10, 0.75 ], "texture": "#texture" }
    }
},
{
    "from": [ 7, -1, 3 ],
    "to": [ 10, 9, 13 ],
    "faces": {
        "down":  { "uv": [ 0.75, 5.75, 3.25, 6.5 ], "rotation": 90, "texture": "#texture" },
        "up":    { "uv": [ 0.75, 5.75, 3.25, 6.5 ], "rotation": 90, "texture": "#texture" },
        "north": { "uv": [ 0, 6.5, 0.75, 9 ], "texture": "#texture" },
        "south": { "uv": [ 3.25, 6.5, 4, 9 ], "texture": "#texture" },
        "west":  { "uv": [ 0.75, 6.5, 3.25, 9 ], "texture": "#texture" },
        "east":  { "uv": [ 4, 6.5, 6.5, 9 ], "texture": "#texture" }
    }
},
{
    "from": [ 10, 0, 1 ],
    "to": [ 18, 14, 15 ],
    "faces": {
        "down":  { "uv": [ 5.5, 0, 9, 2 ], "rotation": 90, "texture": "#texture" },
        "up":    { "uv": [ 2, 0, 5.5, 2 ], "rotation": 90, "texture": "#texture" },
        "north": { "uv": [ 0, 2, 2, 5.5 ], "texture": "#texture" },
        "south": { "uv": [ 5.5, 2, 7.5, 5.5 ], "texture": "#texture" },
        "west":  { "uv": [ 2, 2, 5.5, 5.5 ], "texture": "#texture" },
        "east":  { "uv": [ 7.5, 2, 11, 5.5 ], "texture": "#texture" }
    }
},
{
    "from": [ 3.5, -1, 4 ],
    "to": [ 7.5, 0, 12 ],
    "rotation": { "origin": [ 3.5, 0, 4 ], "axis": "z", "angle": 22.5 },
    "faces": {
        "down":  { "uv": [ 10.25, 8.5, 12.25, 9.5 ], "rotation": 90, "texture": "#texture" },
        "up":    { "uv": [ 8.25, 9, 10.25, 10 ], "rotation": 90, "texture": "#texture" },
        "north": { "uv": [ 6.75, 10, 8.25, 10.25 ], "texture": "#texture" },
        "south": { "uv": [ 11.75, 10, 10.25, 10.25 ], "texture": "#texture" },
        "west":  { "uv": [ 8.25, 10, 10.25, 10.25 ], "texture": "#texture" },
        "east":  { "uv": [ 11.75, 10, 13.75, 10.25 ], "texture": "#texture" }
    }
},
{
    "from": [ 8.75, 17.25, 11 ],
    "to": [ 17.75, 20.25, 14 ],
    "rotation": { "origin": [ 8.75, 20.25, 11 ], "axis": "z", "angle": -45 },
    "faces": {
        "down":  { "uv": [ 11.25, 2.25, 12, 4.5 ], "rotation": 90, "texture": "#texture" },
        "up":    { "uv": [ 12.25, 2.25, 13, 4.5 ], "rotation": 90, "texture": "#texture" },
        "north": { "uv": [ 14.25, 2.25, 15, 4.5 ], "rotation": 90, "texture": "#texture" },
        "south": { "uv": [ 13.25, 2.25, 14, 4.5 ], "rotation": 90, "texture": "#texture" },
        "west":  { "uv": [ 11.25, 4.75, 12, 5.5 ], "texture": "#texture" },
        "east":  { "uv": [ 11.25, 4.75, 12, 5.5 ], "texture": "#texture" }
    }
},
{
    "from": [ 2.5, 20.25, 11.5 ],
    "to": [ 9.5, 22.25, 13.5 ],
    "rotation": { "origin": [ 2.5, 22.25, 11.5 ], "axis": "z", "angle": -22.5 },
    "faces": {
        "down":  { "uv": [ 14, 4.75, 14.5, 6.5 ], "rotation": 90, "texture": "#texture" },
        "up":    { "uv": [ 12.5, 4.75, 13, 6.5 ], "rotation": 90, "texture": "#texture" },
        "north": { "uv": [ 13.25, 4.75, 13.75, 6.5 ], "rotation": 90, "texture": "#texture" },
        "south": { "uv": [ 14.75, 4.75, 15.25, 6.5 ], "rotation": 90, "texture": "#texture" },
        "west":  { "uv": [ 14, 6.75, 14.5, 7.25 ], "texture": "#texture" },
        "east":  { "uv": [ 14, 6.75, 14.5, 7.25 ], "texture": "#texture" }
    }
},
{
    "from": [ 8.75, 17.25, 2 ],
    "to": [ 17.75, 20.25, 5 ],
    "rotation": { "origin": [ 8.75, 20.25, 2 ], "axis": "z", "angle": -45 },
    "faces": {
        "down":  { "uv": [ 12.25, 2.25, 13, 4.5 ], "rotation": 90, "texture": "#texture" },
        "up":    { "uv": [ 11.25, 2.25, 12, 4.5 ], "rotation": 90, "texture": "#texture" },
        "north": { "uv": [ 13.25, 2.25, 14, 4.5 ], "rotation": 90, "texture": "#texture" },
        "south": { "uv": [ 14.25, 2.25, 15, 4.5 ], "rotation": 90, "texture": "#texture" },
        "west":  { "uv": [ 11.25, 4.75, 12, 5.5 ], "texture": "#texture" },
        "east":  { "uv": [ 11.25, 4.75, 12, 5.5 ], "texture": "#texture" }
    }
},
{
    "from": [ 2, 18, 2.5 ],
    "to": [ 9, 20, 4.5 ],
    "faces": {
        "down":  { "uv": [ 14, 4.75, 14.5, 6.5 ], "rotation": 90, "texture": "#texture" },
        "up":    { "uv": [ 12.5, 4.75, 13, 6.5 ], "rotation": 90, "texture": "#texture" },
        "north": { "uv": [ 13.25, 4.75, 13.75, 6.5 ], "rotation": 90, "texture": "#texture" },
        "south": { "uv": [ 14.75, 4.75, 15.25, 6.5 ], "rotation": 90, "texture": "#texture" },
        "west":  { "uv": [ 14, 6.75, 14.5, 7.25 ], "texture": "#texture" },
        "east":  { "uv": [ 14, 6.75, 14.5, 7.25 ], "texture": "#texture" }
    }
},
{
    "from": [ 12, -4, 4 ],
    "to": [ 16, 0, 12 ],
    "faces": {
        "down":  { "uv": [ 3.75, 5.75, 5.75, 6.75 ], "rotation": 90, "texture": "#texture" },
        "up":    { "uv": [ 0.75, 5.75, 2.75, 6.75 ], "rotation": 90, "texture": "#texture" },
        "north": { "uv": [ 1, 8, 0, 9 ], "texture": "#texture" },
        "south": { "uv": [ 3.75, 9, 4.75, 8 ], "texture": "#texture" },
        "west":  { "uv": [ 1.25, 6, 3.25, 7 ], "texture": "#texture" },
        "east":  { "uv": [ 4.5, 7.75, 6.5, 8.75 ], "texture": "#texture" }
    }
},
{
    "from": [ 3, 5.5, 4 ],
    "to": [ 5, 11.5, 6 ],
    "rotation": { "origin": [ 3, 11.5, 4 ], "axis": "z", "angle": 45 },
    "faces": {
        "down":  { "uv": [ 12.25, 0, 12.75, 0.5 ], "rotation": 90, "texture": "#texture" },
        "up":    { "uv": [ 11.75, 0, 12.25, 0.5 ], "rotation": 90, "texture": "#texture" },
        "north": { "uv": [ 11.25, 0.5, 11.75, 2 ], "texture": "#texture" },
        "south": { "uv": [ 12.25, 0.5, 12.75, 2 ], "texture": "#texture" },
        "west":  { "uv": [ 12.25, 0.5, 11.75, 2 ], "texture": "#texture" },
        "east":  { "uv": [ 13.25, 0.5, 12.75, 2 ], "texture": "#texture" }
    }
},
{
    "from": [ -1, 13.5, 4.5 ],
    "to": [ 5, 14.5, 5.5 ],
    "rotation": { "origin": [ -1, 14.5, 4.5 ], "axis": "z", "angle": -22.5 },
    "faces": {
        "down":  { "uv": [ 13.5, 0.5, 13.75, 2 ], "rotation": 90, "texture": "#texture" },
        "up":    { "uv": [ 13.5, 0.5, 13.75, 2 ], "rotation": 90, "texture": "#texture" },
        "north": { "uv": [ 13.5, 2, 13.75, 0.5 ], "rotation": 90, "texture": "#texture" },
        "south": { "uv": [ 13.5, 0.5, 13.75, 2 ], "rotation": 90, "texture": "#texture" },
        "west":  { "uv": [ 13.5, 1.75, 13.75, 2 ], "texture": "#texture" },
        "east":  { "uv": [ 13.5, 0.5, 13.75, 0.75 ], "texture": "#texture" }
    }
},
{
    "from": [ -3, 9.5, 12.7336 ],
    "to": [ 3, 10.5, 13.7336 ],
    "rotation": { "origin": [ -3, 9.5, 12.7336 ], "axis": "y", "angle": 22.5 },
    "faces": {
        "down":  { "uv": [ 13.5, 0.5, 13.75, 2 ], "rotation": 90, "texture": "#texture" },
        "up":    { "uv": [ 13.5, 0.5, 13.75, 2 ], "rotation": 90, "texture": "#texture" },
        "north": { "uv": [ 13.5, 2, 13.75, 0.5 ], "rotation": 90, "texture": "#texture" },
        "south": { "uv": [ 13.5, 0.5, 13.75, 2 ], "rotation": 90, "texture": "#texture" },
        "west":  { "uv": [ 13.5, 1.75, 13.75, 2 ], "texture": "#texture" },
        "east":  { "uv": [ 13.5, 0.5, 13.75, 0.75 ], "texture": "#texture" }
    }
},
{
    "from": [ 3, 9, 10 ],
    "to": [ 9, 11, 12 ],
    "rotation": { "origin": [ 3, 11, 10 ], "axis": "z", "angle": -22.5 },
    "faces": {
        "down":  { "uv": [ 13.25, 0.5, 12.75, 2 ], "rotation": 90, "texture": "#texture" },
        "up":    { "uv": [ 11.75, 0.5, 12.25, 2 ], "rotation": 90, "texture": "#texture" },
        "north": { "uv": [ 12.25, 0.5, 12.75, 2 ], "rotation": 90, "texture": "#texture" },
        "south": { "uv": [ 11.75, 0.5, 11.25, 2 ], "rotation": 90, "texture": "#texture" },
        "west":  { "uv": [ 12.25, 0, 11.75, 0.5 ], "texture": "#texture" },
        "east":  { "uv": [ 12.25, 0, 12.75, 0.5 ], "texture": "#texture" }
    }
},
{
    "from": [ -3, 13, 4 ],
    "to": [ -1, 15, 6 ],
    "faces": {
        "down":  { "uv": [ 15, 0, 15.75, 0.75 ], "texture": "#texture" },
        "up":    { "uv": [ 15, 0, 15.75, 0.75 ], "texture": "#texture" },
        "north": { "uv": [ 15, 0, 15.75, 0.75 ], "texture": "#texture" },
        "south": { "uv": [ 15, 0, 15.75, 0.75 ], "texture": "#texture" },
        "west":  { "uv": [ 14, 0, 14.75, 0.75 ], "texture": "#texture" },
        "east":  { "uv": [ 15, 0, 15.75, 0.75 ], "texture": "#texture" }
    }
},
{
    "from": [ -4.5, 8.23462, 12.25 ],
    "to": [ -2.5, 10.2346, 14.25 ],
    "rotation": { "origin": [ -4.5, 10.2346, 12.25 ], "axis": "z", "angle": 22.5 },
    "faces": {
        "down":  { "uv": [ 15, 0, 15.75, 0.75 ], "texture": "#texture" },
        "up":    { "uv": [ 15, 0, 15.75, 0.75 ], "texture": "#texture" },
        "north": { "uv": [ 15, 0, 15.75, 0.75 ], "texture": "#texture" },
        "south": { "uv": [ 14.75, 1, 14, 1.75 ], "texture": "#texture" },
        "west":  { "uv": [ 14, 1, 14.75, 1.75 ], "texture": "#texture" },
        "east":  { "uv": [ 15, 0, 15.75, 0.75 ], "texture": "#texture" }
    }
},
{
    "from": [ 11, 8, 0.5 ],
    "to": [ 19, 11, 1 ],
    "faces": {
        "down":  { "uv": [ 0, 0.5, 2, 0.75 ], "texture": "#morph_armor" },
        "up":    { "uv": [ 0, 0, 2, 0.25 ], "texture": "#morph_armor" },
        "north": { "uv": [ 2, 0, 0, 0.75 ], "texture": "#morph_armor" },
        "south": { "uv": [ 0, 0, 2, 0.75 ], "texture": "#morph_armor" },
        "west":  { "uv": [ 0, 0, 0.25, 0.75 ], "texture": "#morph_armor" },
        "east":  { "uv": [ 1.75, 0, 2, 0.75 ], "texture": "#morph_armor" }
    }
},
{
    "from": [ 11, 8, 15 ],
    "to": [ 19, 11, 15.5 ],
    "faces": {
        "down":  { "uv": [ 0, 0.5, 2, 0.75 ], "texture": "#morph_armor" },
        "up":    { "uv": [ 0, 0, 2, 0.25 ], "texture": "#morph_armor" },
        "north": { "uv": [ 2, 0, 0, 0.75 ], "texture": "#morph_armor" },
        "south": { "uv": [ 0, 0, 2, 0.75 ], "texture": "#morph_armor" },
        "west":  { "uv": [ 0, 0, 0.25, 0.75 ], "texture": "#morph_armor" },
        "east":  { "uv": [ 1.75, 0, 2, 0.75 ], "texture": "#morph_armor" }
    }
},
{
    "from": [ 18, 7, 13 ],
    "to": [ 20, 12, 15 ],
    "faces": {
        "down":  { "uv": [ 0, 2, 0.25, 2.25 ], "texture": "#morph_armor" },
        "up":    { "uv": [ 0, 1, 0.25, 1.25 ], "texture": "#morph_armor" },
        "north": { "uv": [ 0, 1, 0.5, 2.25 ], "texture": "#morph_armor" },
        "south": { "uv": [ 1, 1, 1.5, 2.25 ], "texture": "#morph_armor" },
        "west":  { "uv": [ 0.5, 1, 1, 2.25 ], "texture": "#morph_armor" },
        "east":  { "uv": [ 1.5, 1, 2, 2.25 ], "texture": "#morph_armor" }
    }
},
{
    "from": [ 18, 7, 1 ],
    "to": [ 20, 12, 3 ],
    "faces": {
        "down":  { "uv": [ 0, 2, 0.25, 2.25 ], "texture": "#morph_armor" },
        "up":    { "uv": [ 0, 1, 0.25, 1.25 ], "texture": "#morph_armor" },
        "north": { "uv": [ 0, 1, 0.5, 2.25 ], "texture": "#morph_armor" },
        "south": { "uv": [ 1, 1, 1.5, 2.25 ], "texture": "#morph_armor" },
        "west":  { "uv": [ 0.5, 1, 1, 2.25 ], "texture": "#morph_armor" },
        "east":  { "uv": [ 1.5, 1, 2, 2.25 ], "texture": "#morph_armor" }
    }
},
{
    "from": [ 18, 3, 9 ],
    "to": [ 22, 16, 13 ],
    "faces": {
        "down":  { "uv": [ 4.25, 0, 5.25, 1 ], "texture": "#morph_armor" },
        "up":    { "uv": [ 3.25, 0, 4.25, 1 ], "texture": "#morph_armor" },
        "north": { "uv": [ 3.25, 1, 2.25, 4.25 ], "texture": "#morph_armor" },
        "south": { "uv": [ 5.25, 1, 4.25, 4.25 ], "texture": "#morph_armor" },
        "west":  { "uv": [ 3.25, 1, 4.25, 4.25 ], "texture": "#morph_armor" },
        "east":  { "uv": [ 5.25, 1, 6.25, 4.25 ], "texture": "#morph_armor" }
    }
},
{
    "from": [ 18, 3, 3 ],
    "to": [ 22, 16, 7 ],
    "faces": {
        "down":  { "uv": [ 4.25, 0, 5.25, 1 ], "texture": "#morph_armor" },
        "up":    { "uv": [ 3.25, 0, 4.25, 1 ], "texture": "#morph_armor" },
        "north": { "uv": [ 2.25, 1, 3.25, 4.25 ], "texture": "#morph_armor" },
        "south": { "uv": [ 4.25, 1, 5.25, 4.25 ], "texture": "#morph_armor" },
        "west":  { "uv": [ 4.25, 1, 3.25, 4.25 ], "texture": "#morph_armor" },
        "east":  { "uv": [ 6.25, 1, 5.25, 4.25 ], "texture": "#morph_armor" }
    }
},
{
    "from": [ 19, 10, 7 ],
    "to": [ 20, 12, 9 ],
    "faces": {
        "down":  { "uv": [ 1.5, 3.5, 2, 3.75 ], "rotation": 90, "texture": "#morph_armor" },
        "up":    { "uv": [ 1.5, 3.25, 2, 3.5 ], "rotation": 90, "texture": "#morph_armor" },
        "north": { "uv": [ 1.5, 3.25, 1.75, 3.75 ], "texture": "#morph_armor" },
        "south": { "uv": [ 1.75, 3.25, 2, 3.75 ], "texture": "#morph_armor" },
        "west":  { "uv": [ 1.5, 3.25, 2, 3.75 ], "texture": "#morph_armor" },
        "east":  { "uv": [ 1.5, 3.25, 2, 3.75 ], "texture": "#morph_armor" }
    }
},
{
    "from": [ 19, 16, 4 ],
    "to": [ 21, 17, 6 ],
    "faces": {
        "down":  { "uv": [ 0.5, 2.5, 0, 3 ], "texture": "#morph_armor" },
        "up":    { "uv": [ 0, 2.5, 0.5, 3 ], "texture": "#morph_armor" },
        "north": { "uv": [ 0, 2.5, 0.25, 3 ], "rotation": 90, "texture": "#morph_armor" },
        "south": { "uv": [ 0.25, 3, 0.5, 2.5 ], "rotation": 90, "texture": "#morph_armor" },
        "west":  { "uv": [ 0, 2.5, 0.5, 2.75 ], "texture": "#morph_armor" },
        "east":  { "uv": [ 0.5, 2.75, 0, 3 ], "texture": "#morph_armor" }
    }
},
{
    "from": [ 19, 16, 10 ],
    "to": [ 21, 17, 12 ],
    "faces": {
        "down":  { "uv": [ 1.25, 2.5, 0.75, 3 ], "texture": "#morph_armor" },
        "up":    { "uv": [ 0.75, 2.5, 1.25, 3 ], "rotation": 270, "texture": "#morph_armor" },
        "north": { "uv": [ 0.75, 2.5, 1, 3 ], "rotation": 90, "texture": "#morph_armor" },
        "south": { "uv": [ 1, 3, 1.25, 2.5 ], "rotation": 90, "texture": "#morph_armor" },
        "west":  { "uv": [ 1.25, 2.5, 0.75, 2.75 ], "texture": "#morph_armor" },
        "east":  { "uv": [ 0.75, 2.75, 1.25, 3 ], "texture": "#morph_armor" }
    }
},
{
    "from": [ 17.5, 13, 2.5 ],
    "to": [ 22.5, 13.5, 7.5 ],
    "faces": {
        "down":  { "uv": [ 0, 3.25, 1.25, 4.5 ], "rotation": 270, "texture": "#morph_armor" },
        "up":    { "uv": [ 0, 3.25, 1.25, 4.5 ], "texture": "#morph_armor" },
        "north": { "uv": [ 1.25, 3.25, 0, 3.5 ], "texture": "#morph_armor" },
        "south": { "uv": [ 0, 4.25, 1.25, 4.5 ], "texture": "#morph_armor" },
        "west":  { "uv": [ 0, 4.5, 0.25, 3.25 ], "rotation": 90, "texture": "#morph_armor" },
        "east":  { "uv": [ 1, 3.25, 1.25, 4.5 ], "rotation": 90, "texture": "#morph_armor" }
    }
},
{
    "from": [ 17.5, 5.5, 2.5 ],
    "to": [ 22.5, 6, 7.5 ],
    "faces": {
        "down":  { "uv": [ 0, 3.25, 1.25, 4.5 ], "rotation": 270, "texture": "#morph_armor" },
        "up":    { "uv": [ 0, 3.25, 1.25, 4.5 ], "texture": "#morph_armor" },
        "north": { "uv": [ 1.25, 3.25, 0, 3.5 ], "texture": "#morph_armor" },
        "south": { "uv": [ 0, 4.25, 1.25, 4.5 ], "texture": "#morph_armor" },
        "west":  { "uv": [ 0, 4.5, 0.25, 3.25 ], "rotation": 90, "texture": "#morph_armor" },
        "east":  { "uv": [ 1, 3.25, 1.25, 4.5 ], "rotation": 90, "texture": "#morph_armor" }
    }
},
{
    "from": [ 17.5, 13, 8.5 ],
    "to": [ 22.5, 13.5, 13.5 ],
    "faces": {
        "down":  { "uv": [ 0, 3.25, 1.25, 4.5 ], "rotation": 270, "texture": "#morph_armor" },
        "up":    { "uv": [ 0, 3.25, 1.25, 4.5 ], "texture": "#morph_armor" },
        "north": { "uv": [ 1.25, 3.25, 0, 3.5 ], "texture": "#morph_armor" },
        "south": { "uv": [ 0, 4.25, 1.25, 4.5 ], "texture": "#morph_armor" },
        "west":  { "uv": [ 0, 4.5, 0.25, 3.25 ], "rotation": 90, "texture": "#morph_armor" },
        "east":  { "uv": [ 1, 3.25, 1.25, 4.5 ], "rotation": 90, "texture": "#morph_armor" }
    }
},
{
    "from": [ 17.5, 5.5, 8.5 ],
    "to": [ 22.5, 6, 13.5 ],
    "faces": {
        "down":  { "uv": [ 0, 3.25, 1.25, 4.5 ], "rotation": 270, "texture": "#morph_armor" },
        "up":    { "uv": [ 0, 3.25, 1.25, 4.5 ], "texture": "#morph_armor" },
        "north": { "uv": [ 1.25, 3.25, 0, 3.5 ], "texture": "#morph_armor" },
        "south": { "uv": [ 0, 4.25, 1.25, 4.5 ], "texture": "#morph_armor" },
        "west":  { "uv": [ 0, 4.5, 0.25, 3.25 ], "rotation": 90, "texture": "#morph_armor" },
        "east":  { "uv": [ 1, 3.25, 1.25, 4.5 ], "rotation": 90, "texture": "#morph_armor" }
    }
},
{
    "from": [ 19, 6.5, 7 ],
    "to": [ 20, 8.5, 9 ],
    "faces": {
        "down":  { "uv": [ 1.5, 3.5, 2, 3.75 ], "rotation": 90, "texture": "#morph_armor" },
        "up":    { "uv": [ 1.5, 3.25, 2, 3.5 ], "rotation": 90, "texture": "#morph_armor" },
        "north": { "uv": [ 1.5, 3.25, 1.75, 3.75 ], "texture": "#morph_armor" },
        "south": { "uv": [ 1.75, 3.25, 2, 3.75 ], "texture": "#morph_armor" },
        "west":  { "uv": [ 1.5, 3.25, 2, 3.75 ], "texture": "#morph_armor" },
        "east":  { "uv": [ 1.5, 3.25, 2, 3.75 ], "texture": "#morph_armor" }
    }
},
{
    "from": [ 22, 4, 4 ],
    "to": [ 23, 11, 6 ],
    "faces": {
        "down":  { "uv": [ 0, 6.25, 0.5, 6.5 ], "rotation": 90, "texture": "#morph_armor" },
        "up":    { "uv": [ 0, 4.75, 0.5, 5 ], "rotation": 270, "texture": "#morph_armor" },
        "north": { "uv": [ 0.25, 4.75, 0.5, 6.5 ], "texture": "#morph_armor" },
        "south": { "uv": [ 0, 4.75, 0.25, 6.5 ], "texture": "#morph_armor" },
        "west":  { "uv": [ 0, 4.75, 0.5, 6.5 ], "texture": "#morph_armor" },
        "east":  { "uv": [ 0, 4.75, 0.5, 6.5 ], "texture": "#morph_armor" }
    }
},
{
    "from": [ 22, 4, 10 ],
    "to": [ 23, 11, 12 ],
    "faces": {
        "down":  { "uv": [ 0, 6.25, 0.5, 6.5 ], "rotation": 90, "texture": "#morph_armor" },
        "up":    { "uv": [ 0, 4.75, 0.5, 5 ], "rotation": 270, "texture": "#morph_armor" },
        "north": { "uv": [ 0.25, 4.75, 0.5, 6.5 ], "texture": "#morph_armor" },
        "south": { "uv": [ 0, 4.75, 0.25, 6.5 ], "texture": "#morph_armor" },
        "west":  { "uv": [ 0, 4.75, 0.5, 6.5 ], "texture": "#morph_armor" },
        "east":  { "uv": [ 0, 4.75, 0.5, 6.5 ], "texture": "#morph_armor" }
    }
},
{
    "__comment": "Morph_Hand*",
    "from": [ 2.5, 0.923169, 15 ],
    "to": [ 12.5, 2.92317, 17 ],
    "rotation": { "origin": [ 2.5, 2.92317, 15 ], "axis": "z", "angle": 22.5 },
    "faces": {
        "down":  { "uv": [ 0, 2, 0.5, 4.5 ], "rotation": 90, "texture": "#texture" },
        "up":    { "uv": [ 0, 2, 0.5, 4.5 ], "rotation": 270, "texture": "#texture" },
        "north": { "uv": [ 9.5, 2, 10, 4.5 ], "rotation": 90, "texture": "#texture" },
        "south": { "uv": [ 0.5, 2, 1, 4.5 ], "rotation": 90, "texture": "#texture" },
        "west":  { "uv": [ 0, 2, 0.5, 2.5 ], "texture": "#texture" },
        "east":  { "uv": [ 0, 2, 0.5, 2.5 ], "texture": "#texture" }
    }
},
{
    "from": [ 11.5, -6, 3.5 ],
    "to": [ 16.5, -4, 12.5 ],
    "faces": {
        "down":  { "uv": [ 0, 7.5, 2.25, 8.75 ], "rotation": 90, "texture": "#morph_armor" },
        "up":    { "uv": [ 2.5, 7.5, 4.75, 8.75 ], "rotation": 90, "texture": "#morph_armor" },
        "north": { "uv": [ 2.25, 6.75, 3.5, 7.25 ], "texture": "#morph_armor" },
        "south": { "uv": [ 2.25, 6.75, 3.5, 7.25 ], "texture": "#morph_armor" },
        "west":  { "uv": [ 0, 6.75, 2.25, 7.25 ], "texture": "#morph_armor" },
        "east":  { "uv": [ 0, 6.75, 2.25, 7.25 ], "texture": "#morph_armor" }
    }
}
],
"display": {
    "thirdperson_righthand": {
        "rotation": [ 0, 0, 0 ],
        "translation": [ -4.54, 4.72, -1.7 ],
        "scale": [ 0.5, 0.5, 0.5 ]
    },
    "thirdperson_lefthand": {
        "rotation": [ 0, 180, 0 ],
        "translation": [ -4.54, 3.21, -1.7 ],
        "scale": [ 0.5, 0.5, 0.5 ]
    },
    "head": {
        "rotation": [ 0, -90, 0 ],
        "translation": [ 0, -8.13, -10.6 ],
        "scale": [ 1.75, 1.75, 1.75 ]
    },
    "ground": {
        "rotation": [ 0, 0, 0 ],
        "translation": [ 0, 6.61, 0 ],
        "scale": [ 0.5, 0.5, 0.5 ]
    },
    "fixed": {
        "rotation": [ 0, -90, 0 ],
        "translation": [ 0, 0, -3.78 ],
        "scale": [ 0.5, 0.5, 0.5 ]
    },
    "firstperson_righthand": {
        "rotation": [ 0, 0, 0 ],
        "translation": [ 0, 4.72, 0 ],
        "scale": [ 1, 1, 1 ]
    },
    "firstperson_lefthand": {
        "rotation": [ 0, -152, 0 ],
        "translation": [ 0, 4.72, 0 ],
        "scale": [ 1, 1, 1 ]
    },
    "gui": {
        "rotation": [ 45, 135, 0 ],
        "translation": [ 0, 0, 0 ],
        "scale": [ 0.5, 0.5, 0.5 ]
    }
}
}