{
"__comment": "Designed by MasterianoX",
"textures": {
    "particle": "entity/demon/demon",
    "texture": "entity/demon/demon"
},
"elements": [ 
{
    "from": [ 4, 0, 4 ],
    "to": [ 12, 8, 12 ],
    "faces": {
        "down":  { "uv": [ 4, 0, 6, 2 ], "texture": "#texture" },
        "up":    { "uv": [ 4, 2, 2, 0 ], "texture": "#texture" },
        "north": { "uv": [ 2, 2, 4, 4 ], "texture": "#texture" },
        "south": { "uv": [ 6, 2, 8, 4 ], "texture": "#texture" },
        "west":  { "uv": [ 4, 2, 6, 4 ], "texture": "#texture" },
        "east":  { "uv": [ 0, 2, 2, 4 ], "texture": "#texture" }
    }
},
{
    "from": [ 6, -1, 4 ],
    "to": [ 10, 2, 6 ],
    "rotation": { "origin": [ 6, 2, 4 ], "axis": "x", "angle": 22.5 },
    "faces": {
        "down":  { "uv": [ 2.5, 3.75, 3.5, 4 ], "texture": "#texture" },
        "up":    { "uv": [ 2.5, 3.25, 3.5, 3.5 ], "texture": "#texture" },
        "north": { "uv": [ 3.5, 3.25, 2.5, 4 ], "texture": "#texture" },
        "south": { "uv": [ 2.5, 3.25, 3.5, 4 ], "texture": "#texture" },
        "west":  { "uv": [ 2.5, 3.25, 2.75, 4 ], "texture": "#texture" },
        "east":  { "uv": [ 3.25, 3.25, 3.5, 4 ], "texture": "#texture" }
    }
},
{
    "from": [ 10, 5.5, 6 ],
    "to": [ 15, 7.5, 8 ],
    "rotation": { "origin": [ 10, 7.5, 6 ], "axis": "z", "angle": 22.5 },
    "faces": {
        "down":  { "uv": [ 8, 0, 9.25, 0.5 ], "texture": "#texture" },
        "up":    { "uv": [ 8, 0, 9.25, 0.5 ], "texture": "#texture" },
        "north": { "uv": [ 9.25, 0, 8, 0.5 ], "texture": "#texture" },
        "south": { "uv": [ 8, 0.5, 9.25, 0 ], "texture": "#texture" },
        "west":  { "uv": [ 8, 0, 8.25, 0.5 ], "texture": "#texture" },
        "east":  { "uv": [ 8.75, 0, 9, 0.5 ], "texture": "#texture" }
    }
},
{
    "from": [ 14, 7.25, 6.25 ],
    "to": [ 18, 8.75, 7.75 ],
    "rotation": { "origin": [ 14, 8.75, 6.25 ], "axis": "z", "angle": 45 },
    "faces": {
        "down":  { "uv": [ 8, 0.75, 9, 1 ], "texture": "#texture" },
        "up":    { "uv": [ 8, 0.75, 9, 1 ], "texture": "#texture" },
        "north": { "uv": [ 9, 0.75, 8, 1 ], "texture": "#texture" },
        "south": { "uv": [ 8, 0.75, 9, 1 ], "texture": "#texture" },
        "west":  { "uv": [ 8.75, 0.75, 9, 1 ], "texture": "#texture" },
        "east":  { "uv": [ 8, 0.75, 8.25, 1 ], "texture": "#texture" }
    }
},
{
    "from": [ 18, 10.75, 6.5 ],
    "to": [ 19, 13.75, 7.5 ],
    "rotation": { "origin": [ 18, 13.75, 6.5 ], "axis": "z", "angle": -22.5 },
    "faces": {
        "down":  { "uv": [ 8, 1.75, 8.25, 2 ], "texture": "#texture" },
        "up":    { "uv": [ 8, 1.25, 8.25, 1.5 ], "texture": "#texture" },
        "north": { "uv": [ 8, 1.25, 8.25, 2 ], "texture": "#texture" },
        "south": { "uv": [ 8, 1.25, 8.25, 2 ], "texture": "#texture" },
        "west":  { "uv": [ 8, 1.25, 8.25, 2 ], "texture": "#texture" },
        "east":  { "uv": [ 8, 1.25, 8.25, 2 ], "texture": "#texture" }
    }
},
{
    "from": [ 18.25, 13.25, 6.75 ],
    "to": [ 18.75, 15.25, 7.25 ],
    "faces": {
        "down":  { "uv": [ 8, 0, 8.25, 0.25 ], "texture": "#texture" },
        "up":    { "uv": [ 8, 0, 8.25, 0.25 ], "texture": "#texture" },
        "north": { "uv": [ 8, 0, 8.25, 0.25 ], "texture": "#texture" },
        "south": { "uv": [ 8, 0, 8.25, 0.25 ], "texture": "#texture" },
        "west":  { "uv": [ 8, 0, 8.25, 0.25 ], "texture": "#texture" },
        "east":  { "uv": [ 8, 0, 8.25, 0.25 ], "texture": "#texture" }
    }
},
{
    "from": [ 6, 2, 3 ],
    "to": [ 10, 4, 4 ],
    "faces": {
        "down":  { "uv": [ 2.5, 3.25, 3.5, 3.5 ], "texture": "#texture" },
        "up":    { "uv": [ 2.5, 3, 3.5, 3.25 ], "texture": "#texture" },
        "north": { "uv": [ 2.5, 3, 3.5, 3.5 ], "texture": "#texture" },
        "south": { "uv": [ 2.5, 3, 3.5, 3.5 ], "texture": "#texture" },
        "west":  { "uv": [ 2.5, 3, 2.75, 3.5 ], "texture": "#texture" },
        "east":  { "uv": [ 3.25, 3, 3.5, 3.5 ], "texture": "#texture" }
    }
},
{
    "from": [ 5, -2, 3 ],
    "to": [ 6, 2, 4 ],
    "faces": {
        "down":  { "uv": [ 8.25, 3, 8.5, 3.25 ], "texture": "#texture" },
        "up":    { "uv": [ 8.25, 2.25, 8.5, 2.5 ], "texture": "#texture" },
        "north": { "uv": [ 8.25, 2.25, 8.5, 3.25 ], "texture": "#texture" },
        "south": { "uv": [ 8.25, 2.25, 8.5, 3.25 ], "texture": "#texture" },
        "west":  { "uv": [ 8.25, 2.25, 8.5, 3.25 ], "texture": "#texture" },
        "east":  { "uv": [ 8.25, 2.25, 8.5, 3.25 ], "texture": "#texture" }
    }
},
{
    "from": [ 10, -2, 3 ],
    "to": [ 11, 2, 4 ],
    "faces": {
        "down":  { "uv": [ 8.75, 3, 9, 3.25 ], "texture": "#texture" },
        "up":    { "uv": [ 8.75, 2.25, 9, 2.5 ], "texture": "#texture" },
        "north": { "uv": [ 8.75, 2.25, 9, 3.25 ], "texture": "#texture" },
        "south": { "uv": [ 8.75, 2.25, 9, 3.25 ], "texture": "#texture" },
        "west":  { "uv": [ 8.75, 2.25, 9, 3.25 ], "texture": "#texture" },
        "east":  { "uv": [ 8.75, 2.25, 9, 3.25 ], "texture": "#texture" }
    }
},
{
    "from": [ 6.5, -0.25, 3 ],
    "to": [ 7.5, 1.75, 4 ],
    "rotation": { "origin": [ 6.5, 1.75, 3 ], "axis": "x", "angle": -22.5 },
    "faces": {
        "down":  { "uv": [ 8.25, 3, 8.5, 3.25 ], "texture": "#texture" },
        "up":    { "uv": [ 8.25, 3, 8.5, 3.25 ], "texture": "#texture" },
        "north": { "uv": [ 8.25, 3, 8.5, 3.25 ], "texture": "#texture" },
        "south": { "uv": [ 8.25, 3, 8.5, 3.25 ], "texture": "#texture" },
        "west":  { "uv": [ 8.25, 3, 8.5, 3.25 ], "texture": "#texture" },
        "east":  { "uv": [ 8.25, 3, 8.5, 3.25 ], "texture": "#texture" }
    }
},
{
    "from": [ 8.5, -0.25, 3 ],
    "to": [ 9.5, 1.75, 4 ],
    "rotation": { "origin": [ 8.5, 1.75, 3 ], "axis": "x", "angle": -22.5 },
    "faces": {
        "down":  { "uv": [ 8.25, 2.25, 8.5, 2.5 ], "texture": "#texture" },
        "up":    { "uv": [ 8.25, 2.25, 8.5, 2.5 ], "texture": "#texture" },
        "north": { "uv": [ 8.25, 2.25, 8.5, 2.5 ], "texture": "#texture" },
        "south": { "uv": [ 8.25, 2.25, 8.5, 2.5 ], "texture": "#texture" },
        "west":  { "uv": [ 8.25, 2.25, 8.5, 2.5 ], "texture": "#texture" },
        "east":  { "uv": [ 8.25, 2.25, 8.5, 2.5 ], "texture": "#texture" }
    }
},
{
    "from": [ 1.5, 7.5, 6 ],
    "to": [ 6.5, 9.5, 8 ],
    "rotation": { "origin": [ 1.5, 9.5, 6 ], "axis": "z", "angle": -22.5 },
    "faces": {
        "down":  { "uv": [ 8, 0, 9.25, 0.5 ], "texture": "#texture" },
        "up":    { "uv": [ 8, 0, 9.25, 0.5 ], "texture": "#texture" },
        "north": { "uv": [ 9.25, 0, 8, 0.5 ], "texture": "#texture" },
        "south": { "uv": [ 8, 0.5, 9.25, 0 ], "texture": "#texture" },
        "west":  { "uv": [ 8, 0, 8.25, 0.5 ], "texture": "#texture" },
        "east":  { "uv": [ 8.75, 0, 9, 0.5 ], "texture": "#texture" }
    }
},
{
    "from": [ -1, 10.25, 6.25 ],
    "to": [ 3, 11.75, 7.75 ],
    "rotation": { "origin": [ -1, 11.75, 6.25 ], "axis": "z", "angle": -45 },
    "faces": {
        "down":  { "uv": [ 8, 0.75, 9, 1 ], "texture": "#texture" },
        "up":    { "uv": [ 8, 0.75, 9, 1 ], "texture": "#texture" },
        "north": { "uv": [ 9, 0.75, 8, 1 ], "texture": "#texture" },
        "south": { "uv": [ 8, 0.75, 9, 1 ], "texture": "#texture" },
        "west":  { "uv": [ 8.75, 0.75, 9, 1 ], "texture": "#texture" },
        "east":  { "uv": [ 8, 0.75, 8.25, 1 ], "texture": "#texture" }
    }
},
{
    "from": [ -3, 10.5, 6.5 ],
    "to": [ -2, 13.5, 7.5 ],
    "rotation": { "origin": [ -3, 13.5, 6.5 ], "axis": "z", "angle": 22.5 },
    "faces": {
        "down":  { "uv": [ 8, 1.75, 8.25, 2 ], "texture": "#texture" },
        "up":    { "uv": [ 8, 1.25, 8.25, 1.5 ], "texture": "#texture" },
        "north": { "uv": [ 8, 1.25, 8.25, 2 ], "texture": "#texture" },
        "south": { "uv": [ 8, 1.25, 8.25, 2 ], "texture": "#texture" },
        "west":  { "uv": [ 8, 1.25, 8.25, 2 ], "texture": "#texture" },
        "east":  { "uv": [ 8, 1.25, 8.25, 2 ], "texture": "#texture" }
    }
},
{
    "from": [ -2.75, 13.5, 6.75 ],
    "to": [ -2.25, 15.5, 7.25 ],
    "faces": {
        "down":  { "uv": [ 8, 0, 8.25, 0.25 ], "texture": "#texture" },
        "up":    { "uv": [ 8, 0, 8.25, 0.25 ], "texture": "#texture" },
        "north": { "uv": [ 8, 0, 8.25, 0.25 ], "texture": "#texture" },
        "south": { "uv": [ 8, 0, 8.25, 0.25 ], "texture": "#texture" },
        "west":  { "uv": [ 8, 0, 8.25, 0.25 ], "texture": "#texture" },
        "east":  { "uv": [ 8, 0, 8.25, 0.25 ], "texture": "#texture" }
    }
}
],
"display": {
    "thirdperson_righthand": {
        "rotation": [ 10, -45, -35 ],
        "translation": [ 0, 1.5, -2.75 ],
        "scale": [ 0.37, 0.37, 0.37 ]
    },
    "thirdperson_lefthand": {
        "rotation": [ 10, -45, -35 ],
        "translation": [ 0, 1.5, -2.75 ],
        "scale": [ 0.37, 0.37, 0.37 ]
    },
    "head": {
        "rotation": [ 0, 0, 0 ],
        "translation": [ 0, 3.78, 0 ],
        "scale": [ 1.75, 1.75, 1.75 ]
    },
    "ground": {
        "rotation": [ 0, 0, 0 ],
        "translation": [ 0, 3.59, 0 ],
        "scale": [ 0.5, 0.5, 0.5 ]
    },
    "fixed": {
        "rotation": [ 0, 0, 0 ],
        "translation": [ 0, 2.08, 0 ],
        "scale": [ 0.5, 0.5, 0.5 ]
    },
    "firstperson_righthand": {
        "rotation": [ 0, 115, 0 ],
        "translation": [ 0, 4.72, 0 ],
        "scale": [ 0.5, 0.5, 0.5 ]
    },
    "firstperson_lefthand": {
        "rotation": [ 0, 115, 0 ],
        "translation": [ 0, 4.72, 0 ],
        "scale": [ 0.5, 0.5, 0.5 ]
    },
    "gui": {
        "rotation": [ 45, -135, 0 ],
        "translation": [ -0.38, 0.94, 0 ],
        "scale": [ 0.5, 0.5, 0.5 ]
    }
}
}