{
"__comment": "Designed by MasterianoX",
"textures": {
    "particle": "entity/zombie_pigman",
    "texture": "entity/zombie_pigman"
},
"elements": [ 
{
    "from": [ 4, 0, 4 ],
    "to": [ 12, 8, 12 ],
    "faces": {
        "down":  { "uv": [ 12, 0, 14, 2 ], "texture": "#texture" },
        "up":    { "uv": [ 10, 0, 12, 2 ], "texture": "#texture" },
        "north": { "uv": [ 14, 2, 16, 4 ], "texture": "#texture" },
        "south": { "uv": [ 10, 2, 12, 4 ], "texture": "#texture" },
        "west":  { "uv": [ 8, 2, 10, 4 ], "texture": "#texture" },
        "east":  { "uv": [ 12, 2, 14, 4 ], "texture": "#texture" }
    }
},
{
    "from": [ 6, 2.75, 11.625 ],
    "to": [ 10, 4.25, 15.625 ],
    "rotation": { "origin": [ 6, 4.25, 11.625 ], "axis": "x", "angle": 22.5 },
    "faces": {
        "down":  { "uv": [ 14, 4, 15, 5 ], "texture": "#texture" },
        "up":    { "uv": [ 14, 4, 15, 5 ], "texture": "#texture" },
        "north": { "uv": [ 14, 8, 14.5, 9 ], "rotation": 90, "texture": "#texture" },
        "south": { "uv": [ 15, 4.25, 16, 4.75 ], "rotation": 180, "texture": "#texture" },
        "west":  { "uv": [ 14.125, 8, 14.375, 9 ], "rotation": 90, "texture": "#texture" },
        "east":  { "uv": [ 14, 8, 14.5, 9 ], "rotation": 90, "texture": "#texture" }
    }
},
{
    "from": [ 7, 4, 12 ],
    "to": [ 9, 5, 15 ],
    "rotation": { "origin": [ 7, 5, 12 ], "axis": "x", "angle": 22.5 },
    "faces": {
        "down":  { "uv": [ 15.25, 4, 15.75, 4.75 ], "texture": "#texture" },
        "up":    { "uv": [ 15.25, 4, 15.75, 4.75 ], "texture": "#texture" },
        "north": { "uv": [ 15.25, 4, 15.75, 4.25 ], "texture": "#texture" },
        "south": { "uv": [ 15.25, 4.5, 15.75, 4.75 ], "texture": "#texture" },
        "west":  { "uv": [ 15.75, 4.75, 16, 4 ], "rotation": 90, "texture": "#texture" },
        "east":  { "uv": [ 15, 4, 15.25, 4.75 ], "rotation": 90, "texture": "#texture" }
    }
},
{
    "from": [ 6.5, 1.5, 12 ],
    "to": [ 9.5, 2, 14 ],
    "faces": {
        "down":  { "uv": [ 14, 4.5, 15, 5 ], "texture": "#texture" },
        "up":    { "uv": [ 14, 4.5, 15, 5 ], "texture": "#texture" },
        "north": { "uv": [ 15, 4.75, 14, 5 ], "rotation": 180, "texture": "#texture" },
        "south": { "uv": [ 14, 4.75, 15, 5 ], "rotation": 180, "texture": "#texture" },
        "west":  { "uv": [ 14, 4.5, 14.25, 5 ], "rotation": 90, "texture": "#texture" },
        "east":  { "uv": [ 14, 4.5, 14.25, 5 ], "rotation": 90, "texture": "#texture" }
    }
},
{
    "from": [ 7, 0.625, 14 ],
    "to": [ 7.5, 2, 14.5 ],
    "faces": {
        "down":  { "uv": [ 15.25, 4.75, 15.5, 5 ], "texture": "#texture" },
        "up":    { "uv": [ 15.25, 4.75, 15.5, 5 ], "texture": "#texture" },
        "north": { "uv": [ 15.25, 4.75, 15.5, 5 ], "texture": "#texture" },
        "south": { "uv": [ 15.25, 4.75, 15.5, 5 ], "texture": "#texture" },
        "west":  { "uv": [ 15.25, 4.75, 15.5, 5 ], "texture": "#texture" },
        "east":  { "uv": [ 15.25, 4.75, 15.5, 5 ], "texture": "#texture" }
    }
},
{
    "from": [ 8.5, 0.625, 14 ],
    "to": [ 9, 2, 14.5 ],
    "faces": {
        "down":  { "uv": [ 15, 5.25, 15.25, 5.5 ], "texture": "#texture" },
        "up":    { "uv": [ 15, 5.25, 15.25, 5.5 ], "texture": "#texture" },
        "north": { "uv": [ 15, 5.25, 15.25, 5.5 ], "texture": "#texture" },
        "south": { "uv": [ 15, 5.25, 15.25, 5.5 ], "texture": "#texture" },
        "west":  { "uv": [ 15, 5.25, 15.25, 5.5 ], "texture": "#texture" },
        "east":  { "uv": [ 15, 5.25, 15.25, 5.5 ], "texture": "#texture" }
    }
},
{
    "from": [ 5, 7.5, 12 ],
    "to": [ 7.5, 8, 12.5 ],
    "rotation": { "origin": [ 5, 8, 12 ], "axis": "z", "angle": -22.5 },
    "faces": {
        "down":  { "uv": [ 8.75, 0, 9.5, 0.25 ], "texture": "#texture" },
        "up":    { "uv": [ 8.75, 0, 9.5, 0.25 ], "texture": "#texture" },
        "north": { "uv": [ 8.75, 0, 9.5, 0.25 ], "texture": "#texture" },
        "south": { "uv": [ 8.75, 0, 9.5, 0.25 ], "texture": "#texture" },
        "west":  { "uv": [ 8.75, 0, 9, 0.25 ], "texture": "#texture" },
        "east":  { "uv": [ 9, 0, 9.25, 0.25 ], "texture": "#texture" }
    }
},
{
    "from": [ 8.6875, 6.375, 12 ],
    "to": [ 11.1875, 6.875, 12.5 ],
    "rotation": { "origin": [ 8.6875, 6.875, 12 ], "axis": "z", "angle": 22.5 },
    "faces": {
        "down":  { "uv": [ 8, 0, 9, 0.25 ], "texture": "#texture" },
        "up":    { "uv": [ 8, 0, 9, 0.25 ], "texture": "#texture" },
        "north": { "uv": [ 8, 0, 9, 0.25 ], "texture": "#texture" },
        "south": { "uv": [ 8, 0, 9, 0.25 ], "texture": "#texture" },
        "west":  { "uv": [ 8, 0, 8.25, 0.25 ], "texture": "#texture" },
        "east":  { "uv": [ 8.75, 0, 9, 0.25 ], "texture": "#texture" }
    }
},
{
    "from": [ 5, 6.75, 9 ],
    "to": [ 6.5, 9.75, 10.5 ],
    "rotation": { "origin": [ 5, 9.75, 9 ], "axis": "x", "angle": -22.5 },
    "faces": {
        "down":  { "uv": [ 15, 5.25, 15.25, 5.5 ], "texture": "#texture" },
        "up":    { "uv": [ 15, 4.75, 15.25, 5 ], "texture": "#texture" },
        "north": { "uv": [ 15, 4.75, 15.25, 5.375 ], "texture": "#texture" },
        "south": { "uv": [ 15, 4.75, 15.25, 5.375 ], "texture": "#texture" },
        "west":  { "uv": [ 15, 4.75, 15.25, 5.375 ], "texture": "#texture" },
        "east":  { "uv": [ 15, 4.75, 15.25, 5.375 ], "texture": "#texture" }
    }
},
{
    "from": [ 5.25, 9.5, 10.25 ],
    "to": [ 6.25, 12.5, 11.25 ],
    "rotation": { "origin": [ 5.25, 12.5, 10.25 ], "axis": "x", "angle": 22.5 },
    "faces": {
        "down":  { "uv": [ 15.25, 5.25, 15.5, 5.5 ], "texture": "#texture" },
        "up":    { "uv": [ 15.25, 4.75, 15.5, 5 ], "texture": "#texture" },
        "north": { "uv": [ 15.25, 4.75, 15.5, 5.5 ], "texture": "#texture" },
        "south": { "uv": [ 15.25, 4.75, 15.5, 5.5 ], "texture": "#texture" },
        "west":  { "uv": [ 15.25, 4.75, 15.5, 5.5 ], "texture": "#texture" },
        "east":  { "uv": [ 15.25, 4.75, 15.5, 5.5 ], "texture": "#texture" }
    }
},
{
    "from": [ 3.5, 0.5, 10.5 ],
    "to": [ 5.5, 2.5, 12.5 ],
    "faces": {
        "down":  { "uv": [ 8, 0.25, 8.5, 0.75 ], "texture": "#texture" },
        "up":    { "uv": [ 8, 0.25, 8.5, 0.75 ], "texture": "#texture" },
        "north": { "uv": [ 9, 0.25, 9.5, 0.75 ], "texture": "#texture" },
        "south": { "uv": [ 8, 0.25, 8.5, 0.75 ], "texture": "#texture" },
        "west":  { "uv": [ 8.5, 0.25, 9, 0.75 ], "texture": "#texture" },
        "east":  { "uv": [ 9.5, 0.25, 10, 0.75 ], "texture": "#texture" }
    }
},
{
    "from": [ 10.5, 0.5, 10.5 ],
    "to": [ 12.5, 2.5, 12.5 ],
    "faces": {
        "down":  { "uv": [ 8.5, 0.25, 9, 0.75 ], "texture": "#texture" },
        "up":    { "uv": [ 8.5, 0.25, 9, 0.75 ], "texture": "#texture" },
        "north": { "uv": [ 9.5, 0.25, 10, 0.75 ], "texture": "#texture" },
        "south": { "uv": [ 8.5, 0.25, 9, 0.75 ], "texture": "#texture" },
        "west":  { "uv": [ 9, 0.25, 9.5, 0.75 ], "texture": "#texture" },
        "east":  { "uv": [ 8, 0.25, 8.5, 0.75 ], "texture": "#texture" }
    }
},
{
    "from": [ 0.75, 6.25, 3.5 ],
    "to": [ 0.8125, 11.25, 7.5 ],
    "rotation": { "origin": [ 0.75, 11.25, 3.5 ], "axis": "z", "angle": 45 },
    "faces": {
        "west":  { "uv": [ 1, 8, 0, 9.25 ], "texture": "#texture" },
        "east":  { "uv": [ 0, 8, 1, 9.25 ], "texture": "#texture" }
    }
},
{
    "from": [ 0, 11, 2.5 ],
    "to": [ 0.0625, 13, 4.5 ],
    "rotation": { "origin": [ 0, 13, 2.5 ], "axis": "z", "angle": 22.5 },
    "faces": {
        "west":  { "uv": [ 1.75, 8, 1.25, 8.5 ], "texture": "#texture" },
        "east":  { "uv": [ 1.25, 8, 1.75, 8.5 ], "texture": "#texture" }
    }
},
{
    "from": [ -0.25, 12.75, 2 ],
    "to": [ -0.1875, 13.75, 3 ],
    "rotation": { "origin": [ -0.25, 13.75, 2 ], "axis": "z", "angle": 22.5 },
    "faces": {
        "west":  { "uv": [ 1.25, 8.25, 1.5, 8.5 ], "texture": "#texture" },
        "east":  { "uv": [ 1.25, 8.25, 1.5, 8.5 ], "texture": "#texture" }
    }
},
{
    "from": [ 15.25, 6.25, 3.5 ],
    "to": [ 15.3125, 11.25, 7.5 ],
    "rotation": { "origin": [ 15.25, 11.25, 3.5 ], "axis": "z", "angle": -45 },
    "faces": {
        "west":  { "uv": [ 1, 8, 0, 9.25 ], "texture": "#texture" },
        "east":  { "uv": [ 0, 8, 1, 9.25 ], "texture": "#texture" }
    }
},
{
    "from": [ 16, 11, 2.5 ],
    "to": [ 16.0625, 13, 4.5 ],
    "rotation": { "origin": [ 16, 13, 2.5 ], "axis": "z", "angle": -22.5 },
    "faces": {
        "west":  { "uv": [ 1.75, 8, 1.25, 8.5 ], "texture": "#texture" },
        "east":  { "uv": [ 1.25, 8, 1.75, 8.5 ], "texture": "#texture" }
    }
},
{
    "from": [ 16.25, 12.75, 2 ],
    "to": [ 16.3125, 13.75, 3 ],
    "rotation": { "origin": [ 16.25, 13.75, 2 ], "axis": "z", "angle": -22.5 },
    "faces": {
        "west":  { "uv": [ 1.25, 8.25, 1.5, 8.5 ], "texture": "#texture" },
        "east":  { "uv": [ 1.25, 8.25, 1.5, 8.5 ], "texture": "#texture" }
    }
},
{
    "from": [ 5.5, 11.875, 10.375 ],
    "to": [ 6, 12.375, 12.375 ],
    "rotation": { "origin": [ 5.5, 12.375, 10.375 ], "axis": "x", "angle": -22.5 },
    "faces": {
        "down":  { "uv": [ 15, 5, 15.25, 5.5 ], "texture": "#texture" },
        "up":    { "uv": [ 15, 5.5, 15.25, 5 ], "texture": "#texture" },
        "north": { "uv": [ 15, 5.25, 15.25, 5.5 ], "texture": "#texture" },
        "south": { "uv": [ 15, 5, 15.25, 5.25 ], "texture": "#texture" },
        "west":  { "uv": [ 15, 5, 15.25, 5.5 ], "rotation": 90, "texture": "#texture" },
        "east":  { "uv": [ 15, 5.5, 15.25, 5 ], "rotation": 90, "texture": "#texture" }
    }
},
{
    "from": [ 9.5, 6.75, 9 ],
    "to": [ 11, 9.75, 10.5 ],
    "rotation": { "origin": [ 9.5, 9.75, 9 ], "axis": "x", "angle": -22.5 },
    "faces": {
        "down":  { "uv": [ 15, 5.25, 15.25, 5.5 ], "texture": "#texture" },
        "up":    { "uv": [ 15, 4.75, 15.25, 5 ], "texture": "#texture" },
        "north": { "uv": [ 15, 4.75, 15.25, 5.375 ], "texture": "#texture" },
        "south": { "uv": [ 15, 4.75, 15.25, 5.375 ], "texture": "#texture" },
        "west":  { "uv": [ 15, 4.75, 15.25, 5.375 ], "texture": "#texture" },
        "east":  { "uv": [ 15, 4.75, 15.25, 5.375 ], "texture": "#texture" }
    }
},
{
    "from": [ 9.75, 9.5, 10.25 ],
    "to": [ 10.75, 12.5, 11.25 ],
    "rotation": { "origin": [ 9.75, 12.5, 10.25 ], "axis": "x", "angle": 22.5 },
    "faces": {
        "down":  { "uv": [ 15.25, 5.25, 15.5, 5.5 ], "texture": "#texture" },
        "up":    { "uv": [ 15.25, 4.75, 15.5, 5 ], "texture": "#texture" },
        "north": { "uv": [ 15.25, 4.75, 15.5, 5.5 ], "texture": "#texture" },
        "south": { "uv": [ 15.25, 4.75, 15.5, 5.5 ], "texture": "#texture" },
        "west":  { "uv": [ 15.25, 4.75, 15.5, 5.5 ], "texture": "#texture" },
        "east":  { "uv": [ 15.25, 4.75, 15.5, 5.5 ], "texture": "#texture" }
    }
},
{
    "from": [ 10, 11.875, 10.375 ],
    "to": [ 10.5, 12.375, 12.375 ],
    "rotation": { "origin": [ 10, 12.375, 10.375 ], "axis": "x", "angle": -22.5 },
    "faces": {
        "down":  { "uv": [ 15, 5, 15.25, 5.5 ], "texture": "#texture" },
        "up":    { "uv": [ 15, 5.5, 15.25, 5 ], "texture": "#texture" },
        "north": { "uv": [ 15, 5.25, 15.25, 5.5 ], "texture": "#texture" },
        "south": { "uv": [ 15, 5, 15.25, 5.25 ], "texture": "#texture" },
        "west":  { "uv": [ 15, 5, 15.25, 5.5 ], "rotation": 90, "texture": "#texture" },
        "east":  { "uv": [ 15, 5.5, 15.25, 5 ], "rotation": 90, "texture": "#texture" }
    }
}
],
"display": {
    "thirdperson_righthand": {
        "rotation": [ 10, -45, -31 ],
        "translation": [ 0, 3.02, -0.19 ],
        "scale": [ 0.37, 0.37, 0.37 ]
    },
    "thirdperson_lefthand": {
        "rotation": [ 10, -45, -31 ],
        "translation": [ 0, 3.02, -0.19 ],
        "scale": [ 0.37, 0.37, 0.37 ]
    },
    "head": {
        "rotation": [ 0, 180, 0 ],
        "translation": [ 0, 7.94, -0.38 ],
        "scale": [ 1.85, 1.85, 1.85 ]
    },
    "ground": {
        "rotation": [ 0, 0, 0 ],
        "translation": [ 0, 3.78, 0 ],
        "scale": [ 0.35, 0.35, 0.35 ]
    },
    "fixed": {
        "rotation": [ 0, 180, 0 ],
        "translation": [ 0, 2.65, -2.27 ],
        "scale": [ 1, 1, 1 ]
    },
    "firstperson_righthand": {
        "rotation": [ 0, -71, 0 ],
        "translation": [ 0, 3.78, 0.94 ],
        "scale": [ 0.5, 0.5, 0.5 ]
    },
    "firstperson_lefthand": {
        "rotation": [ 0, -71, 0 ],
        "translation": [ 0, 3.78, 0.94 ],
        "scale": [ 0.5, 0.5, 0.5 ]
    },
    "gui": {
        "rotation": [ 45, 45, 0 ],
        "translation": [ 0, 0.76, 0 ],
        "scale": [ 0.5, 0.5, 0.5 ]
    }
}
}